"website_id","session_id","event_id","url_path","event_name","data_key","string_value","number_value","date_value","data_type","created_at","job_id"
"2828c034-f1fe-4f26-9807-8cfe87875bd7","d8f62857-c18f-5b26-a9dd-8e1ecc14df1e","f1f27bc1-ed24-4cee-8068-0d22aec46bf1","/","photo_click","file","quandry-04.jpg","\N","\N","1","2026-05-15 03:32:54","\N"
"2828c034-f1fe-4f26-9807-8cfe87875bd7","d8f62857-c18f-5b26-a9dd-8e1ecc14df1e","f1f27bc1-ed24-4cee-8068-0d22aec46bf1","/","photo_click","theme","art","\N","\N","1","2026-05-15 03:32:54","\N"
"2828c034-f1fe-4f26-9807-8cfe87875bd7","d8f62857-c18f-5b26-a9dd-8e1ecc14df1e","361375b3-6771-4668-80b4-fcd11f1a9347","/","photo_click","file","quandry-10.jpg","\N","\N","1","2026-05-15 03:32:58","\N"
"2828c034-f1fe-4f26-9807-8cfe87875bd7","d8f62857-c18f-5b26-a9dd-8e1ecc14df1e","361375b3-6771-4668-80b4-fcd11f1a9347","/","photo_click","theme","art","\N","\N","1","2026-05-15 03:32:58","\N"
"2828c034-f1fe-4f26-9807-8cfe87875bd7","d8f62857-c18f-5b26-a9dd-8e1ecc14df1e","8bc08844-76b9-4562-812c-b0f487dced89","/","photo_click","file","quandry-09.jpg","\N","\N","1","2026-05-15 03:32:57","\N"
"2828c034-f1fe-4f26-9807-8cfe87875bd7","d8f62857-c18f-5b26-a9dd-8e1ecc14df1e","8bc08844-76b9-4562-812c-b0f487dced89","/","photo_click","theme","art","\N","\N","1","2026-05-15 03:32:57","\N"
"2828c034-f1fe-4f26-9807-8cfe87875bd7","001db18c-e0d9-5ded-9aac-ccbd9eaf9d2a","0c6c824a-e18d-4952-8157-a75a5545e94a","/","theme_change","theme","space","\N","\N","1","2026-05-07 19:41:52","\N"
"2828c034-f1fe-4f26-9807-8cfe87875bd7","1706889f-f43b-571b-9222-fbcc4f46810a","64842121-0037-42b6-816c-2c5bdfd13c41","/","music_player_open","shuffled","false","\N","\N","3","2026-05-07 02:09:33","\N"
"2828c034-f1fe-4f26-9807-8cfe87875bd7","1706889f-f43b-571b-9222-fbcc4f46810a","64842121-0037-42b6-816c-2c5bdfd13c41","/","music_player_open","track","Candy","\N","\N","1","2026-05-07 02:09:33","\N"
"2828c034-f1fe-4f26-9807-8cfe87875bd7","f0b578ab-1cbe-5948-8b65-03ae672853b7","d7c83af3-38a1-4c86-8268-f10675c0d9c8","/","outbound_link_click","href","https://stats.fm/marjork","\N","\N","1","2026-05-16 03:40:50","\N"
"2828c034-f1fe-4f26-9807-8cfe87875bd7","f0b578ab-1cbe-5948-8b65-03ae672853b7","d7c83af3-38a1-4c86-8268-f10675c0d9c8","/","outbound_link_click","label","statsfm is-unlocked is-clickable","\N","\N","1","2026-05-16 03:40:50","\N"
"2828c034-f1fe-4f26-9807-8cfe87875bd7","d8f62857-c18f-5b26-a9dd-8e1ecc14df1e","79b1b67d-4c66-445f-827f-6061f9482793","/","kiss_button_click","message","☀️ solnyshko ☀️","\N","\N","1","2026-05-15 03:33:43","\N"
"2828c034-f1fe-4f26-9807-8cfe87875bd7","cd45d594-8528-563e-b389-b1c601fd70f0","f16b5d5c-0d10-4485-828e-d62bfe7e993a","/","outbound_link_click","href","https://kritiquekapital.com","\N","\N","1","2026-05-01 14:41:46","\N"
"2828c034-f1fe-4f26-9807-8cfe87875bd7","cd45d594-8528-563e-b389-b1c601fd70f0","f16b5d5c-0d10-4485-828e-d62bfe7e993a","/","outbound_link_click","label","substack-button","\N","\N","1","2026-05-01 14:41:46","\N"
"2828c034-f1fe-4f26-9807-8cfe87875bd7","109f67d3-aa3b-5d63-8bc1-5a8eee958d5f","ad2fe591-6b5d-4743-82cc-b11c32e7188f","/","outbound_link_click","href","https://kritiquekapital.com","\N","\N","1","2026-05-09 06:21:42","\N"
"2828c034-f1fe-4f26-9807-8cfe87875bd7","109f67d3-aa3b-5d63-8bc1-5a8eee958d5f","ad2fe591-6b5d-4743-82cc-b11c32e7188f","/","outbound_link_click","label","substack-button","\N","\N","1","2026-05-09 06:21:42","\N"
"2828c034-f1fe-4f26-9807-8cfe87875bd7","3cb2058a-f191-5a00-87f5-0c294de34264","11f5a156-025c-4114-82db-4e80077c6f72","/","spotify_goal_open","device","desktop","\N","\N","1","2026-05-12 17:32:22","\N"
"2828c034-f1fe-4f26-9807-8cfe87875bd7","1706889f-f43b-571b-9222-fbcc4f46810a","9250800f-cf7c-448f-82fa-4382d0fadbfe","/","theme_change","theme","art","\N","\N","1","2026-05-07 02:09:14","\N"
"2828c034-f1fe-4f26-9807-8cfe87875bd7","96a37c35-a23b-56c7-9623-33ccc87dc9f7","a543f1b7-3e9f-4613-842f-82ff5f28472e","/","minesweeper_open","difficulty","easy","\N","\N","1","2026-05-14 14:30:56","\N"
"2828c034-f1fe-4f26-9807-8cfe87875bd7","d8f62857-c18f-5b26-a9dd-8e1ecc14df1e","12672f1d-6845-48b1-844d-dc24021cd5ae","/","photo_click","file","DUDEHELLOCAMERON.jpg","\N","\N","1","2026-05-15 03:32:50","\N"
"2828c034-f1fe-4f26-9807-8cfe87875bd7","d8f62857-c18f-5b26-a9dd-8e1ecc14df1e","12672f1d-6845-48b1-844d-dc24021cd5ae","/","photo_click","theme","art","\N","\N","1","2026-05-15 03:32:50","\N"
"2828c034-f1fe-4f26-9807-8cfe87875bd7","d8f62857-c18f-5b26-a9dd-8e1ecc14df1e","2bf28a78-3cb9-444b-849b-397dd80eada0","/","photo_click","file","quandry-05.jpg","\N","\N","1","2026-05-15 03:32:54","\N"
"2828c034-f1fe-4f26-9807-8cfe87875bd7","d8f62857-c18f-5b26-a9dd-8e1ecc14df1e","2bf28a78-3cb9-444b-849b-397dd80eada0","/","photo_click","theme","art","\N","\N","1","2026-05-15 03:32:54","\N"
"2828c034-f1fe-4f26-9807-8cfe87875bd7","d8f62857-c18f-5b26-a9dd-8e1ecc14df1e","616a3c13-20eb-4422-8515-2355db050ea7","/","spotify_goal_scored","device","desktop","\N","\N","1","2026-05-15 03:33:39","\N"
"2828c034-f1fe-4f26-9807-8cfe87875bd7","d8f62857-c18f-5b26-a9dd-8e1ecc14df1e","616a3c13-20eb-4422-8515-2355db050ea7","/","spotify_goal_scored","theme","normal","\N","\N","1","2026-05-15 03:33:39","\N"
"2828c034-f1fe-4f26-9807-8cfe87875bd7","d8f62857-c18f-5b26-a9dd-8e1ecc14df1e","46863c14-f2c7-426d-857b-99e8627cd9cb","/","photo_click","file","quandry-01.jpg","\N","\N","1","2026-05-15 03:32:51","\N"
"2828c034-f1fe-4f26-9807-8cfe87875bd7","d8f62857-c18f-5b26-a9dd-8e1ecc14df1e","46863c14-f2c7-426d-857b-99e8627cd9cb","/","photo_click","theme","art","\N","\N","1","2026-05-15 03:32:51","\N"
"2828c034-f1fe-4f26-9807-8cfe87875bd7","2f9ae546-c469-52f7-8775-023faab1f6e1","5d0acf7f-b673-4fb2-86dc-86558aae945f","/","theme_change","theme","art","\N","\N","1","2026-05-11 15:16:12","\N"
"2828c034-f1fe-4f26-9807-8cfe87875bd7","109f67d3-aa3b-5d63-8bc1-5a8eee958d5f","d7a1c0f4-9732-4a4a-8716-cb035bb125ff","/","kiss_button_sink","strokes","1.0000","1","\N","2","2026-05-09 06:21:38","\N"
"2828c034-f1fe-4f26-9807-8cfe87875bd7","cd45d594-8528-563e-b389-b1c601fd70f0","cd8b622c-0d8b-4274-8891-871874864cf3","/","kiss_button_sink","strokes","1.0000","1","\N","2","2026-05-01 14:41:45","\N"
"2828c034-f1fe-4f26-9807-8cfe87875bd7","d8f62857-c18f-5b26-a9dd-8e1ecc14df1e","5ad614c6-98be-4109-88d6-6c8f60c4a426","/","theme_change","theme","retro","\N","\N","1","2026-05-15 03:31:59","\N"
"2828c034-f1fe-4f26-9807-8cfe87875bd7","2f9ae546-c469-52f7-8775-023faab1f6e1","71479bef-3637-406e-89df-8f08538b3cab","/","spotify_goal_open","device","mobile","\N","\N","1","2026-05-11 15:16:14","\N"
"2828c034-f1fe-4f26-9807-8cfe87875bd7","1706889f-f43b-571b-9222-fbcc4f46810a","7d1a7d2a-35d8-48ec-8a82-2517032da9ad","/","outbound_link_click","href","javascript:void(0);","\N","\N","1","2026-05-07 02:09:33","\N"
"2828c034-f1fe-4f26-9807-8cfe87875bd7","1706889f-f43b-571b-9222-fbcc4f46810a","7d1a7d2a-35d8-48ec-8a82-2517032da9ad","/","outbound_link_click","label","vinyl-link","\N","\N","1","2026-05-07 02:09:33","\N"
"2828c034-f1fe-4f26-9807-8cfe87875bd7","d8f62857-c18f-5b26-a9dd-8e1ecc14df1e","420b31af-b8c5-4f70-8b4c-dbda00265eab","/","kiss_button_click","message","красивая!","\N","\N","1","2026-05-15 03:33:53","\N"
"2828c034-f1fe-4f26-9807-8cfe87875bd7","109f67d3-aa3b-5d63-8bc1-5a8eee958d5f","239251e3-2776-445f-8c9e-2be9d5ceea44","/","kiss_button_sink","strokes","1.0000","1","\N","2","2026-05-09 06:21:33","\N"
"2828c034-f1fe-4f26-9807-8cfe87875bd7","109f67d3-aa3b-5d63-8bc1-5a8eee958d5f","8f9b435a-45fe-46c7-8cf1-4f039e8f3448","/","spotify_goal_scored","device","mobile","\N","\N","1","2026-05-09 06:22:09","\N"
"2828c034-f1fe-4f26-9807-8cfe87875bd7","109f67d3-aa3b-5d63-8bc1-5a8eee958d5f","8f9b435a-45fe-46c7-8cf1-4f039e8f3448","/","spotify_goal_scored","theme","glitch","\N","\N","1","2026-05-09 06:22:09","\N"
"2828c034-f1fe-4f26-9807-8cfe87875bd7","43c759b2-2b13-5e18-bda8-a4184ef20ae7","00d0d1fe-b164-46f5-8d1b-7f37509bb3ab","/","kiss_button_click","message","Horse Balls!","\N","\N","1","2026-05-10 04:55:51","\N"
"2828c034-f1fe-4f26-9807-8cfe87875bd7","1706889f-f43b-571b-9222-fbcc4f46810a","764053e3-6b54-4b68-8d8d-bc671f612886","/","kiss_button_sink","strokes","5.0000","5","\N","2","2026-05-07 02:09:41","\N"
"2828c034-f1fe-4f26-9807-8cfe87875bd7","96a37c35-a23b-56c7-9623-33ccc87dc9f7","06a192b0-b77f-4ece-8e20-35554b2200f3","/","spotify_goal_open","device","mobile","\N","\N","1","2026-05-14 14:30:58","\N"
"2828c034-f1fe-4f26-9807-8cfe87875bd7","96a37c35-a23b-56c7-9623-33ccc87dc9f7","5be1fe1f-ea7c-40e0-9118-f633c9e31406","/","outbound_link_click","href","https://kritiquekapital.com","\N","\N","1","2026-05-14 14:31:02","\N"
"2828c034-f1fe-4f26-9807-8cfe87875bd7","96a37c35-a23b-56c7-9623-33ccc87dc9f7","5be1fe1f-ea7c-40e0-9118-f633c9e31406","/","outbound_link_click","label","substack-button","\N","\N","1","2026-05-14 14:31:02","\N"
"2828c034-f1fe-4f26-9807-8cfe87875bd7","96a37c35-a23b-56c7-9623-33ccc87dc9f7","ec67d409-f874-4143-91cb-6c42db35bdfd","/","photo_click","file","quandry-02.jpg","\N","\N","1","2026-05-14 14:30:48","\N"
"2828c034-f1fe-4f26-9807-8cfe87875bd7","96a37c35-a23b-56c7-9623-33ccc87dc9f7","ec67d409-f874-4143-91cb-6c42db35bdfd","/","photo_click","theme","art","\N","\N","1","2026-05-14 14:30:48","\N"
"2828c034-f1fe-4f26-9807-8cfe87875bd7","109f67d3-aa3b-5d63-8bc1-5a8eee958d5f","c588ee91-3187-48e4-938a-de116ca2843f","/","kiss_button_click","message","красивая!","\N","\N","1","2026-05-09 06:21:35","\N"
"2828c034-f1fe-4f26-9807-8cfe87875bd7","c553204e-2897-5a66-b954-c8f69beca4b7","227f73d1-3448-4272-93d9-dd44fc1a7d3f","/","theme_change","theme","retro","\N","\N","1","2026-05-06 05:16:40","\N"
"2828c034-f1fe-4f26-9807-8cfe87875bd7","109f67d3-aa3b-5d63-8bc1-5a8eee958d5f","c6d15ddc-198e-49b9-9450-bc372ba12d52","/","outbound_link_click","href","https://x.com/cameron_glhf","\N","\N","1","2026-05-09 06:21:55","\N"
"2828c034-f1fe-4f26-9807-8cfe87875bd7","109f67d3-aa3b-5d63-8bc1-5a8eee958d5f","c6d15ddc-198e-49b9-9450-bc372ba12d52","/","outbound_link_click","label","twitter","\N","\N","1","2026-05-09 06:21:55","\N"
"2828c034-f1fe-4f26-9807-8cfe87875bd7","d8f62857-c18f-5b26-a9dd-8e1ecc14df1e","417dbcff-8d72-4cfd-9477-fb4cff4a269f","/","photo_click","file","quandry-01.jpg","\N","\N","1","2026-05-15 03:33:00","\N"
"2828c034-f1fe-4f26-9807-8cfe87875bd7","d8f62857-c18f-5b26-a9dd-8e1ecc14df1e","417dbcff-8d72-4cfd-9477-fb4cff4a269f","/","photo_click","theme","art","\N","\N","1","2026-05-15 03:33:00","\N"
"2828c034-f1fe-4f26-9807-8cfe87875bd7","43c759b2-2b13-5e18-bda8-a4184ef20ae7","55fa20e2-cbed-4c7c-94ac-d232b0b5f153","/","outbound_link_click","href","https://kritiquekapital.com","\N","\N","1","2026-05-10 04:56:02","\N"
"2828c034-f1fe-4f26-9807-8cfe87875bd7","43c759b2-2b13-5e18-bda8-a4184ef20ae7","55fa20e2-cbed-4c7c-94ac-d232b0b5f153","/","outbound_link_click","label","substack-button","\N","\N","1","2026-05-10 04:56:02","\N"
"2828c034-f1fe-4f26-9807-8cfe87875bd7","d50a8bc7-9e7f-5e6c-a7d7-03e2c08b7b7b","ac94bad7-85e9-4d46-9584-8f8244e79029","/","theme_change","theme","glitch","\N","\N","1","2026-05-10 19:37:14","\N"
"2828c034-f1fe-4f26-9807-8cfe87875bd7","3cb2058a-f191-5a00-87f5-0c294de34264","48441378-5ccc-4198-95ba-48791ee2b541","/","spotify_goal_scored","device","desktop","\N","\N","1","2026-05-12 17:32:22","\N"
"2828c034-f1fe-4f26-9807-8cfe87875bd7","3cb2058a-f191-5a00-87f5-0c294de34264","48441378-5ccc-4198-95ba-48791ee2b541","/","spotify_goal_scored","theme","retro","\N","\N","1","2026-05-12 17:32:22","\N"
"2828c034-f1fe-4f26-9807-8cfe87875bd7","2f9ae546-c469-52f7-8775-023faab1f6e1","c3861532-eae3-45a8-961f-1fb6df2ec783","/","outbound_link_click","href","https://open.spotify.com/user/31m6yxbmqxjd6zq3eg6kk3aefuae","\N","\N","1","2026-05-11 15:16:14","\N"
"2828c034-f1fe-4f26-9807-8cfe87875bd7","2f9ae546-c469-52f7-8775-023faab1f6e1","c3861532-eae3-45a8-961f-1fb6df2ec783","/","outbound_link_click","label","spotify free fleeing","\N","\N","1","2026-05-11 15:16:14","\N"
"2828c034-f1fe-4f26-9807-8cfe87875bd7","d8f62857-c18f-5b26-a9dd-8e1ecc14df1e","f4f50467-95f7-4b70-9636-15dd43e9730e","/","kiss_button_click","message","я тебя люблю!","\N","\N","1","2026-05-15 03:33:42","\N"
"2828c034-f1fe-4f26-9807-8cfe87875bd7","1706889f-f43b-571b-9222-fbcc4f46810a","dd7788a4-7094-47a3-963c-b3bef72df897","/","kiss_button_click","message","i love you!","\N","\N","1","2026-05-07 02:09:37","\N"
"2828c034-f1fe-4f26-9807-8cfe87875bd7","d8f62857-c18f-5b26-a9dd-8e1ecc14df1e","7bac5f15-e859-41ac-9659-2a2de9c52150","/","kiss_button_click","message","☀️ solnyshko ☀️","\N","\N","1","2026-05-15 03:33:53","\N"
"2828c034-f1fe-4f26-9807-8cfe87875bd7","d8f62857-c18f-5b26-a9dd-8e1ecc14df1e","dd6041d2-9ad0-41f7-9664-bf77b584a3e9","/","spotify_goal_open","device","desktop","\N","\N","1","2026-05-15 03:33:39","\N"
"2828c034-f1fe-4f26-9807-8cfe87875bd7","d8f62857-c18f-5b26-a9dd-8e1ecc14df1e","40f3493d-4d2e-4e10-9734-4b35afa57511","/","photo_click","file","quandry-07.jpg","\N","\N","1","2026-05-15 03:32:57","\N"
"2828c034-f1fe-4f26-9807-8cfe87875bd7","d8f62857-c18f-5b26-a9dd-8e1ecc14df1e","40f3493d-4d2e-4e10-9734-4b35afa57511","/","photo_click","theme","art","\N","\N","1","2026-05-15 03:32:57","\N"
"2828c034-f1fe-4f26-9807-8cfe87875bd7","2f9ae546-c469-52f7-8775-023faab1f6e1","27b25f62-316f-499f-9833-71cd801aad51","/","theme_change","theme","retro","\N","\N","1","2026-05-11 15:16:09","\N"
"2828c034-f1fe-4f26-9807-8cfe87875bd7","d480105f-0bfd-5dd3-aa8d-687d15c008fe","ccc5647a-2623-491e-99e5-45e66f52b173","/","theme_change","theme","art","\N","\N","1","2026-05-05 05:25:31","\N"
"2828c034-f1fe-4f26-9807-8cfe87875bd7","109f67d3-aa3b-5d63-8bc1-5a8eee958d5f","127dc565-1cc7-414b-9b62-5da35804a4aa","/","theme_change","theme","rain","\N","\N","1","2026-05-09 06:21:40","\N"
"2828c034-f1fe-4f26-9807-8cfe87875bd7","d480105f-0bfd-5dd3-aa8d-687d15c008fe","51bd27d9-1cb6-4db4-9b9d-c783ab8413a1","/","photo_click","file","DUDEHELLOCAMERON.jpg","\N","\N","1","2026-05-05 05:25:32","\N"
"2828c034-f1fe-4f26-9807-8cfe87875bd7","d480105f-0bfd-5dd3-aa8d-687d15c008fe","51bd27d9-1cb6-4db4-9b9d-c783ab8413a1","/","photo_click","theme","art","\N","\N","1","2026-05-05 05:25:32","\N"
"2828c034-f1fe-4f26-9807-8cfe87875bd7","1706889f-f43b-571b-9222-fbcc4f46810a","15e17352-7d7b-4792-9bd8-d14504a401c8","/","outbound_link_click","href","https://x.com/cameron_glhf","\N","\N","1","2026-05-07 02:09:45","\N"
"2828c034-f1fe-4f26-9807-8cfe87875bd7","1706889f-f43b-571b-9222-fbcc4f46810a","15e17352-7d7b-4792-9bd8-d14504a401c8","/","outbound_link_click","label","twitter","\N","\N","1","2026-05-07 02:09:45","\N"
"2828c034-f1fe-4f26-9807-8cfe87875bd7","d8f62857-c18f-5b26-a9dd-8e1ecc14df1e","4014f685-7a88-4ee0-9bec-7a6c4b5e96a3","/","theme_change","theme","rain","\N","\N","1","2026-05-15 03:33:04","\N"
"2828c034-f1fe-4f26-9807-8cfe87875bd7","96a37c35-a23b-56c7-9623-33ccc87dc9f7","b8fe2959-4eb8-4232-9c12-80cfe39cc16f","/","theme_change","theme","art","\N","\N","1","2026-05-14 14:30:16","\N"
"2828c034-f1fe-4f26-9807-8cfe87875bd7","109f67d3-aa3b-5d63-8bc1-5a8eee958d5f","7b49d240-8ed7-472f-9c5c-af92224edeab","/","kiss_button_click","message","i love you!","\N","\N","1","2026-05-09 06:21:32","\N"
"2828c034-f1fe-4f26-9807-8cfe87875bd7","cd45d594-8528-563e-b389-b1c601fd70f0","04bbe853-63e9-4eb1-9cd1-3dd561fda7c6","/","theme_change","theme","art","\N","\N","1","2026-05-01 14:41:44","\N"
"2828c034-f1fe-4f26-9807-8cfe87875bd7","96a37c35-a23b-56c7-9623-33ccc87dc9f7","6103a5e7-7e4f-4495-9cf3-4a5413acbfef","/","photo_click","file","DUDEHELLOCAMERON.jpg","\N","\N","1","2026-05-14 14:30:46","\N"
"2828c034-f1fe-4f26-9807-8cfe87875bd7","96a37c35-a23b-56c7-9623-33ccc87dc9f7","6103a5e7-7e4f-4495-9cf3-4a5413acbfef","/","photo_click","theme","art","\N","\N","1","2026-05-14 14:30:46","\N"
"2828c034-f1fe-4f26-9807-8cfe87875bd7","43c759b2-2b13-5e18-bda8-a4184ef20ae7","3be877ee-d4c0-406d-9d16-45e42035f3cf","/","theme_change","theme","glitch","\N","\N","1","2026-05-10 04:55:48","\N"
"2828c034-f1fe-4f26-9807-8cfe87875bd7","f0b578ab-1cbe-5948-8b65-03ae672853b7","cef7acb2-51b3-4fcd-9ddc-3df2eba127ff","/","spotify_goal_open","device","desktop","\N","\N","1","2026-05-16 03:40:47","\N"
"2828c034-f1fe-4f26-9807-8cfe87875bd7","001db18c-e0d9-5ded-9aac-ccbd9eaf9d2a","6b6d8626-1077-49b0-9fb6-766060505d74","/","theme_change","theme","art","\N","\N","1","2026-05-07 19:41:41","\N"
"2828c034-f1fe-4f26-9807-8cfe87875bd7","d480105f-0bfd-5dd3-aa8d-687d15c008fe","39df6efc-f820-4b58-9fea-2ddcddbf4cb7","/","theme_change","theme","art","\N","\N","1","2026-05-05 05:25:02","\N"
"2828c034-f1fe-4f26-9807-8cfe87875bd7","86af3ba0-1432-57a0-a74d-5b25c070b285","55171241-6513-4fec-a00a-40219d325ae7","/","theme_change","theme","retro","\N","\N","1","2026-04-29 05:45:38","\N"
"2828c034-f1fe-4f26-9807-8cfe87875bd7","1706889f-f43b-571b-9222-fbcc4f46810a","3131ff43-1866-4119-a093-5bdb4585dcc5","/","kiss_button_sink","strokes","1.0000","1","\N","2","2026-05-07 02:09:36","\N"
"2828c034-f1fe-4f26-9807-8cfe87875bd7","d50a8bc7-9e7f-5e6c-a7d7-03e2c08b7b7b","a7c6a898-6314-43f2-a139-fb3db233772d","/","outbound_link_click","href","https://kritiquekapital.com","\N","\N","1","2026-05-10 19:37:21","\N"
"2828c034-f1fe-4f26-9807-8cfe87875bd7","d50a8bc7-9e7f-5e6c-a7d7-03e2c08b7b7b","a7c6a898-6314-43f2-a139-fb3db233772d","/","outbound_link_click","label","substack-button","\N","\N","1","2026-05-10 19:37:21","\N"
"2828c034-f1fe-4f26-9807-8cfe87875bd7","d480105f-0bfd-5dd3-aa8d-687d15c008fe","8390679c-b465-4c1f-a204-79b42a51be64","/","spotify_goal_scored","device","mobile","\N","\N","1","2026-05-05 05:25:37","\N"
"2828c034-f1fe-4f26-9807-8cfe87875bd7","d480105f-0bfd-5dd3-aa8d-687d15c008fe","8390679c-b465-4c1f-a204-79b42a51be64","/","spotify_goal_scored","theme","normal","\N","\N","1","2026-05-05 05:25:37","\N"
"2828c034-f1fe-4f26-9807-8cfe87875bd7","d480105f-0bfd-5dd3-aa8d-687d15c008fe","e9b92559-cba9-42c1-a226-afd582e0b1a8","/","kiss_button_click","message","u get it","\N","\N","1","2026-05-05 05:25:35","\N"
"2828c034-f1fe-4f26-9807-8cfe87875bd7","d8f62857-c18f-5b26-a9dd-8e1ecc14df1e","0121224d-6150-4485-a2d6-128af2587bf1","/","kiss_button_click","message","i love you!","\N","\N","1","2026-05-15 03:33:44","\N"
"2828c034-f1fe-4f26-9807-8cfe87875bd7","cd45d594-8528-563e-b389-b1c601fd70f0","84bbc4f0-0ab2-4860-a344-cd68fef77138","/","theme_change","theme","retro","\N","\N","1","2026-05-01 14:41:43","\N"
"2828c034-f1fe-4f26-9807-8cfe87875bd7","109f67d3-aa3b-5d63-8bc1-5a8eee958d5f","8b416188-1101-4c11-a348-ac21c57b5396","/","kiss_button_click","message","красивая!","\N","\N","1","2026-05-09 06:21:42","\N"
"2828c034-f1fe-4f26-9807-8cfe87875bd7","96a37c35-a23b-56c7-9623-33ccc87dc9f7","df1eaed2-e6f4-4424-a349-322a83a833a5","/","photo_click","file","quandry-01.jpg","\N","\N","1","2026-05-14 14:30:47","\N"
"2828c034-f1fe-4f26-9807-8cfe87875bd7","96a37c35-a23b-56c7-9623-33ccc87dc9f7","df1eaed2-e6f4-4424-a349-322a83a833a5","/","photo_click","theme","art","\N","\N","1","2026-05-14 14:30:47","\N"
"2828c034-f1fe-4f26-9807-8cfe87875bd7","d8f62857-c18f-5b26-a9dd-8e1ecc14df1e","9c732eed-cc8c-45a5-a3bf-af1bee304f77","/","photo_click","file","DUDEHELLOCAMERON.jpg","\N","\N","1","2026-05-15 03:33:00","\N"
"2828c034-f1fe-4f26-9807-8cfe87875bd7","d8f62857-c18f-5b26-a9dd-8e1ecc14df1e","9c732eed-cc8c-45a5-a3bf-af1bee304f77","/","photo_click","theme","art","\N","\N","1","2026-05-15 03:33:00","\N"
"2828c034-f1fe-4f26-9807-8cfe87875bd7","f1eb290a-85a1-52be-a5b6-05843e2a6b68","7c65a26d-19c8-42ff-a3c1-921828a4ea6f","/","theme_change","theme","retro","\N","\N","1","2026-05-11 00:42:04","\N"
"2828c034-f1fe-4f26-9807-8cfe87875bd7","109f67d3-aa3b-5d63-8bc1-5a8eee958d5f","bee4f8c0-f61c-4f79-a45c-874fdc4fa692","/","spotify_goal_open","device","mobile","\N","\N","1","2026-05-09 06:22:09","\N"
"2828c034-f1fe-4f26-9807-8cfe87875bd7","001db18c-e0d9-5ded-9aac-ccbd9eaf9d2a","d9d9b849-1bcb-4770-a530-d3dc38eae702","/","spotify_goal_open","device","mobile","\N","\N","1","2026-05-07 19:42:48","\N"
"2828c034-f1fe-4f26-9807-8cfe87875bd7","d8f62857-c18f-5b26-a9dd-8e1ecc14df1e","0855ff6f-2d06-41dd-a651-c08a9862a540","/","kiss_button_click","message","Horse Balls!","\N","\N","1","2026-05-15 03:33:52","\N"
"2828c034-f1fe-4f26-9807-8cfe87875bd7","d8f62857-c18f-5b26-a9dd-8e1ecc14df1e","62811d13-9f89-4e47-a73e-b1f266a54e0b","/","kiss_button_click","message","я тебя люблю!","\N","\N","1","2026-05-15 03:33:48","\N"
"2828c034-f1fe-4f26-9807-8cfe87875bd7","feb878fe-8b1d-559d-ad95-7a01d979f902","cce72c52-ef7e-4c5e-a761-72c510840aa7","/","theme_change","theme","retro","\N","\N","1","2026-05-15 11:31:46","\N"
"2828c034-f1fe-4f26-9807-8cfe87875bd7","cd45d594-8528-563e-b389-b1c601fd70f0","cc6055e8-7da1-4b51-a77b-905d9527f434","/","kiss_button_click","message","i love you!","\N","\N","1","2026-05-01 14:41:45","\N"
"2828c034-f1fe-4f26-9807-8cfe87875bd7","1706889f-f43b-571b-9222-fbcc4f46810a","6ae0f2e0-2bb4-4b6c-a79f-c5e5525994be","/","kiss_button_click","message","☀️ solnyshko ☀️","\N","\N","1","2026-05-07 02:09:40","\N"
"2828c034-f1fe-4f26-9807-8cfe87875bd7","d8f62857-c18f-5b26-a9dd-8e1ecc14df1e","a63cc59b-0426-4249-a7ec-9010e9a582c7","/","outbound_link_click","href","https://letterboxd.com/marjork/","\N","\N","1","2026-05-15 03:34:33","\N"
"2828c034-f1fe-4f26-9807-8cfe87875bd7","d8f62857-c18f-5b26-a9dd-8e1ecc14df1e","a63cc59b-0426-4249-a7ec-9010e9a582c7","/","outbound_link_click","label","letterboxd","\N","\N","1","2026-05-15 03:34:33","\N"
"2828c034-f1fe-4f26-9807-8cfe87875bd7","d8f62857-c18f-5b26-a9dd-8e1ecc14df1e","cbe5d5ec-a58c-49cb-a7ff-f594b8aeed13","/","photo_click","file","quandry-03.jpg","\N","\N","1","2026-05-15 03:32:53","\N"
"2828c034-f1fe-4f26-9807-8cfe87875bd7","d8f62857-c18f-5b26-a9dd-8e1ecc14df1e","cbe5d5ec-a58c-49cb-a7ff-f594b8aeed13","/","photo_click","theme","art","\N","\N","1","2026-05-15 03:32:53","\N"
"2828c034-f1fe-4f26-9807-8cfe87875bd7","d8f62857-c18f-5b26-a9dd-8e1ecc14df1e","fd5b42d9-483e-4635-a854-c540f5eff46e","/","theme_change","theme","space","\N","\N","1","2026-05-15 03:33:03","\N"
"2828c034-f1fe-4f26-9807-8cfe87875bd7","43c759b2-2b13-5e18-bda8-a4184ef20ae7","cc092f02-d217-4c6a-a984-5eef7094aaa8","/","outbound_link_click","href","https://x.com/cameron_glhf","\N","\N","1","2026-05-10 04:55:56","\N"
"2828c034-f1fe-4f26-9807-8cfe87875bd7","43c759b2-2b13-5e18-bda8-a4184ef20ae7","cc092f02-d217-4c6a-a984-5eef7094aaa8","/","outbound_link_click","label","twitter","\N","\N","1","2026-05-10 04:55:56","\N"
"2828c034-f1fe-4f26-9807-8cfe87875bd7","d50a8bc7-9e7f-5e6c-a7d7-03e2c08b7b7b","69405d38-e038-4ea4-a99f-d72c66845d14","/","outbound_link_click","href","https://x.com/cameron_glhf","\N","\N","1","2026-05-10 19:37:15","\N"
"2828c034-f1fe-4f26-9807-8cfe87875bd7","d50a8bc7-9e7f-5e6c-a7d7-03e2c08b7b7b","69405d38-e038-4ea4-a99f-d72c66845d14","/","outbound_link_click","label","twitter","\N","\N","1","2026-05-10 19:37:15","\N"
"2828c034-f1fe-4f26-9807-8cfe87875bd7","cd45d594-8528-563e-b389-b1c601fd70f0","29af460f-a2d7-4f2a-a9b9-d34014f9b4ef","/","kiss_button_click","message","красивая!","\N","\N","1","2026-05-01 14:41:46","\N"
"2828c034-f1fe-4f26-9807-8cfe87875bd7","d8f62857-c18f-5b26-a9dd-8e1ecc14df1e","e7a9631a-dea0-436d-aa54-0144d1b94cf0","/","theme_change","theme","glitch","\N","\N","1","2026-05-15 03:33:06","\N"
"2828c034-f1fe-4f26-9807-8cfe87875bd7","001db18c-e0d9-5ded-9aac-ccbd9eaf9d2a","c8940dca-0a7b-4412-aa61-71df9a23e75c","/","theme_change","theme","space","\N","\N","1","2026-05-07 19:41:48","\N"
"2828c034-f1fe-4f26-9807-8cfe87875bd7","d8f62857-c18f-5b26-a9dd-8e1ecc14df1e","487e0ba8-0b86-4ebc-aaf9-19700b2e1225","/","kiss_button_click","message","i love you!","\N","\N","1","2026-05-15 03:33:41","\N"
"2828c034-f1fe-4f26-9807-8cfe87875bd7","109f67d3-aa3b-5d63-8bc1-5a8eee958d5f","752d9a41-3d11-45c1-ab27-939baf13fb8e","/","kiss_button_click","message","красивая!","\N","\N","1","2026-05-09 06:21:40","\N"
"2828c034-f1fe-4f26-9807-8cfe87875bd7","1706889f-f43b-571b-9222-fbcc4f46810a","15d60f53-145a-4fc5-ac10-c8be2b36272a","/","theme_change","theme","art","\N","\N","1","2026-05-07 02:09:32","\N"
"2828c034-f1fe-4f26-9807-8cfe87875bd7","d8f62857-c18f-5b26-a9dd-8e1ecc14df1e","83e65018-70a4-43d2-ac38-5fe71d2a4c5a","/","kiss_button_sink","strokes","6.0000","6","\N","2","2026-05-15 03:33:46","\N"
"2828c034-f1fe-4f26-9807-8cfe87875bd7","43c759b2-2b13-5e18-bda8-a4184ef20ae7","c1606d83-bebd-41dc-ac88-0efe53ddd923","/","kiss_button_click","message","i love you!","\N","\N","1","2026-05-10 04:55:50","\N"
"2828c034-f1fe-4f26-9807-8cfe87875bd7","1706889f-f43b-571b-9222-fbcc4f46810a","90c339d2-b5a1-47ac-ae27-e3de8f5c4b98","/","kiss_button_click","message","я тебя люблю!","\N","\N","1","2026-05-07 02:09:38","\N"
"2828c034-f1fe-4f26-9807-8cfe87875bd7","96a37c35-a23b-56c7-9623-33ccc87dc9f7","da646255-d88e-4fc4-ae86-2aeff7be359e","/","theme_change","theme","art","\N","\N","1","2026-05-14 14:30:45","\N"
"2828c034-f1fe-4f26-9807-8cfe87875bd7","3cb2058a-f191-5a00-87f5-0c294de34264","014f2ff5-010c-4a2c-aec5-a4a5be8ab350","/","theme_change","theme","retro","\N","\N","1","2026-05-12 17:32:17","\N"
"2828c034-f1fe-4f26-9807-8cfe87875bd7","d8f62857-c18f-5b26-a9dd-8e1ecc14df1e","88124a73-4444-45d7-af65-e282c6c31d01","/","kiss_button_click","message","красивая!","\N","\N","1","2026-05-15 03:33:43","\N"
"2828c034-f1fe-4f26-9807-8cfe87875bd7","d8f62857-c18f-5b26-a9dd-8e1ecc14df1e","68d5363f-74ad-4801-b0a6-340fe5c85ff1","/","photo_click","file","quandry-08.jpg","\N","\N","1","2026-05-15 03:32:57","\N"
"2828c034-f1fe-4f26-9807-8cfe87875bd7","d8f62857-c18f-5b26-a9dd-8e1ecc14df1e","68d5363f-74ad-4801-b0a6-340fe5c85ff1","/","photo_click","theme","art","\N","\N","1","2026-05-15 03:32:57","\N"
"2828c034-f1fe-4f26-9807-8cfe87875bd7","f0b578ab-1cbe-5948-8b65-03ae672853b7","34f8dd95-2f3a-4c75-b0b9-a839c7803d6f","/","spotify_goal_scored","device","desktop","\N","\N","1","2026-05-16 03:40:47","\N"
"2828c034-f1fe-4f26-9807-8cfe87875bd7","f0b578ab-1cbe-5948-8b65-03ae672853b7","34f8dd95-2f3a-4c75-b0b9-a839c7803d6f","/","spotify_goal_scored","theme","normal","\N","\N","1","2026-05-16 03:40:47","\N"
"2828c034-f1fe-4f26-9807-8cfe87875bd7","d480105f-0bfd-5dd3-aa8d-687d15c008fe","ea6182e9-d8c7-4d80-b0cf-6fa86c72764a","/","kiss_button_click","message","Horse Balls!","\N","\N","1","2026-05-05 05:25:35","\N"
"2828c034-f1fe-4f26-9807-8cfe87875bd7","d8f62857-c18f-5b26-a9dd-8e1ecc14df1e","e77910fe-4309-4fae-b0d3-e546149e5c46","/","kiss_button_sink","strokes","2.0000","2","\N","2","2026-05-15 03:33:50","\N"
"2828c034-f1fe-4f26-9807-8cfe87875bd7","d480105f-0bfd-5dd3-aa8d-687d15c008fe","bad2fc88-3649-4ae2-b0e3-625089c1b3cf","/","theme_change","theme","art","\N","\N","1","2026-05-05 05:25:09","\N"
"2828c034-f1fe-4f26-9807-8cfe87875bd7","2f9ae546-c469-52f7-8775-023faab1f6e1","5e304d98-94d4-4078-b232-f60d8fce6832","/","spotify_goal_scored","device","mobile","\N","\N","1","2026-05-11 15:16:14","\N"
"2828c034-f1fe-4f26-9807-8cfe87875bd7","2f9ae546-c469-52f7-8775-023faab1f6e1","5e304d98-94d4-4078-b232-f60d8fce6832","/","spotify_goal_scored","theme","normal","\N","\N","1","2026-05-11 15:16:14","\N"
"2828c034-f1fe-4f26-9807-8cfe87875bd7","43c759b2-2b13-5e18-bda8-a4184ef20ae7","244d82a8-eb85-4d95-b261-05916a345844","/","photo_click","file","industry.jpg","\N","\N","1","2026-05-10 04:55:52","\N"
"2828c034-f1fe-4f26-9807-8cfe87875bd7","43c759b2-2b13-5e18-bda8-a4184ef20ae7","244d82a8-eb85-4d95-b261-05916a345844","/","photo_click","theme","glitch","\N","\N","1","2026-05-10 04:55:52","\N"
"2828c034-f1fe-4f26-9807-8cfe87875bd7","001db18c-e0d9-5ded-9aac-ccbd9eaf9d2a","b1003ccc-292d-43f8-b278-c489c2ee7dda","/","spotify_goal_scored","device","mobile","\N","\N","1","2026-05-07 19:42:48","\N"
"2828c034-f1fe-4f26-9807-8cfe87875bd7","001db18c-e0d9-5ded-9aac-ccbd9eaf9d2a","b1003ccc-292d-43f8-b278-c489c2ee7dda","/","spotify_goal_scored","theme","space","\N","\N","1","2026-05-07 19:42:48","\N"
"2828c034-f1fe-4f26-9807-8cfe87875bd7","d480105f-0bfd-5dd3-aa8d-687d15c008fe","207b3452-6124-4f59-b2a1-cacc4c341290","/","kiss_button_click","message","i love you!","\N","\N","1","2026-05-05 05:25:34","\N"
"2828c034-f1fe-4f26-9807-8cfe87875bd7","d480105f-0bfd-5dd3-aa8d-687d15c008fe","29a44b50-1af2-4b4d-b2d7-d0711f9b9e8b","/","outbound_link_click","href","https://kritiquekapital.com","\N","\N","1","2026-05-05 05:25:02","\N"
"2828c034-f1fe-4f26-9807-8cfe87875bd7","d480105f-0bfd-5dd3-aa8d-687d15c008fe","29a44b50-1af2-4b4d-b2d7-d0711f9b9e8b","/","outbound_link_click","label","substack-button","\N","\N","1","2026-05-05 05:25:02","\N"
"2828c034-f1fe-4f26-9807-8cfe87875bd7","d8f62857-c18f-5b26-a9dd-8e1ecc14df1e","1af922a6-8da2-47a1-b2fa-7f1a6f1afa98","/","photo_click","file","quandry-06.jpg","\N","\N","1","2026-05-15 03:32:57","\N"
"2828c034-f1fe-4f26-9807-8cfe87875bd7","d8f62857-c18f-5b26-a9dd-8e1ecc14df1e","1af922a6-8da2-47a1-b2fa-7f1a6f1afa98","/","photo_click","theme","art","\N","\N","1","2026-05-15 03:32:57","\N"
"2828c034-f1fe-4f26-9807-8cfe87875bd7","d50a8bc7-9e7f-5e6c-a7d7-03e2c08b7b7b","0a3e963f-af1b-43d4-b325-97cf0872e297","/","outbound_link_click","href","https://open.spotify.com/user/31m6yxbmqxjd6zq3eg6kk3aefuae","\N","\N","1","2026-05-10 19:37:30","\N"
"2828c034-f1fe-4f26-9807-8cfe87875bd7","d50a8bc7-9e7f-5e6c-a7d7-03e2c08b7b7b","0a3e963f-af1b-43d4-b325-97cf0872e297","/","outbound_link_click","label","spotify free fleeing","\N","\N","1","2026-05-10 19:37:30","\N"
"2828c034-f1fe-4f26-9807-8cfe87875bd7","1706889f-f43b-571b-9222-fbcc4f46810a","42d9e207-505a-4d1e-b36e-efc0fad320b7","/","outbound_link_click","href","https://kritiquekapital.com","\N","\N","1","2026-05-07 02:09:15","\N"
"2828c034-f1fe-4f26-9807-8cfe87875bd7","1706889f-f43b-571b-9222-fbcc4f46810a","42d9e207-505a-4d1e-b36e-efc0fad320b7","/","outbound_link_click","label","substack-button","\N","\N","1","2026-05-07 02:09:15","\N"
"2828c034-f1fe-4f26-9807-8cfe87875bd7","d8f62857-c18f-5b26-a9dd-8e1ecc14df1e","75c61cc0-ba38-434a-b430-747428e46e7f","/","theme_change","theme","art","\N","\N","1","2026-05-15 03:33:08","\N"
"2828c034-f1fe-4f26-9807-8cfe87875bd7","1706889f-f43b-571b-9222-fbcc4f46810a","b1868cae-5e7d-49ce-b59c-535f1dd45828","/","kiss_button_click","message","☀️ solnyshko ☀️","\N","\N","1","2026-05-07 02:09:36","\N"
"2828c034-f1fe-4f26-9807-8cfe87875bd7","001db18c-e0d9-5ded-9aac-ccbd9eaf9d2a","f26ee604-c2f4-492f-b61a-9dcb11e51365","/","outbound_link_click","href","https://open.spotify.com/user/31m6yxbmqxjd6zq3eg6kk3aefuae","\N","\N","1","2026-05-07 19:41:53","\N"
"2828c034-f1fe-4f26-9807-8cfe87875bd7","001db18c-e0d9-5ded-9aac-ccbd9eaf9d2a","f26ee604-c2f4-492f-b61a-9dcb11e51365","/","outbound_link_click","label","spotify free fleeing","\N","\N","1","2026-05-07 19:41:53","\N"
"2828c034-f1fe-4f26-9807-8cfe87875bd7","7f682a29-b126-55ce-b913-7b32199eab6c","eefca02d-b333-4060-b62a-c1ff923b060f","/","theme_change","theme","retro","\N","\N","1","2026-04-29 05:42:37","\N"
"2828c034-f1fe-4f26-9807-8cfe87875bd7","109f67d3-aa3b-5d63-8bc1-5a8eee958d5f","82142261-ff1d-4c07-b64c-967a0c3da5bc","/","theme_change","theme","space","\N","\N","1","2026-05-09 06:21:32","\N"
"2828c034-f1fe-4f26-9807-8cfe87875bd7","d8f62857-c18f-5b26-a9dd-8e1ecc14df1e","4c824ccf-39ea-46e1-b666-006011ec1023","/","theme_change","theme","art","\N","\N","1","2026-05-15 03:32:48","\N"
"2828c034-f1fe-4f26-9807-8cfe87875bd7","1706889f-f43b-571b-9222-fbcc4f46810a","3c5b7b08-7827-4c71-b713-25753e92ae69","/","kiss_button_click","message","i love you!","\N","\N","1","2026-05-07 02:09:39","\N"
"2828c034-f1fe-4f26-9807-8cfe87875bd7","f1eb290a-85a1-52be-a5b6-05843e2a6b68","4d7f6154-f98f-4d8c-b714-d3a527f23edb","/","outbound_link_click","href","https://x.com/cameron_glhf","\N","\N","1","2026-05-11 00:42:04","\N"
"2828c034-f1fe-4f26-9807-8cfe87875bd7","f1eb290a-85a1-52be-a5b6-05843e2a6b68","4d7f6154-f98f-4d8c-b714-d3a527f23edb","/","outbound_link_click","label","twitter","\N","\N","1","2026-05-11 00:42:04","\N"
"2828c034-f1fe-4f26-9807-8cfe87875bd7","109f67d3-aa3b-5d63-8bc1-5a8eee958d5f","25f086ec-525f-47ed-b7d5-371c194015af","/","theme_change","theme","glitch","\N","\N","1","2026-05-09 06:22:07","\N"
"2828c034-f1fe-4f26-9807-8cfe87875bd7","d8f62857-c18f-5b26-a9dd-8e1ecc14df1e","ba6340f4-3f55-46e9-b7d7-683910f2653b","/","kiss_button_click","message","u get it","\N","\N","1","2026-05-15 03:33:45","\N"
"2828c034-f1fe-4f26-9807-8cfe87875bd7","d8f62857-c18f-5b26-a9dd-8e1ecc14df1e","fd544f51-f091-43d2-b849-b7fd8eb0634e","/","theme_change","theme","art","\N","\N","1","2026-05-15 04:33:02","\N"
"2828c034-f1fe-4f26-9807-8cfe87875bd7","d8f62857-c18f-5b26-a9dd-8e1ecc14df1e","d0f73677-e534-4b56-b855-a4d64139d753","/","theme_change","theme","retro","\N","\N","1","2026-05-15 03:33:07","\N"
"2828c034-f1fe-4f26-9807-8cfe87875bd7","d480105f-0bfd-5dd3-aa8d-687d15c008fe","866cccf6-2244-4985-b90e-8461dc80fc0f","/","outbound_link_click","href","https://kritiquekapital.com","\N","\N","1","2026-05-05 05:25:11","\N"
"2828c034-f1fe-4f26-9807-8cfe87875bd7","d480105f-0bfd-5dd3-aa8d-687d15c008fe","866cccf6-2244-4985-b90e-8461dc80fc0f","/","outbound_link_click","label","substack-button opened-this-session","\N","\N","1","2026-05-05 05:25:11","\N"
"2828c034-f1fe-4f26-9807-8cfe87875bd7","d50a8bc7-9e7f-5e6c-a7d7-03e2c08b7b7b","91ad158e-7767-4902-b956-5b9fc66026ac","/","theme_change","theme","retro","\N","\N","1","2026-05-10 19:37:29","\N"
"2828c034-f1fe-4f26-9807-8cfe87875bd7","d8f62857-c18f-5b26-a9dd-8e1ecc14df1e","2d27d120-310d-4ab6-b9e9-0e84b4183e18","/","kiss_button_sink","strokes","3.0000","3","\N","2","2026-05-15 03:33:54","\N"
"2828c034-f1fe-4f26-9807-8cfe87875bd7","d480105f-0bfd-5dd3-aa8d-687d15c008fe","79a22fac-6d13-45a9-ba1e-54abcea838c8","/","spotify_goal_open","device","mobile","\N","\N","1","2026-05-05 05:25:37","\N"
"2828c034-f1fe-4f26-9807-8cfe87875bd7","6f1ad99f-f64a-5a61-8e9c-6836dbc5a45b","de92c943-51ea-4f54-ba5d-0cd75749fc74","/","theme_change","theme","retro","\N","\N","1","2026-05-05 01:25:56","\N"
"2828c034-f1fe-4f26-9807-8cfe87875bd7","4642b67a-2ba9-5608-9292-9605839dcb44","90b57248-7244-43ed-ba86-330d755ff7d8","/","theme_change","theme","retro","\N","\N","1","2026-04-29 05:21:49","\N"
"2828c034-f1fe-4f26-9807-8cfe87875bd7","1706889f-f43b-571b-9222-fbcc4f46810a","b5e305a2-25b5-4096-bac4-b25115c0bd68","/","photo_click","file","DUDEHELLOCAMERON.jpg","\N","\N","1","2026-05-07 02:09:41","\N"
"2828c034-f1fe-4f26-9807-8cfe87875bd7","1706889f-f43b-571b-9222-fbcc4f46810a","b5e305a2-25b5-4096-bac4-b25115c0bd68","/","photo_click","theme","art","\N","\N","1","2026-05-07 02:09:41","\N"
"2828c034-f1fe-4f26-9807-8cfe87875bd7","d8f62857-c18f-5b26-a9dd-8e1ecc14df1e","67921f82-22c7-465a-bb08-f9c4850b916b","/","photo_click","file","quandry-02.jpg","\N","\N","1","2026-05-15 03:32:52","\N"
"2828c034-f1fe-4f26-9807-8cfe87875bd7","d8f62857-c18f-5b26-a9dd-8e1ecc14df1e","67921f82-22c7-465a-bb08-f9c4850b916b","/","photo_click","theme","art","\N","\N","1","2026-05-15 03:32:52","\N"
"2828c034-f1fe-4f26-9807-8cfe87875bd7","96a37c35-a23b-56c7-9623-33ccc87dc9f7","476ef1b3-f924-4a5d-bb77-b450c6478f23","/","spotify_goal_scored","device","mobile","\N","\N","1","2026-05-14 14:30:58","\N"
"2828c034-f1fe-4f26-9807-8cfe87875bd7","96a37c35-a23b-56c7-9623-33ccc87dc9f7","476ef1b3-f924-4a5d-bb77-b450c6478f23","/","spotify_goal_scored","theme","normal","\N","\N","1","2026-05-14 14:30:58","\N"
"2828c034-f1fe-4f26-9807-8cfe87875bd7","6ab58ce1-e64b-55a1-91f2-7ae6d9890be4","ba91b82f-3323-47b9-bc14-b07ce9c06c4a","/","theme_change","theme","retro","\N","\N","1","2026-04-29 11:39:36","\N"
"2828c034-f1fe-4f26-9807-8cfe87875bd7","1706889f-f43b-571b-9222-fbcc4f46810a","fb2a07e7-84c3-460f-bcf7-565115f49f9f","/","kiss_button_click","message","u get it","\N","\N","1","2026-05-07 02:09:36","\N"
"2828c034-f1fe-4f26-9807-8cfe87875bd7","d50a8bc7-9e7f-5e6c-a7d7-03e2c08b7b7b","01493f4f-25b3-407e-bd01-4d29f4247dad","/","photo_click","file","industry.jpg","\N","\N","1","2026-05-10 19:37:19","\N"
"2828c034-f1fe-4f26-9807-8cfe87875bd7","d50a8bc7-9e7f-5e6c-a7d7-03e2c08b7b7b","01493f4f-25b3-407e-bd01-4d29f4247dad","/","photo_click","theme","glitch","\N","\N","1","2026-05-10 19:37:19","\N"
"2828c034-f1fe-4f26-9807-8cfe87875bd7","96a37c35-a23b-56c7-9623-33ccc87dc9f7","34db8a36-7614-4528-bdeb-714918459f03","/","outbound_link_click","href","https://x.com/cameron_glhf","\N","\N","1","2026-05-14 14:30:50","\N"
"2828c034-f1fe-4f26-9807-8cfe87875bd7","96a37c35-a23b-56c7-9623-33ccc87dc9f7","34db8a36-7614-4528-bdeb-714918459f03","/","outbound_link_click","label","twitter","\N","\N","1","2026-05-14 14:30:50","\N"
"2828c034-f1fe-4f26-9807-8cfe87875bd7","d8f62857-c18f-5b26-a9dd-8e1ecc14df1e","9af71dc7-a58a-47c8-bee1-5b301a5cf9ff","/","photo_click","file","quandry-02.jpg","\N","\N","1","2026-05-15 03:33:00","\N"
"2828c034-f1fe-4f26-9807-8cfe87875bd7","d8f62857-c18f-5b26-a9dd-8e1ecc14df1e","9af71dc7-a58a-47c8-bee1-5b301a5cf9ff","/","photo_click","theme","art","\N","\N","1","2026-05-15 03:33:00","\N"
"2828c034-f1fe-4f26-9807-8cfe87875bd7","d8f62857-c18f-5b26-a9dd-8e1ecc14df1e","6b5f6622-b17a-4b8a-bf79-d6394e9f41ee","/","kiss_button_click","message","u get it","\N","\N","1","2026-05-15 03:33:50","\N"
"2828c034-f1fe-4f26-9807-8cfe87875bd7","8b623f28-fe75-5c6d-b4e3-16dabd3ff1a2","ea35c712-10f8-479c-8003-371d23e49fae","/","site_loaded","device","mobile","\N","\N","1","2026-03-28 01:38:02","\N"
"2828c034-f1fe-4f26-9807-8cfe87875bd7","8b623f28-fe75-5c6d-b4e3-16dabd3ff1a2","ea35c712-10f8-479c-8003-371d23e49fae","/","site_loaded","theme","retro","\N","\N","1","2026-03-28 01:38:02","\N"
"2828c034-f1fe-4f26-9807-8cfe87875bd7","54b0dbf9-3759-520f-b4d4-a08447c4d3d1","5a98df23-6a97-4b00-802b-e048e54e058f","/","photo_click","file","gheist.jpg","\N","\N","1","2026-03-28 15:30:19","\N"
"2828c034-f1fe-4f26-9807-8cfe87875bd7","54b0dbf9-3759-520f-b4d4-a08447c4d3d1","5a98df23-6a97-4b00-802b-e048e54e058f","/","photo_click","theme","space","\N","\N","1","2026-03-28 15:30:19","\N"
"2828c034-f1fe-4f26-9807-8cfe87875bd7","3fab2bb1-7adf-5e62-80fe-b2627715f361","8fdfd9d4-20f9-4e74-802d-a6e84f3a9afd","/","theme_change","theme","retro","\N","\N","1","2026-04-11 04:32:50","\N"
"2828c034-f1fe-4f26-9807-8cfe87875bd7","90c4cd37-e4f7-5ec1-9135-6609eaba1e00","f44273d3-4c91-490c-804c-c786e3d77f3e","/","photo_click","file","quandry-01.jpg","\N","\N","1","2026-04-22 16:19:37","\N"
"2828c034-f1fe-4f26-9807-8cfe87875bd7","90c4cd37-e4f7-5ec1-9135-6609eaba1e00","f44273d3-4c91-490c-804c-c786e3d77f3e","/","photo_click","theme","art","\N","\N","1","2026-04-22 16:19:37","\N"
"2828c034-f1fe-4f26-9807-8cfe87875bd7","b3cf28a3-b41b-5a41-a660-8fa2c402c33d","37f6270e-7b07-486e-806b-0f0d36d890ee","/","theme_change","theme","art","\N","\N","1","2026-04-01 14:36:28","\N"
"2828c034-f1fe-4f26-9807-8cfe87875bd7","0b297f0b-ac33-5d97-a2af-72fe3c72dd9f","671b7367-6a42-4cef-807d-587ecda5fa89","/","spotify_goal_open","device","mobile","\N","\N","1","2026-04-20 18:39:06","\N"
"2828c034-f1fe-4f26-9807-8cfe87875bd7","e49600f9-686d-5ecb-8605-8ff883585c39","e5b00791-f847-4ddf-80a0-7385d46681ef","/marjork/","photo_click","file","quandry-05.jpg","\N","\N","1","2026-03-25 21:04:22","\N"
"2828c034-f1fe-4f26-9807-8cfe87875bd7","e49600f9-686d-5ecb-8605-8ff883585c39","e5b00791-f847-4ddf-80a0-7385d46681ef","/marjork/","photo_click","theme","retro","\N","\N","1","2026-03-25 21:04:22","\N"
"2828c034-f1fe-4f26-9807-8cfe87875bd7","b3cf28a3-b41b-5a41-a660-8fa2c402c33d","b2649aeb-5897-4cd2-80aa-793c6b689e25","/","kiss_button_click","message","Horse Balls!","\N","\N","1","2026-04-01 14:36:32","\N"
"2828c034-f1fe-4f26-9807-8cfe87875bd7","54b0dbf9-3759-520f-b4d4-a08447c4d3d1","68a66b09-3dd9-42f9-80b9-d6cb83251199","/","theme_change","theme","art","\N","\N","1","2026-03-28 15:29:59","\N"
"2828c034-f1fe-4f26-9807-8cfe87875bd7","b18dae6c-cf08-54e0-9d94-26d680929abc","61a96b08-7c61-4338-80c3-e5b25b049941","/","photo_click","file","roll_03_(31).jpg","\N","\N","1","2026-04-05 06:32:21","\N"
"2828c034-f1fe-4f26-9807-8cfe87875bd7","b18dae6c-cf08-54e0-9d94-26d680929abc","61a96b08-7c61-4338-80c3-e5b25b049941","/","photo_click","theme","retro","\N","\N","1","2026-04-05 06:32:21","\N"
"2828c034-f1fe-4f26-9807-8cfe87875bd7","09612782-2686-5fc3-a1b3-42244a1ab1ae","14ae0dad-c9b0-4500-80d0-4cdfe50a580a","/","photo_click","file","cordes en boyaux.png","\N","\N","1","2026-04-02 17:47:53","\N"
"2828c034-f1fe-4f26-9807-8cfe87875bd7","09612782-2686-5fc3-a1b3-42244a1ab1ae","14ae0dad-c9b0-4500-80d0-4cdfe50a580a","/","photo_click","theme","rain","\N","\N","1","2026-04-02 17:47:53","\N"
"2828c034-f1fe-4f26-9807-8cfe87875bd7","ebb35ab8-4982-5d40-91d0-ee9f83d1355a","32731668-31d9-487c-80d2-9d0ee2c54667","/","photo_click","file","roll_03_(31).jpg","\N","\N","1","2026-04-05 00:32:24","\N"
"2828c034-f1fe-4f26-9807-8cfe87875bd7","ebb35ab8-4982-5d40-91d0-ee9f83d1355a","32731668-31d9-487c-80d2-9d0ee2c54667","/","photo_click","theme","retro","\N","\N","1","2026-04-05 00:32:24","\N"
"2828c034-f1fe-4f26-9807-8cfe87875bd7","6a2761dd-1040-5751-992a-f15dc82ad7e1","a0ad9312-408a-4e83-80e3-e53d9cb36366","/","theme_change","theme","rain","\N","\N","1","2026-03-28 22:57:32","\N"
"2828c034-f1fe-4f26-9807-8cfe87875bd7","9883fd71-1911-5c3f-aa8c-dd7814cff2e1","8f80b391-e59c-493e-80e8-ebdaae98a476","/marjork/","theme_applied","theme","retro","\N","\N","1","2026-03-25 21:02:18","\N"
"2828c034-f1fe-4f26-9807-8cfe87875bd7","85ea8f79-1315-5115-879b-56d993592575","b1ad5bd7-d06d-4b09-80e9-105fd0d9c32a","/marjork/","kiss_button_click","message","я тебя люблю!","\N","\N","1","2026-03-26 14:17:59","\N"
"2828c034-f1fe-4f26-9807-8cfe87875bd7","9883fd71-1911-5c3f-aa8c-dd7814cff2e1","25b9c133-ebdc-4890-80f1-9f5b1d807852","/marjork/","photo_click","file","quandry-03.jpg","\N","\N","1","2026-03-25 21:03:18","\N"
"2828c034-f1fe-4f26-9807-8cfe87875bd7","9883fd71-1911-5c3f-aa8c-dd7814cff2e1","25b9c133-ebdc-4890-80f1-9f5b1d807852","/marjork/","photo_click","theme","retro","\N","\N","1","2026-03-25 21:03:18","\N"
"2828c034-f1fe-4f26-9807-8cfe87875bd7","2d45547f-8b32-5335-80f8-1ca629e2ccbd","6f3dcb64-0640-4a8f-80f3-f76712d45261","/","theme_change","theme","retro","\N","\N","1","2026-04-14 09:07:29","\N"
"2828c034-f1fe-4f26-9807-8cfe87875bd7","e6658a41-28d8-5ab4-b861-3c1dd5f91fbb","64891969-a505-47d2-8103-edc44665b981","/","theme_change","theme","retro","\N","\N","1","2026-04-24 10:09:22","\N"
"2828c034-f1fe-4f26-9807-8cfe87875bd7","54b0dbf9-3759-520f-b4d4-a08447c4d3d1","a365f942-7040-4517-813d-1ee22592069d","/","photo_click","file","gheist.jpg","\N","\N","1","2026-03-28 15:30:27","\N"
"2828c034-f1fe-4f26-9807-8cfe87875bd7","54b0dbf9-3759-520f-b4d4-a08447c4d3d1","a365f942-7040-4517-813d-1ee22592069d","/","photo_click","theme","space","\N","\N","1","2026-03-28 15:30:27","\N"
"2828c034-f1fe-4f26-9807-8cfe87875bd7","c367eed8-83a7-5473-be6b-a04a68b1f85b","59fc00b7-6b97-4de7-814c-78633cd4d0a5","/","kiss_button_click","message","i love you!","\N","\N","1","2026-03-31 03:15:01","\N"
"2828c034-f1fe-4f26-9807-8cfe87875bd7","e49600f9-686d-5ecb-8605-8ff883585c39","01d3ba61-d495-4a6e-814f-c04701ece536","/marjork/","site_loaded","device","mobile","\N","\N","1","2026-03-25 21:03:49","\N"
"2828c034-f1fe-4f26-9807-8cfe87875bd7","e49600f9-686d-5ecb-8605-8ff883585c39","01d3ba61-d495-4a6e-814f-c04701ece536","/marjork/","site_loaded","theme","retro","\N","\N","1","2026-03-25 21:03:49","\N"
"2828c034-f1fe-4f26-9807-8cfe87875bd7","c367eed8-83a7-5473-be6b-a04a68b1f85b","4489c9fe-9b2c-45d6-8165-dc09acbc847b","/","kiss_button_click","message","i love you!","\N","\N","1","2026-03-31 03:15:06","\N"
"2828c034-f1fe-4f26-9807-8cfe87875bd7","ebb35ab8-4982-5d40-91d0-ee9f83d1355a","b32e72d0-7d49-4e72-8183-e02cdcc6f2f7","/","photo_click","file","roll_03_(25).jpg","\N","\N","1","2026-04-05 00:32:52","\N"
"2828c034-f1fe-4f26-9807-8cfe87875bd7","ebb35ab8-4982-5d40-91d0-ee9f83d1355a","b32e72d0-7d49-4e72-8183-e02cdcc6f2f7","/","photo_click","theme","retro","\N","\N","1","2026-04-05 00:32:52","\N"
"2828c034-f1fe-4f26-9807-8cfe87875bd7","9d7d40e7-2bfa-5ea6-82cb-8bb78a5aa52d","3e81ad97-1337-440d-818c-6212fddc1e2b","/","photo_click","file","quandry-04.jpg","\N","\N","1","2026-03-31 18:50:32","\N"
"2828c034-f1fe-4f26-9807-8cfe87875bd7","9d7d40e7-2bfa-5ea6-82cb-8bb78a5aa52d","3e81ad97-1337-440d-818c-6212fddc1e2b","/","photo_click","theme","art","\N","\N","1","2026-03-31 18:50:32","\N"
"2828c034-f1fe-4f26-9807-8cfe87875bd7","90c4cd37-e4f7-5ec1-9135-6609eaba1e00","5c328a31-7a45-47b8-819e-e08808dc37f8","/","photo_click","file","quandry-03.jpg","\N","\N","1","2026-04-22 16:19:39","\N"
"2828c034-f1fe-4f26-9807-8cfe87875bd7","90c4cd37-e4f7-5ec1-9135-6609eaba1e00","5c328a31-7a45-47b8-819e-e08808dc37f8","/","photo_click","theme","art","\N","\N","1","2026-04-22 16:19:39","\N"
"2828c034-f1fe-4f26-9807-8cfe87875bd7","25b2a635-2f4d-56ed-aa34-c2fd729ccd69","f7f4e25a-cc4c-47ba-81a4-1d5f0d3da658","/","spotify_goal_open","device","mobile","\N","\N","1","2026-04-11 07:03:15","\N"
"2828c034-f1fe-4f26-9807-8cfe87875bd7","25b2a635-2f4d-56ed-aa34-c2fd729ccd69","64be024e-f2b3-48a1-81a8-89ab17f22b23","/","outbound_link_click","href","https://x.com/cameron_glhf","\N","\N","1","2026-04-11 07:03:23","\N"
"2828c034-f1fe-4f26-9807-8cfe87875bd7","25b2a635-2f4d-56ed-aa34-c2fd729ccd69","64be024e-f2b3-48a1-81a8-89ab17f22b23","/","outbound_link_click","label","twitter","\N","\N","1","2026-04-11 07:03:23","\N"
"2828c034-f1fe-4f26-9807-8cfe87875bd7","f650e13b-d9a5-5a8f-a757-137e7f4ac365","8d3f2d45-13bd-479b-81aa-7403a4744706","/","photo_click","file","brella.png","\N","\N","1","2026-04-19 01:18:27","\N"
"2828c034-f1fe-4f26-9807-8cfe87875bd7","f650e13b-d9a5-5a8f-a757-137e7f4ac365","8d3f2d45-13bd-479b-81aa-7403a4744706","/","photo_click","theme","rain","\N","\N","1","2026-04-19 01:18:27","\N"
"2828c034-f1fe-4f26-9807-8cfe87875bd7","c8c65918-057e-54ec-a2fc-a3e8251ea550","c8522c01-efa5-486d-81c9-e6155fbfa101","/","kiss_button_sink","strokes","1.0000","1","\N","2","2026-04-02 03:41:15","\N"
"2828c034-f1fe-4f26-9807-8cfe87875bd7","ebb35ab8-4982-5d40-91d0-ee9f83d1355a","7b8382ac-fb8e-4806-81cb-14a116f9b630","/","photo_click","file","roll_03_(33).jpg","\N","\N","1","2026-04-05 00:32:24","\N"
"2828c034-f1fe-4f26-9807-8cfe87875bd7","ebb35ab8-4982-5d40-91d0-ee9f83d1355a","7b8382ac-fb8e-4806-81cb-14a116f9b630","/","photo_click","theme","retro","\N","\N","1","2026-04-05 00:32:24","\N"
"2828c034-f1fe-4f26-9807-8cfe87875bd7","bde2252f-00fc-58df-9642-78a68cbb03b7","a99999ee-ab55-45fa-81d2-419d94d9a4e8","/marjork/","site_loaded","device","mobile","\N","\N","1","2026-03-26 18:30:19","\N"
"2828c034-f1fe-4f26-9807-8cfe87875bd7","bde2252f-00fc-58df-9642-78a68cbb03b7","a99999ee-ab55-45fa-81d2-419d94d9a4e8","/marjork/","site_loaded","theme","retro","\N","\N","1","2026-03-26 18:30:19","\N"
"2828c034-f1fe-4f26-9807-8cfe87875bd7","731862d2-90d4-544a-8c66-5d4a9183ed30","47a4cb7c-bfad-477b-81d3-2302e7230e7f","/marjork/","theme_applied","theme","art","\N","\N","1","2026-03-26 03:38:53","\N"
"2828c034-f1fe-4f26-9807-8cfe87875bd7","246a559e-739a-5015-b87d-f7efd8232d47","dce4d90e-c5c5-4ede-81da-b07e3606597c","/","photo_click","file","roll_03_(22).jpg","\N","\N","1","2026-04-06 01:59:05","\N"
"2828c034-f1fe-4f26-9807-8cfe87875bd7","246a559e-739a-5015-b87d-f7efd8232d47","dce4d90e-c5c5-4ede-81da-b07e3606597c","/","photo_click","theme","retro","\N","\N","1","2026-04-06 01:59:05","\N"
"2828c034-f1fe-4f26-9807-8cfe87875bd7","f35953d7-12a6-5f20-8b58-0b346f36945e","7fea7e4b-a3b8-42b0-81dc-7a5a84cc3b67","/","theme_change","theme","art","\N","\N","1","2026-04-07 14:33:46","\N"
"2828c034-f1fe-4f26-9807-8cfe87875bd7","f35953d7-12a6-5f20-8b58-0b346f36945e","def6c75a-8867-40a1-81e9-cb9ff737510c","/","outbound_link_click","href","https://open.spotify.com/user/31m6yxbmqxjd6zq3eg6kk3aefuae","\N","\N","1","2026-04-07 14:32:54","\N"
"2828c034-f1fe-4f26-9807-8cfe87875bd7","f35953d7-12a6-5f20-8b58-0b346f36945e","def6c75a-8867-40a1-81e9-cb9ff737510c","/","outbound_link_click","label","spotify free fleeing","\N","\N","1","2026-04-07 14:32:54","\N"
"2828c034-f1fe-4f26-9807-8cfe87875bd7","85ea8f79-1315-5115-879b-56d993592575","96e26c3a-bcd9-41f2-81f8-7c647ea32f45","/marjork/","kiss_button_click","message","я тебя люблю!","\N","\N","1","2026-03-26 14:18:05","\N"
"2828c034-f1fe-4f26-9807-8cfe87875bd7","ebb35ab8-4982-5d40-91d0-ee9f83d1355a","512d24eb-e932-4558-81fb-ce2c57195359","/","photo_click","file","roll_03_(15).jpg","\N","\N","1","2026-04-05 00:32:41","\N"
"2828c034-f1fe-4f26-9807-8cfe87875bd7","ebb35ab8-4982-5d40-91d0-ee9f83d1355a","512d24eb-e932-4558-81fb-ce2c57195359","/","photo_click","theme","retro","\N","\N","1","2026-04-05 00:32:41","\N"
"2828c034-f1fe-4f26-9807-8cfe87875bd7","246a559e-739a-5015-b87d-f7efd8232d47","d28102ab-2705-4031-8222-b37f5ef1d346","/","spotify_goal_scored","device","mobile","\N","\N","1","2026-04-06 01:59:30","\N"
"2828c034-f1fe-4f26-9807-8cfe87875bd7","246a559e-739a-5015-b87d-f7efd8232d47","d28102ab-2705-4031-8222-b37f5ef1d346","/","spotify_goal_scored","theme","normal","\N","\N","1","2026-04-06 01:59:30","\N"
"2828c034-f1fe-4f26-9807-8cfe87875bd7","c367eed8-83a7-5473-be6b-a04a68b1f85b","5f25fd2b-c333-4697-8232-654c434f5572","/","kiss_button_click","message","я тебя люблю!","\N","\N","1","2026-03-31 03:15:07","\N"
"2828c034-f1fe-4f26-9807-8cfe87875bd7","b3cf28a3-b41b-5a41-a660-8fa2c402c33d","0604eb93-136d-413c-825d-ef0140d0dc3d","/","kiss_button_click","message","u get it","\N","\N","1","2026-04-01 14:36:44","\N"
"2828c034-f1fe-4f26-9807-8cfe87875bd7","bb2aa133-1e29-5b6b-836b-0e755cc7a4de","0d0b427d-4d92-4e7b-8265-37f80119a93f","/","kiss_button_click","message","Horse Balls!","\N","\N","1","2026-04-14 18:50:38","\N"
"2828c034-f1fe-4f26-9807-8cfe87875bd7","0cfdf080-2c94-5ebf-9805-56c3d30f1170","4c8001a1-2276-4f77-8269-980f0f188268","/","theme_applied","theme","retro","\N","\N","1","2026-03-27 22:48:29","\N"
"2828c034-f1fe-4f26-9807-8cfe87875bd7","e49600f9-686d-5ecb-8605-8ff883585c39","920da3de-5715-4d1e-827c-2719e324b12d","/marjork/","kiss_button_click","message","Horse Balls!","\N","\N","1","2026-03-25 21:03:51","\N"
"2828c034-f1fe-4f26-9807-8cfe87875bd7","6a2761dd-1040-5751-992a-f15dc82ad7e1","2607ad50-77a8-47f1-82a6-44d46603b5bd","/","kiss_button_click","message","u get it","\N","\N","1","2026-03-28 22:57:55","\N"
"2828c034-f1fe-4f26-9807-8cfe87875bd7","8b623f28-fe75-5c6d-b4e3-16dabd3ff1a2","8ebdefb9-f530-4b94-82b6-d750b761796e","/","site_loaded","device","mobile","\N","\N","1","2026-03-28 01:37:58","\N"
"2828c034-f1fe-4f26-9807-8cfe87875bd7","8b623f28-fe75-5c6d-b4e3-16dabd3ff1a2","8ebdefb9-f530-4b94-82b6-d750b761796e","/","site_loaded","theme","retro","\N","\N","1","2026-03-28 01:37:58","\N"
"2828c034-f1fe-4f26-9807-8cfe87875bd7","0b297f0b-ac33-5d97-a2af-72fe3c72dd9f","3e0fa3e3-8940-4b56-82ba-0c2f8c2bbaa6","/","kiss_button_click","message","☀️ solnyshko ☀️","\N","\N","1","2026-04-20 18:38:59","\N"
"2828c034-f1fe-4f26-9807-8cfe87875bd7","e49600f9-686d-5ecb-8605-8ff883585c39","7dc67eb1-73b8-4fb5-82be-2930672f0fb5","/marjork/","kiss_button_click","message","☀️ solnyshko ☀️","\N","\N","1","2026-03-25 21:03:58","\N"
"2828c034-f1fe-4f26-9807-8cfe87875bd7","a796addd-fbed-59c4-b01f-fa53262ce8fb","e0eca257-3e7e-4205-82bf-a7e99daf5a5b","/","spotify_goal_open","device","desktop","\N","\N","1","2026-04-07 12:56:54","\N"
"2828c034-f1fe-4f26-9807-8cfe87875bd7","09612782-2686-5fc3-a1b3-42244a1ab1ae","44f1b252-9652-4199-82dd-904cba9a0a10","/","kiss_button_click","message","красивая!","\N","\N","1","2026-04-02 17:48:03","\N"
"2828c034-f1fe-4f26-9807-8cfe87875bd7","f1c09ba6-70e8-5185-a799-35e47a95338e","1f1b15d0-e780-4182-82ea-4fb6fdceade3","/","kiss_button_click","message","u get it","\N","\N","1","2026-04-06 16:40:35","\N"
"2828c034-f1fe-4f26-9807-8cfe87875bd7","54b0dbf9-3759-520f-b4d4-a08447c4d3d1","7c361722-19df-48cc-82ec-1a357a580f1e","/","kiss_button_click","message","я тебя люблю!","\N","\N","1","2026-03-28 15:30:49","\N"
"2828c034-f1fe-4f26-9807-8cfe87875bd7","54b0dbf9-3759-520f-b4d4-a08447c4d3d1","81176244-0558-4255-82f2-7617b1f801fc","/","photo_click","file","blindingportal.jpg","\N","\N","1","2026-03-28 15:30:15","\N"
"2828c034-f1fe-4f26-9807-8cfe87875bd7","54b0dbf9-3759-520f-b4d4-a08447c4d3d1","81176244-0558-4255-82f2-7617b1f801fc","/","photo_click","theme","space","\N","\N","1","2026-03-28 15:30:15","\N"
"2828c034-f1fe-4f26-9807-8cfe87875bd7","9883fd71-1911-5c3f-aa8c-dd7814cff2e1","44fc2731-9d82-4b0f-82fa-a3db5ebe48cb","/marjork/","photo_click","file","quandry-02.jpg","\N","\N","1","2026-03-25 21:02:27","\N"
"2828c034-f1fe-4f26-9807-8cfe87875bd7","9883fd71-1911-5c3f-aa8c-dd7814cff2e1","44fc2731-9d82-4b0f-82fa-a3db5ebe48cb","/marjork/","photo_click","theme","retro","\N","\N","1","2026-03-25 21:02:27","\N"
"2828c034-f1fe-4f26-9807-8cfe87875bd7","8b623f28-fe75-5c6d-b4e3-16dabd3ff1a2","b6e2e095-a79c-42bb-8313-540ef290cb88","/","theme_applied","theme","retro","\N","\N","1","2026-03-28 01:37:58","\N"
"2828c034-f1fe-4f26-9807-8cfe87875bd7","56c150b1-9751-59d5-84f9-c6eda4186342","8a78c995-70c8-4419-8324-7264ea177b45","/","kiss_button_click","message","i love you!","\N","\N","1","2026-04-07 19:37:16","\N"
"2828c034-f1fe-4f26-9807-8cfe87875bd7","90c4cd37-e4f7-5ec1-9135-6609eaba1e00","3502ff10-7c53-4277-835a-74767c6ef57c","/","theme_change","theme","space","\N","\N","1","2026-04-22 16:19:40","\N"
"2828c034-f1fe-4f26-9807-8cfe87875bd7","1f4f73f5-1e69-5dac-8668-9aeb7a113d54","f25aec9c-e218-4581-8368-eec0196b2e4f","/","theme_change","theme","retro","\N","\N","1","2026-04-13 05:20:43","\N"
"2828c034-f1fe-4f26-9807-8cfe87875bd7","99c7f38f-e9cb-5db6-aa27-7bf634850975","2536f5bc-70d3-44ca-836a-b8a308893eee","/","kiss_button_sink","strokes","1.0000","1","\N","2","2026-04-08 20:06:15","\N"
"2828c034-f1fe-4f26-9807-8cfe87875bd7","99c7f38f-e9cb-5db6-aa27-7bf634850975","88f01fe9-3640-492b-836d-9a1755876047","/","photo_click","file","industry.jpg","\N","\N","1","2026-04-08 20:06:10","\N"
"2828c034-f1fe-4f26-9807-8cfe87875bd7","99c7f38f-e9cb-5db6-aa27-7bf634850975","88f01fe9-3640-492b-836d-9a1755876047","/","photo_click","theme","space","\N","\N","1","2026-04-08 20:06:10","\N"
"2828c034-f1fe-4f26-9807-8cfe87875bd7","b18dae6c-cf08-54e0-9d94-26d680929abc","9c8e5f08-e7ff-40c1-8371-934863e01802","/","kiss_button_click","message","u get it","\N","\N","1","2026-04-05 06:31:58","\N"
"2828c034-f1fe-4f26-9807-8cfe87875bd7","c8c65918-057e-54ec-a2fc-a3e8251ea550","cf69e008-1703-4676-8371-ded9d0a87bc2","/","outbound_link_click","href","https://invite.duolingo.com/BDHTZTB5CWWKTAEVODZTZEGOCM","\N","\N","1","2026-04-02 03:41:29","\N"
"2828c034-f1fe-4f26-9807-8cfe87875bd7","c8c65918-057e-54ec-a2fc-a3e8251ea550","cf69e008-1703-4676-8371-ded9d0a87bc2","/","outbound_link_click","label","duolingo","\N","\N","1","2026-04-02 03:41:29","\N"
"2828c034-f1fe-4f26-9807-8cfe87875bd7","0890b3f2-ecd0-555a-b71a-14dc53287067","e5cfe731-674e-48a3-8375-fe4a8030b6a2","/","theme_change","theme","retro","\N","\N","1","2026-04-18 16:29:52","\N"
"2828c034-f1fe-4f26-9807-8cfe87875bd7","bba6b8b4-33e0-5c4c-8afa-1fc8445b976d","c70f3673-de44-4372-8380-7d4b3d88ed5b","/","theme_change","theme","retro","\N","\N","1","2026-03-28 08:47:11","\N"
"2828c034-f1fe-4f26-9807-8cfe87875bd7","1f4f73f5-1e69-5dac-8668-9aeb7a113d54","91f29f92-45ce-4567-8389-69d531dccc72","/","theme_change","theme","retro","\N","\N","1","2026-04-15 05:22:07","\N"
"2828c034-f1fe-4f26-9807-8cfe87875bd7","3884e207-7e57-5c2d-8c0a-fbbbad555f20","ee66ce18-0b52-42c4-8395-97467fb4662b","/","theme_change","theme","retro","\N","\N","1","2026-04-27 12:21:27","\N"
"2828c034-f1fe-4f26-9807-8cfe87875bd7","ebb35ab8-4982-5d40-91d0-ee9f83d1355a","284ac2c2-d3f8-4cef-8399-f752e6210bf3","/","photo_click","file","roll_03_(28).jpg","\N","\N","1","2026-04-05 00:32:52","\N"
"2828c034-f1fe-4f26-9807-8cfe87875bd7","ebb35ab8-4982-5d40-91d0-ee9f83d1355a","284ac2c2-d3f8-4cef-8399-f752e6210bf3","/","photo_click","theme","retro","\N","\N","1","2026-04-05 00:32:52","\N"
"2828c034-f1fe-4f26-9807-8cfe87875bd7","bde2252f-00fc-58df-9642-78a68cbb03b7","d4c9e023-6a41-4bd3-839f-da8bfd3edfa8","/marjork/","kiss_button_click","message","я тебя люблю!","\N","\N","1","2026-03-26 18:28:53","\N"
"2828c034-f1fe-4f26-9807-8cfe87875bd7","638bbfd5-19e3-5f6c-b373-ff2cbae92226","fa9eb1e2-41ff-4454-83c5-3dd29c0aa33a","/","spotify_goal_scored","device","mobile","\N","\N","1","2026-04-14 03:49:22","\N"
"2828c034-f1fe-4f26-9807-8cfe87875bd7","638bbfd5-19e3-5f6c-b373-ff2cbae92226","fa9eb1e2-41ff-4454-83c5-3dd29c0aa33a","/","spotify_goal_scored","theme","normal","\N","\N","1","2026-04-14 03:49:22","\N"
"2828c034-f1fe-4f26-9807-8cfe87875bd7","c8c65918-057e-54ec-a2fc-a3e8251ea550","f9082b23-2feb-49d9-83c6-1aeebbc63b71","/","kiss_button_click","message","Horse Balls!","\N","\N","1","2026-04-02 03:41:07","\N"
"2828c034-f1fe-4f26-9807-8cfe87875bd7","e49600f9-686d-5ecb-8605-8ff883585c39","bf6d9317-dba8-4def-83c8-71fbce310a45","/marjork/","kiss_button_click","message","i love you!","\N","\N","1","2026-03-25 21:04:02","\N"
"2828c034-f1fe-4f26-9807-8cfe87875bd7","09612782-2686-5fc3-a1b3-42244a1ab1ae","61b96cc2-7101-428b-83e4-2b3e171f272e","/","kiss_button_click","message","красивая!","\N","\N","1","2026-04-02 20:44:32","\N"
"2828c034-f1fe-4f26-9807-8cfe87875bd7","0890b3f2-ecd0-555a-b71a-14dc53287067","5f251dcc-aafe-4fc9-83e7-9df3e43829cd","/","photo_click","file","brella.png","\N","\N","1","2026-04-18 16:30:01","\N"
"2828c034-f1fe-4f26-9807-8cfe87875bd7","0890b3f2-ecd0-555a-b71a-14dc53287067","5f251dcc-aafe-4fc9-83e7-9df3e43829cd","/","photo_click","theme","rain","\N","\N","1","2026-04-18 16:30:01","\N"
"2828c034-f1fe-4f26-9807-8cfe87875bd7","f3b0523d-2f36-5016-9f21-04bfbc85b825","c1dd95cb-db88-420e-8401-d41f67a858aa","/","spotify_goal_scored","device","mobile","\N","\N","1","2026-04-18 06:38:26","\N"
"2828c034-f1fe-4f26-9807-8cfe87875bd7","f3b0523d-2f36-5016-9f21-04bfbc85b825","c1dd95cb-db88-420e-8401-d41f67a858aa","/","spotify_goal_scored","theme","glitch","\N","\N","1","2026-04-18 06:38:26","\N"
"2828c034-f1fe-4f26-9807-8cfe87875bd7","2f2a7739-d4b7-50f1-ae63-5994dcbb21d8","aadcc3e4-1741-4230-8403-f9f5c4d0ee89","/","kiss_button_click","message","u get it","\N","\N","1","2026-04-09 04:03:22","\N"
"2828c034-f1fe-4f26-9807-8cfe87875bd7","5648a2d6-74ad-59fb-a1e0-ad02fca6b6a1","2872ee99-287c-48a4-841a-845c31550598","/","kiss_button_sink","strokes","7.0000","7","\N","2","2026-04-07 12:25:29","\N"
"2828c034-f1fe-4f26-9807-8cfe87875bd7","6a2761dd-1040-5751-992a-f15dc82ad7e1","c22fb62b-5453-41d4-842d-122f3f5c3f86","/","kiss_button_click","message","☀️ solnyshko ☀️","\N","\N","1","2026-03-28 22:58:09","\N"
"2828c034-f1fe-4f26-9807-8cfe87875bd7","5d6b87ce-8117-58bc-8cb5-d71b5a15dc35","da6a86a8-6bc0-41d7-8451-231f9ea26b2e","/","outbound_link_click","href","https://open.spotify.com/user/31m6yxbmqxjd6zq3eg6kk3aefuae","\N","\N","1","2026-04-08 20:06:37","\N"
"2828c034-f1fe-4f26-9807-8cfe87875bd7","5d6b87ce-8117-58bc-8cb5-d71b5a15dc35","da6a86a8-6bc0-41d7-8451-231f9ea26b2e","/","outbound_link_click","label","spotify free fleeing","\N","\N","1","2026-04-08 20:06:37","\N"
"2828c034-f1fe-4f26-9807-8cfe87875bd7","b3cf28a3-b41b-5a41-a660-8fa2c402c33d","54322aa1-b363-499c-8454-ba2c334c75ac","/","kiss_button_click","message","Horse Balls!","\N","\N","1","2026-04-01 14:36:42","\N"
"2828c034-f1fe-4f26-9807-8cfe87875bd7","4dc98cd8-cea8-504c-b0ec-09c78b4f0cd8","5c8e343c-e257-40e3-8497-8ecb9b3c3409","/","outbound_link_click","href","https://stats.fm/marjork","\N","\N","1","2026-04-16 13:21:45","\N"
"2828c034-f1fe-4f26-9807-8cfe87875bd7","4dc98cd8-cea8-504c-b0ec-09c78b4f0cd8","5c8e343c-e257-40e3-8497-8ecb9b3c3409","/","outbound_link_click","label","statsfm is-unlocked is-clickable","\N","\N","1","2026-04-16 13:21:45","\N"
"2828c034-f1fe-4f26-9807-8cfe87875bd7","5648a2d6-74ad-59fb-a1e0-ad02fca6b6a1","64d593e6-4eae-4b20-84b7-b864b3e135ad","/","spotify_goal_scored","device","desktop","\N","\N","1","2026-04-07 12:25:35","\N"
"2828c034-f1fe-4f26-9807-8cfe87875bd7","5648a2d6-74ad-59fb-a1e0-ad02fca6b6a1","64d593e6-4eae-4b20-84b7-b864b3e135ad","/","spotify_goal_scored","theme","retro","\N","\N","1","2026-04-07 12:25:35","\N"
"2828c034-f1fe-4f26-9807-8cfe87875bd7","54b0dbf9-3759-520f-b4d4-a08447c4d3d1","7f0e2c5c-9a29-4e46-84b9-db11ef0a424a","/","kiss_button_click","message","Horse Balls!","\N","\N","1","2026-03-28 15:30:51","\N"
"2828c034-f1fe-4f26-9807-8cfe87875bd7","0890b3f2-ecd0-555a-b71a-14dc53287067","aa981718-c357-4798-84c1-c293c6a96efa","/","theme_change","theme","glitch","\N","\N","1","2026-04-18 16:29:46","\N"
"2828c034-f1fe-4f26-9807-8cfe87875bd7","c8c65918-057e-54ec-a2fc-a3e8251ea550","f3144da1-6cdb-4239-84d0-c75e14ba0c51","/","kiss_button_sink","strokes","13.0000","13","\N","2","2026-04-02 03:41:08","\N"
"2828c034-f1fe-4f26-9807-8cfe87875bd7","4dc98cd8-cea8-504c-b0ec-09c78b4f0cd8","63dc701a-8d44-456a-84eb-16fc117e857d","/","kiss_button_sink","strokes","1.0000","1","\N","2","2026-04-16 13:21:51","\N"
"2828c034-f1fe-4f26-9807-8cfe87875bd7","1d98c125-7d6d-5c19-b4de-596ad35c6621","4eff79a7-c668-4cb2-84f3-5ad649c13cca","/","outbound_link_click","href","https://x.com/cameron_glhf","\N","\N","1","2026-04-20 22:04:38","\N"
"2828c034-f1fe-4f26-9807-8cfe87875bd7","1d98c125-7d6d-5c19-b4de-596ad35c6621","4eff79a7-c668-4cb2-84f3-5ad649c13cca","/","outbound_link_click","label","twitter","\N","\N","1","2026-04-20 22:04:38","\N"
"2828c034-f1fe-4f26-9807-8cfe87875bd7","f55c8253-c6fb-5c5f-9d87-741699120d68","51a62cf3-6f68-4b95-8516-4aa04ff614f6","/","photo_click","file","gheist.jpg","\N","\N","1","2026-03-29 17:39:52","\N"
"2828c034-f1fe-4f26-9807-8cfe87875bd7","f55c8253-c6fb-5c5f-9d87-741699120d68","51a62cf3-6f68-4b95-8516-4aa04ff614f6","/","photo_click","theme","space","\N","\N","1","2026-03-29 17:39:52","\N"
"2828c034-f1fe-4f26-9807-8cfe87875bd7","e49600f9-686d-5ecb-8605-8ff883585c39","28e1bd80-bfa1-4e55-8525-3a340d5709ae","/marjork/","photo_click","file","quandry-04.jpg","\N","\N","1","2026-03-25 21:04:26","\N"
"2828c034-f1fe-4f26-9807-8cfe87875bd7","e49600f9-686d-5ecb-8605-8ff883585c39","28e1bd80-bfa1-4e55-8525-3a340d5709ae","/marjork/","photo_click","theme","art","\N","\N","1","2026-03-25 21:04:26","\N"
"2828c034-f1fe-4f26-9807-8cfe87875bd7","b3cf28a3-b41b-5a41-a660-8fa2c402c33d","93936af7-57df-4caf-8530-5762cf5e1584","/","kiss_button_click","message","u get it","\N","\N","1","2026-04-01 14:36:37","\N"
"2828c034-f1fe-4f26-9807-8cfe87875bd7","73e57c9a-bedb-5ed8-bfcd-e56ab680ec52","fb6a236b-bea6-4758-8539-ba669b395dc9","/","photo_click","file","industry.jpg","\N","\N","1","2026-04-29 00:49:35","\N"
"2828c034-f1fe-4f26-9807-8cfe87875bd7","73e57c9a-bedb-5ed8-bfcd-e56ab680ec52","fb6a236b-bea6-4758-8539-ba669b395dc9","/","photo_click","theme","glitch","\N","\N","1","2026-04-29 00:49:35","\N"
"2828c034-f1fe-4f26-9807-8cfe87875bd7","4dc98cd8-cea8-504c-b0ec-09c78b4f0cd8","ae23c955-eaac-4243-8548-a5591f66d67e","/","photo_click","file","blindingportal.jpg","\N","\N","1","2026-04-16 14:21:42","\N"
"2828c034-f1fe-4f26-9807-8cfe87875bd7","4dc98cd8-cea8-504c-b0ec-09c78b4f0cd8","ae23c955-eaac-4243-8548-a5591f66d67e","/","photo_click","theme","glitch","\N","\N","1","2026-04-16 14:21:42","\N"
"2828c034-f1fe-4f26-9807-8cfe87875bd7","246a559e-739a-5015-b87d-f7efd8232d47","768030cb-b318-4ed6-855e-5e1ffe9cc429","/","photo_click","file","roll_03_(21).jpg","\N","\N","1","2026-04-06 01:59:04","\N"
"2828c034-f1fe-4f26-9807-8cfe87875bd7","246a559e-739a-5015-b87d-f7efd8232d47","768030cb-b318-4ed6-855e-5e1ffe9cc429","/","photo_click","theme","retro","\N","\N","1","2026-04-06 01:59:04","\N"
"2828c034-f1fe-4f26-9807-8cfe87875bd7","25b2a635-2f4d-56ed-aa34-c2fd729ccd69","3f98be97-3218-4008-856f-f9b0001e810e","/","kiss_button_click","message","я тебя люблю!","\N","\N","1","2026-04-11 07:03:12","\N"
"2828c034-f1fe-4f26-9807-8cfe87875bd7","69053fb6-90d2-5dc4-8296-2ebd43068145","30fdd9b6-1a67-4ee4-857a-549beeb1b518","/","kiss_button_click","message","i love you!","\N","\N","1","2026-04-12 15:06:22","\N"
"2828c034-f1fe-4f26-9807-8cfe87875bd7","90c4cd37-e4f7-5ec1-9135-6609eaba1e00","686fc5a9-adb4-4761-857c-f210d4de0360","/","theme_change","theme","art","\N","\N","1","2026-04-22 16:19:31","\N"
"2828c034-f1fe-4f26-9807-8cfe87875bd7","b3cf28a3-b41b-5a41-a660-8fa2c402c33d","dbdc70a4-6df6-4805-858c-9e058ec7c7c1","/","kiss_button_click","message","я тебя люблю!","\N","\N","1","2026-04-01 14:36:28","\N"
"2828c034-f1fe-4f26-9807-8cfe87875bd7","09612782-2686-5fc3-a1b3-42244a1ab1ae","9452e6b3-b6ea-4d1e-85a6-6ea8ac17f907","/","photo_click","file","range.png","\N","\N","1","2026-04-02 17:47:50","\N"
"2828c034-f1fe-4f26-9807-8cfe87875bd7","09612782-2686-5fc3-a1b3-42244a1ab1ae","9452e6b3-b6ea-4d1e-85a6-6ea8ac17f907","/","photo_click","theme","rain","\N","\N","1","2026-04-02 17:47:50","\N"
"2828c034-f1fe-4f26-9807-8cfe87875bd7","64c86340-52ae-5ad4-a308-5635595f1ec0","ab6a6129-404f-4e83-85a8-dd0ea87a5ee0","/","kiss_button_click","message","Horse Balls!","\N","\N","1","2026-03-27 15:03:39","\N"
"2828c034-f1fe-4f26-9807-8cfe87875bd7","25b2a635-2f4d-56ed-aa34-c2fd729ccd69","1e8276fd-a636-4258-85bd-3f1ce2661804","/","kiss_button_click","message","i love you!","\N","\N","1","2026-04-11 07:03:04","\N"
"2828c034-f1fe-4f26-9807-8cfe87875bd7","9883fd71-1911-5c3f-aa8c-dd7814cff2e1","a9e2cce3-7e9a-4cb5-85bf-8da9dc69caac","/marjork/","photo_click","file","quandry-07.jpg","\N","\N","1","2026-03-25 21:03:22","\N"
"2828c034-f1fe-4f26-9807-8cfe87875bd7","9883fd71-1911-5c3f-aa8c-dd7814cff2e1","a9e2cce3-7e9a-4cb5-85bf-8da9dc69caac","/marjork/","photo_click","theme","retro","\N","\N","1","2026-03-25 21:03:22","\N"
"2828c034-f1fe-4f26-9807-8cfe87875bd7","a3c6490e-cc58-5455-b668-f9aae84d685f","f2bd60d7-bf46-4695-85c5-d4d147408aa1","/","theme_change","theme","retro","\N","\N","1","2026-04-23 13:37:50","\N"
"2828c034-f1fe-4f26-9807-8cfe87875bd7","90c4cd37-e4f7-5ec1-9135-6609eaba1e00","f55d75cd-6e98-4ee9-85cf-d77eaae730db","/","theme_change","theme","rain","\N","\N","1","2026-04-22 16:19:41","\N"
"2828c034-f1fe-4f26-9807-8cfe87875bd7","0cfdf080-2c94-5ebf-9805-56c3d30f1170","33774cea-afea-4aa7-85f1-25f5e66fcf98","/","site_loaded","device","mobile","\N","\N","1","2026-03-27 22:48:29","\N"
"2828c034-f1fe-4f26-9807-8cfe87875bd7","0cfdf080-2c94-5ebf-9805-56c3d30f1170","33774cea-afea-4aa7-85f1-25f5e66fcf98","/","site_loaded","theme","retro","\N","\N","1","2026-03-27 22:48:29","\N"
"2828c034-f1fe-4f26-9807-8cfe87875bd7","cad03d66-0740-5b9d-a2b2-2bc978fc982e","0690739e-7b29-4bf0-85f7-82edb0f9cb85","/","theme_change","theme","retro","\N","\N","1","2026-04-07 16:34:32","\N"
"2828c034-f1fe-4f26-9807-8cfe87875bd7","0c1e89a9-6974-5f07-a68b-d1dbc8c35c2b","c8dac128-a7c9-4bc7-8604-7b334530eb7f","/","theme_change","theme","retro","\N","\N","1","2026-04-06 12:46:57","\N"
"2828c034-f1fe-4f26-9807-8cfe87875bd7","6a2761dd-1040-5751-992a-f15dc82ad7e1","641d1030-38ce-4c90-8606-87d9805541a2","/","theme_change","theme","space","\N","\N","1","2026-03-28 22:57:38","\N"
"2828c034-f1fe-4f26-9807-8cfe87875bd7","0890b3f2-ecd0-555a-b71a-14dc53287067","e184468f-56e7-48cb-860a-7ed05734deee","/","photo_click","file","quandry-01.jpg","\N","\N","1","2026-04-18 16:29:55","\N"
"2828c034-f1fe-4f26-9807-8cfe87875bd7","0890b3f2-ecd0-555a-b71a-14dc53287067","e184468f-56e7-48cb-860a-7ed05734deee","/","photo_click","theme","art","\N","\N","1","2026-04-18 16:29:55","\N"
"2828c034-f1fe-4f26-9807-8cfe87875bd7","2b641a1e-aca6-5432-9670-e68a90aa772a","eed3c277-c950-4e8e-8613-4c8c513829aa","/","theme_change","theme","retro","\N","\N","1","2026-04-17 12:00:54","\N"
"2828c034-f1fe-4f26-9807-8cfe87875bd7","0cbd9901-a88a-527a-b6b0-eca3386c719b","a3bb4e50-03af-430a-8645-f91761341f1e","/","theme_change","theme","retro","\N","\N","1","2026-04-03 12:27:20","\N"
"2828c034-f1fe-4f26-9807-8cfe87875bd7","9883fd71-1911-5c3f-aa8c-dd7814cff2e1","54fe02a8-d5be-4b0b-8646-bea112a4d2e0","/marjork/","kiss_button_click","message","Horse Balls!","\N","\N","1","2026-03-25 21:02:46","\N"
"2828c034-f1fe-4f26-9807-8cfe87875bd7","94527d57-831e-53e5-a2cb-7053686b6aad","5e4b2176-9f57-4d2a-864a-954c05d34148","/","kiss_button_click","message","Horse Balls!","\N","\N","1","2026-04-07 14:32:34","\N"
"2828c034-f1fe-4f26-9807-8cfe87875bd7","638bbfd5-19e3-5f6c-b373-ff2cbae92226","2bbd96a3-2e50-4f83-8652-814ddc6b5e8e","/","photo_click","file","roll_03_(11).jpg","\N","\N","1","2026-04-14 03:49:16","\N"
"2828c034-f1fe-4f26-9807-8cfe87875bd7","638bbfd5-19e3-5f6c-b373-ff2cbae92226","2bbd96a3-2e50-4f83-8652-814ddc6b5e8e","/","photo_click","theme","retro","\N","\N","1","2026-04-14 03:49:16","\N"
"2828c034-f1fe-4f26-9807-8cfe87875bd7","54b0dbf9-3759-520f-b4d4-a08447c4d3d1","7b0eedb9-818d-4f4e-8666-6aa992dfafae","/","photo_click","file","ideeeeek.jpg","\N","\N","1","2026-03-28 15:30:40","\N"
"2828c034-f1fe-4f26-9807-8cfe87875bd7","54b0dbf9-3759-520f-b4d4-a08447c4d3d1","7b0eedb9-818d-4f4e-8666-6aa992dfafae","/","photo_click","theme","space","\N","\N","1","2026-03-28 15:30:40","\N"
"2828c034-f1fe-4f26-9807-8cfe87875bd7","e49600f9-686d-5ecb-8605-8ff883585c39","32b7555d-eb03-40f9-8680-a88480c35c8a","/marjork/","photo_click","file","quandry-01.jpg","\N","\N","1","2026-03-25 21:03:51","\N"
"2828c034-f1fe-4f26-9807-8cfe87875bd7","e49600f9-686d-5ecb-8605-8ff883585c39","32b7555d-eb03-40f9-8680-a88480c35c8a","/marjork/","photo_click","theme","retro","\N","\N","1","2026-03-25 21:03:51","\N"
"2828c034-f1fe-4f26-9807-8cfe87875bd7","54b0dbf9-3759-520f-b4d4-a08447c4d3d1","eb56f069-d8a6-4b31-8690-ac3c819d51b2","/","photo_click","file","branchesinthedark.jpg","\N","\N","1","2026-03-28 15:30:26","\N"
"2828c034-f1fe-4f26-9807-8cfe87875bd7","54b0dbf9-3759-520f-b4d4-a08447c4d3d1","eb56f069-d8a6-4b31-8690-ac3c819d51b2","/","photo_click","theme","space","\N","\N","1","2026-03-28 15:30:26","\N"
"2828c034-f1fe-4f26-9807-8cfe87875bd7","b18dae6c-cf08-54e0-9d94-26d680929abc","7858fa49-75d3-411f-86a0-7153fad58a4a","/","kiss_button_click","message","☀️ solnyshko ☀️","\N","\N","1","2026-04-05 06:31:54","\N"
"2828c034-f1fe-4f26-9807-8cfe87875bd7","9883fd71-1911-5c3f-aa8c-dd7814cff2e1","91170843-6aba-42b8-86a5-93c53c63ed20","/marjork/","kiss_button_click","message","☀️ solnyshko ☀️","\N","\N","1","2026-03-25 21:02:42","\N"
"2828c034-f1fe-4f26-9807-8cfe87875bd7","4dc98cd8-cea8-504c-b0ec-09c78b4f0cd8","101d6aba-61ff-4740-86b0-6739d6571659","/","kiss_button_sink","strokes","1.0000","1","\N","2","2026-04-16 13:21:19","\N"
"2828c034-f1fe-4f26-9807-8cfe87875bd7","731862d2-90d4-544a-8c66-5d4a9183ed30","22a3d0c5-fc38-4c0d-86d6-d32544e4f566","/marjork/","kiss_button_click","message","красивая!","\N","\N","1","2026-03-26 03:39:03","\N"
"2828c034-f1fe-4f26-9807-8cfe87875bd7","6a2761dd-1040-5751-992a-f15dc82ad7e1","664b4115-334c-46da-8700-39db22969fd3","/","kiss_button_click","message","я тебя люблю!","\N","\N","1","2026-03-28 22:57:56","\N"
"2828c034-f1fe-4f26-9807-8cfe87875bd7","9883fd71-1911-5c3f-aa8c-dd7814cff2e1","8f9b3309-e7d3-438a-8701-fcd6ff87b3cd","/marjork/","kiss_button_click","message","☀️ solnyshko ☀️","\N","\N","1","2026-03-25 21:02:49","\N"
"2828c034-f1fe-4f26-9807-8cfe87875bd7","246a559e-739a-5015-b87d-f7efd8232d47","26d24c78-9595-4fd9-8708-4bdecd7716f5","/","kiss_button_click","message","u get it","\N","\N","1","2026-04-06 01:59:13","\N"
"2828c034-f1fe-4f26-9807-8cfe87875bd7","1d98c125-7d6d-5c19-b4de-596ad35c6621","b32a8538-4f00-4a97-8710-30f322032e5d","/","theme_change","theme","rain","\N","\N","1","2026-04-20 22:04:03","\N"
"2828c034-f1fe-4f26-9807-8cfe87875bd7","246a559e-739a-5015-b87d-f7efd8232d47","765e20a0-c3f0-4328-873a-b1d8703df642","/","photo_click","file","roll_03_(11).jpg","\N","\N","1","2026-04-06 01:59:00","\N"
"2828c034-f1fe-4f26-9807-8cfe87875bd7","246a559e-739a-5015-b87d-f7efd8232d47","765e20a0-c3f0-4328-873a-b1d8703df642","/","photo_click","theme","retro","\N","\N","1","2026-04-06 01:59:00","\N"
"2828c034-f1fe-4f26-9807-8cfe87875bd7","2f2a7739-d4b7-50f1-ae63-5994dcbb21d8","4929406e-2532-486d-8755-eeabbdda5a67","/","photo_click","file","roll_03_(11).jpg","\N","\N","1","2026-04-09 04:03:22","\N"
"2828c034-f1fe-4f26-9807-8cfe87875bd7","2f2a7739-d4b7-50f1-ae63-5994dcbb21d8","4929406e-2532-486d-8755-eeabbdda5a67","/","photo_click","theme","retro","\N","\N","1","2026-04-09 04:03:22","\N"
"2828c034-f1fe-4f26-9807-8cfe87875bd7","f25aa420-c2d4-5b8c-b10a-b9ab01019414","9a18254c-d9a0-4430-875f-879ad34e1684","/","theme_change","theme","glitch","\N","\N","1","2026-04-26 04:38:15","\N"
"2828c034-f1fe-4f26-9807-8cfe87875bd7","25b2a635-2f4d-56ed-aa34-c2fd729ccd69","a3c91c99-032d-4284-8766-07e120feea1c","/","kiss_button_sink","strokes","1.0000","1","\N","2","2026-04-11 07:03:04","\N"
"2828c034-f1fe-4f26-9807-8cfe87875bd7","54b0dbf9-3759-520f-b4d4-a08447c4d3d1","50df8d54-0580-47c0-876c-1f06a16e20d4","/","photo_click","file","lightsonthewater.jpg","\N","\N","1","2026-03-28 15:30:22","\N"
"2828c034-f1fe-4f26-9807-8cfe87875bd7","54b0dbf9-3759-520f-b4d4-a08447c4d3d1","50df8d54-0580-47c0-876c-1f06a16e20d4","/","photo_click","theme","space","\N","\N","1","2026-03-28 15:30:22","\N"
"2828c034-f1fe-4f26-9807-8cfe87875bd7","b3cf28a3-b41b-5a41-a660-8fa2c402c33d","65667ad1-b7fb-42d6-876c-bf0a8ca5c942","/","kiss_button_click","message","u get it","\N","\N","1","2026-04-01 14:36:51","\N"
"2828c034-f1fe-4f26-9807-8cfe87875bd7","ebb35ab8-4982-5d40-91d0-ee9f83d1355a","694e52f7-ebd1-43b5-8771-6f5ee1be91d1","/","theme_change","theme","rain","\N","\N","1","2026-04-05 00:32:03","\N"
"2828c034-f1fe-4f26-9807-8cfe87875bd7","85ea8f79-1315-5115-879b-56d993592575","11f57165-8e34-44d2-8772-dbfe7d678e4c","/marjork/","kiss_button_click","message","i love you!","\N","\N","1","2026-03-26 14:18:01","\N"
"2828c034-f1fe-4f26-9807-8cfe87875bd7","f35953d7-12a6-5f20-8b58-0b346f36945e","c04e032b-28c4-41d0-8773-6deaa29b22b2","/","kiss_button_sink","strokes","1.0000","1","\N","2","2026-04-07 14:32:52","\N"
"2828c034-f1fe-4f26-9807-8cfe87875bd7","7b9ea8f0-d358-5812-80d7-1b908a9073f0","8f64f853-987f-4b1c-8785-ac21bac20e41","/","theme_change","theme","retro","\N","\N","1","2026-04-14 05:21:03","\N"
"2828c034-f1fe-4f26-9807-8cfe87875bd7","ebb35ab8-4982-5d40-91d0-ee9f83d1355a","220bcf46-085c-4003-8790-df652cc15bf0","/","kiss_button_click","message","красивая!","\N","\N","1","2026-04-05 00:32:10","\N"
"2828c034-f1fe-4f26-9807-8cfe87875bd7","5648a2d6-74ad-59fb-a1e0-ad02fca6b6a1","26c3546f-80ec-4678-87c9-5a45595053a0","/","kiss_button_click","message","Horse Balls!","\N","\N","1","2026-04-07 12:25:28","\N"
"2828c034-f1fe-4f26-9807-8cfe87875bd7","4f0d4137-9e6b-56e6-a64e-c8ec7d2990dd","5f28748b-9083-4731-87d4-6b2fa93cd353","/","theme_applied","theme","retro","\N","\N","1","2026-03-27 12:53:25","\N"
"2828c034-f1fe-4f26-9807-8cfe87875bd7","c367eed8-83a7-5473-be6b-a04a68b1f85b","96b9e100-dd85-4fd5-87e4-d74e8350806a","/","kiss_button_click","message","я тебя люблю!","\N","\N","1","2026-03-31 03:15:20","\N"
"2828c034-f1fe-4f26-9807-8cfe87875bd7","f55c8253-c6fb-5c5f-9d87-741699120d68","0d2d0096-007e-4aae-87e9-0e6b935a4ae6","/","theme_change","theme","rain","\N","\N","1","2026-03-29 17:39:53","\N"
"2828c034-f1fe-4f26-9807-8cfe87875bd7","5d6b87ce-8117-58bc-8cb5-d71b5a15dc35","85f75561-a114-44c5-87fd-7a65ee54aa57","/","theme_change","theme","glitch","\N","\N","1","2026-04-08 20:06:31","\N"
"2828c034-f1fe-4f26-9807-8cfe87875bd7","b3cf28a3-b41b-5a41-a660-8fa2c402c33d","39051e17-6756-4801-8820-cfddc3a7b49b","/","kiss_button_click","message","Horse Balls!","\N","\N","1","2026-04-01 14:36:35","\N"
"2828c034-f1fe-4f26-9807-8cfe87875bd7","99c7f38f-e9cb-5db6-aa27-7bf634850975","682a9711-4f35-4a66-882d-9739569979bf","/","kiss_button_click","message","u get it","\N","\N","1","2026-04-08 20:06:20","\N"
"2828c034-f1fe-4f26-9807-8cfe87875bd7","bde2252f-00fc-58df-9642-78a68cbb03b7","c38a2328-5954-4ae6-8851-d237e4bf2f62","/marjork/","theme_applied","theme","art","\N","\N","1","2026-03-26 18:30:22","\N"
"2828c034-f1fe-4f26-9807-8cfe87875bd7","253aa391-feb0-5ad0-8599-5e13e3081db4","3869cf76-e408-4028-885b-0a4b97f280c4","/marjork/","outbound_link_click","url","https://dropkickd.com/profile/majork","\N","\N","1","2026-03-24 22:00:21","\N"
"2828c034-f1fe-4f26-9807-8cfe87875bd7","94527d57-831e-53e5-a2cb-7053686b6aad","9dbd62d4-22da-476e-8863-425844305e98","/","kiss_button_click","message","u get it","\N","\N","1","2026-04-07 14:32:32","\N"
"2828c034-f1fe-4f26-9807-8cfe87875bd7","aa559316-35a0-5b49-9694-44f566967710","9ba73a28-782b-43af-887f-d4ef8c2378ff","/","theme_change","theme","retro","\N","\N","1","2026-04-19 09:23:01","\N"
"2828c034-f1fe-4f26-9807-8cfe87875bd7","ebb35ab8-4982-5d40-91d0-ee9f83d1355a","f63bd655-49e1-4d73-888c-a650a62d0351","/","photo_click","file","roll_03_(22).jpg","\N","\N","1","2026-04-05 00:32:49","\N"
"2828c034-f1fe-4f26-9807-8cfe87875bd7","ebb35ab8-4982-5d40-91d0-ee9f83d1355a","f63bd655-49e1-4d73-888c-a650a62d0351","/","photo_click","theme","retro","\N","\N","1","2026-04-05 00:32:49","\N"
"2828c034-f1fe-4f26-9807-8cfe87875bd7","1d98c125-7d6d-5c19-b4de-596ad35c6621","d2be7eae-eefe-473f-8893-8c08a593587b","/","outbound_link_click","href","https://invite.duolingo.com/BDHTZTB5CWWKTAEVODZTZEGOCM","\N","\N","1","2026-04-20 22:04:29","\N"
"2828c034-f1fe-4f26-9807-8cfe87875bd7","1d98c125-7d6d-5c19-b4de-596ad35c6621","d2be7eae-eefe-473f-8893-8c08a593587b","/","outbound_link_click","label","duolingo","\N","\N","1","2026-04-20 22:04:29","\N"
"2828c034-f1fe-4f26-9807-8cfe87875bd7","94527d57-831e-53e5-a2cb-7053686b6aad","3e2c6a2e-d19b-4567-8899-2ded209083f3","/","theme_change","theme","retro","\N","\N","1","2026-04-07 14:32:22","\N"
"2828c034-f1fe-4f26-9807-8cfe87875bd7","bdd1b7fa-3c9f-5a6f-81da-ac77d94565aa","fa552f6e-c0cd-4c2d-88b8-5b3c71599356","/","kiss_button_click","message","я тебя люблю!","\N","\N","1","2026-04-01 02:54:42","\N"
"2828c034-f1fe-4f26-9807-8cfe87875bd7","f55c8253-c6fb-5c5f-9d87-741699120d68","6efe037a-6d40-4d08-88bd-f0ab16332526","/","photo_click","file","quandry-02.jpg","\N","\N","1","2026-03-29 17:39:58","\N"
"2828c034-f1fe-4f26-9807-8cfe87875bd7","f55c8253-c6fb-5c5f-9d87-741699120d68","6efe037a-6d40-4d08-88bd-f0ab16332526","/","photo_click","theme","art","\N","\N","1","2026-03-29 17:39:58","\N"
"2828c034-f1fe-4f26-9807-8cfe87875bd7","ade99882-79df-52ee-acb2-e57db3407899","cd61a690-0146-4e00-88bf-6f963057990e","/","theme_change","theme","retro","\N","\N","1","2026-03-29 10:50:33","\N"
"2828c034-f1fe-4f26-9807-8cfe87875bd7","26f573b2-0d60-5774-91e8-7f399ed39637","1df07346-bb45-4b5a-88bf-8cd21d50cf34","/","theme_change","theme","art","\N","\N","1","2026-04-03 16:43:11","\N"
"2828c034-f1fe-4f26-9807-8cfe87875bd7","957b9f46-8b26-5c3b-a2ca-f7d66cab7fc3","7c4cc8ec-989e-4d3f-88cc-62abd1f431dc","/","theme_change","theme","retro","\N","\N","1","2026-04-14 21:12:07","\N"
"2828c034-f1fe-4f26-9807-8cfe87875bd7","253aa391-feb0-5ad0-8599-5e13e3081db4","d4399ec0-7f07-4da2-88e0-63171749a2de","/marjork/","kiss_button_click","message","☀️ solnyshko ☀️","\N","\N","1","2026-03-24 22:00:01","\N"
"2828c034-f1fe-4f26-9807-8cfe87875bd7","54b0dbf9-3759-520f-b4d4-a08447c4d3d1","df54acad-858f-4489-88e5-f48524f28c83","/","theme_change","theme","rain","\N","\N","1","2026-03-28 15:30:42","\N"
"2828c034-f1fe-4f26-9807-8cfe87875bd7","f3b0523d-2f36-5016-9f21-04bfbc85b825","1e44a737-da12-4f07-88e6-041594499090","/","photo_click","file","blindingportal.jpg","\N","\N","1","2026-04-18 06:38:19","\N"
"2828c034-f1fe-4f26-9807-8cfe87875bd7","f3b0523d-2f36-5016-9f21-04bfbc85b825","1e44a737-da12-4f07-88e6-041594499090","/","photo_click","theme","glitch","\N","\N","1","2026-04-18 06:38:19","\N"
"2828c034-f1fe-4f26-9807-8cfe87875bd7","b0ad287a-5967-5e59-b356-d34fcb5e8dfc","101432b3-b625-4ba9-88e9-101401b9ce3d","/","theme_change","theme","retro","\N","\N","1","2026-04-04 07:09:55","\N"
"2828c034-f1fe-4f26-9807-8cfe87875bd7","cc9ba68c-b83f-57b6-a837-4afc4c511505","a4212e11-8739-4187-88eb-ae1182b45561","/","theme_change","theme","retro","\N","\N","1","2026-03-28 10:58:29","\N"
"2828c034-f1fe-4f26-9807-8cfe87875bd7","e49600f9-686d-5ecb-8605-8ff883585c39","b1acf50c-1e45-4642-8904-67ff6f35d97b","/marjork/","outbound_link_click","href","https://letterboxd.com/marjork/","\N","\N","1","2026-03-25 21:03:54","\N"
"2828c034-f1fe-4f26-9807-8cfe87875bd7","e49600f9-686d-5ecb-8605-8ff883585c39","b1acf50c-1e45-4642-8904-67ff6f35d97b","/marjork/","outbound_link_click","label","letterboxd","\N","\N","1","2026-03-25 21:03:54","\N"
"2828c034-f1fe-4f26-9807-8cfe87875bd7","ebb35ab8-4982-5d40-91d0-ee9f83d1355a","c17e3dc0-119d-4d88-8921-51cc668a55bb","/","kiss_button_click","message","☀️ solnyshko ☀️","\N","\N","1","2026-04-05 00:32:12","\N"
"2828c034-f1fe-4f26-9807-8cfe87875bd7","bde2252f-00fc-58df-9642-78a68cbb03b7","c9d1731f-0278-4034-8922-603966a2d083","/marjork/","kiss_button_click","message","красивая!","\N","\N","1","2026-03-26 18:29:17","\N"
"2828c034-f1fe-4f26-9807-8cfe87875bd7","7e9d266f-99c5-5495-a1b2-b0858a7cc61b","57963c01-271d-4c39-8937-1837efc2be3a","/","theme_change","theme","retro","\N","\N","1","2026-03-30 13:14:35","\N"
"2828c034-f1fe-4f26-9807-8cfe87875bd7","0cfdf080-2c94-5ebf-9805-56c3d30f1170","e98d9997-6e0e-44fd-8963-0d24f97fff55","/","theme_applied","theme","art","\N","\N","1","2026-03-27 22:48:41","\N"
"2828c034-f1fe-4f26-9807-8cfe87875bd7","09612782-2686-5fc3-a1b3-42244a1ab1ae","cf021585-76b4-476b-8991-672deaef089f","/","kiss_button_click","message","красивая!","\N","\N","1","2026-04-02 17:48:00","\N"
"2828c034-f1fe-4f26-9807-8cfe87875bd7","731862d2-90d4-544a-8c66-5d4a9183ed30","0c17963e-1e0a-45d0-89a4-15e9c334c362","/marjork/","kiss_button_click","message","i love you!","\N","\N","1","2026-03-26 03:39:07","\N"
"2828c034-f1fe-4f26-9807-8cfe87875bd7","bea3a4e2-9373-53d6-b3ea-29b1ea17bc29","1bd33d58-0de2-4a11-89c6-cf688ba81ea5","/","site_loaded","device","desktop","\N","\N","1","2026-03-27 19:37:52","\N"
"2828c034-f1fe-4f26-9807-8cfe87875bd7","bea3a4e2-9373-53d6-b3ea-29b1ea17bc29","1bd33d58-0de2-4a11-89c6-cf688ba81ea5","/","site_loaded","theme","retro","\N","\N","1","2026-03-27 19:37:52","\N"
"2828c034-f1fe-4f26-9807-8cfe87875bd7","ebb35ab8-4982-5d40-91d0-ee9f83d1355a","9bad9923-19f6-48f6-89c7-2418cf374993","/","photo_click","file","gheist.jpg","\N","\N","1","2026-04-05 00:32:39","\N"
"2828c034-f1fe-4f26-9807-8cfe87875bd7","ebb35ab8-4982-5d40-91d0-ee9f83d1355a","9bad9923-19f6-48f6-89c7-2418cf374993","/","photo_click","theme","glitch","\N","\N","1","2026-04-05 00:32:39","\N"
"2828c034-f1fe-4f26-9807-8cfe87875bd7","f55c8253-c6fb-5c5f-9d87-741699120d68","24dd246f-c2c2-4bb9-89d6-690cd5757e30","/","photo_click","file","gheist.jpg","\N","\N","1","2026-03-29 17:39:48","\N"
"2828c034-f1fe-4f26-9807-8cfe87875bd7","f55c8253-c6fb-5c5f-9d87-741699120d68","24dd246f-c2c2-4bb9-89d6-690cd5757e30","/","photo_click","theme","space","\N","\N","1","2026-03-29 17:39:48","\N"
"2828c034-f1fe-4f26-9807-8cfe87875bd7","731862d2-90d4-544a-8c66-5d4a9183ed30","617a3e80-4a6b-4798-89f6-ae8b5b4e8635","/marjork/","kiss_button_click","message","я тебя люблю!","\N","\N","1","2026-03-26 03:38:58","\N"
"2828c034-f1fe-4f26-9807-8cfe87875bd7","bb2aa133-1e29-5b6b-836b-0e755cc7a4de","bb628897-ca9b-4254-8a1f-7e70188b38fe","/","outbound_link_click","href","https://kritiquekapital.com","\N","\N","1","2026-04-14 18:50:41","\N"
"2828c034-f1fe-4f26-9807-8cfe87875bd7","bb2aa133-1e29-5b6b-836b-0e755cc7a4de","bb628897-ca9b-4254-8a1f-7e70188b38fe","/","outbound_link_click","label","substack-button","\N","\N","1","2026-04-14 18:50:41","\N"
"2828c034-f1fe-4f26-9807-8cfe87875bd7","6a2761dd-1040-5751-992a-f15dc82ad7e1","c9ffae16-0f91-4457-8a23-f45f861af5c9","/","theme_change","theme","art","\N","\N","1","2026-03-28 22:58:10","\N"
"2828c034-f1fe-4f26-9807-8cfe87875bd7","1f4f73f5-1e69-5dac-8668-9aeb7a113d54","fe43cbe2-9f90-424e-8a38-b8b34f182241","/","theme_change","theme","retro","\N","\N","1","2026-04-07 00:22:48","\N"
"2828c034-f1fe-4f26-9807-8cfe87875bd7","ebb35ab8-4982-5d40-91d0-ee9f83d1355a","79c33c98-97e2-414c-8a43-f342fd1bbbf9","/","photo_click","file","roll_03_(17).jpg","\N","\N","1","2026-04-05 00:32:18","\N"
"2828c034-f1fe-4f26-9807-8cfe87875bd7","ebb35ab8-4982-5d40-91d0-ee9f83d1355a","79c33c98-97e2-414c-8a43-f342fd1bbbf9","/","photo_click","theme","retro","\N","\N","1","2026-04-05 00:32:18","\N"
"2828c034-f1fe-4f26-9807-8cfe87875bd7","9883fd71-1911-5c3f-aa8c-dd7814cff2e1","de1c1ddc-cb7f-422e-8a4c-61eb4a3505a1","/marjork/","photo_click","file","quandry-06.jpg","\N","\N","1","2026-03-25 21:03:20","\N"
"2828c034-f1fe-4f26-9807-8cfe87875bd7","9883fd71-1911-5c3f-aa8c-dd7814cff2e1","de1c1ddc-cb7f-422e-8a4c-61eb4a3505a1","/marjork/","photo_click","theme","retro","\N","\N","1","2026-03-25 21:03:20","\N"
"2828c034-f1fe-4f26-9807-8cfe87875bd7","18f7a343-c6b3-5eea-8994-8be2d81ba108","24016e1f-7a28-4ab1-8a6e-38dd70da3594","/","theme_change","theme","retro","\N","\N","1","2026-04-02 12:58:05","\N"
"2828c034-f1fe-4f26-9807-8cfe87875bd7","7f4676f5-77a7-5fb1-adce-25110ad94110","fcdb45b5-896c-4948-8a8d-b36617ab2725","/","theme_change","theme","rain","\N","\N","1","2026-04-12 05:12:55","\N"
"2828c034-f1fe-4f26-9807-8cfe87875bd7","85ea8f79-1315-5115-879b-56d993592575","51d57f0a-82d4-4d60-8aad-8e4e9db22fb5","/marjork/","kiss_button_click","message","красивая!","\N","\N","1","2026-03-26 14:18:10","\N"
"2828c034-f1fe-4f26-9807-8cfe87875bd7","ebb35ab8-4982-5d40-91d0-ee9f83d1355a","49ccf9aa-3677-48d4-8ac0-a9a28582905e","/","photo_click","file","roll_03_(30).jpg","\N","\N","1","2026-04-05 00:32:23","\N"
"2828c034-f1fe-4f26-9807-8cfe87875bd7","ebb35ab8-4982-5d40-91d0-ee9f83d1355a","49ccf9aa-3677-48d4-8ac0-a9a28582905e","/","photo_click","theme","retro","\N","\N","1","2026-04-05 00:32:23","\N"
"2828c034-f1fe-4f26-9807-8cfe87875bd7","bde2252f-00fc-58df-9642-78a68cbb03b7","e75340ae-4123-41da-8ac4-963cf4ff0728","/marjork/","kiss_button_click","message","i love you!","\N","\N","1","2026-03-26 18:30:24","\N"
"2828c034-f1fe-4f26-9807-8cfe87875bd7","f35953d7-12a6-5f20-8b58-0b346f36945e","52dd21d3-814a-46aa-8acd-693c0ae4c735","/","kiss_button_click","message","Horse Balls!","\N","\N","1","2026-04-07 14:32:52","\N"
"2828c034-f1fe-4f26-9807-8cfe87875bd7","253aa391-feb0-5ad0-8599-5e13e3081db4","5e993b34-137d-49dd-8af4-066b070c3f15","/marjork/","minesweeper_loss","difficulty","easy","\N","\N","1","2026-03-24 22:00:01","\N"
"2828c034-f1fe-4f26-9807-8cfe87875bd7","c367eed8-83a7-5473-be6b-a04a68b1f85b","e2c2b5d9-9044-4395-8af5-8ed3a5e34d6b","/","kiss_button_click","message","u get it","\N","\N","1","2026-03-31 03:15:26","\N"
"2828c034-f1fe-4f26-9807-8cfe87875bd7","5648a2d6-74ad-59fb-a1e0-ad02fca6b6a1","f1e6a2b4-df6a-416b-8b07-fcade9f87eb4","/","kiss_button_click","message","Horse Balls!","\N","\N","1","2026-04-07 12:25:29","\N"
"2828c034-f1fe-4f26-9807-8cfe87875bd7","9d7d40e7-2bfa-5ea6-82cb-8bb78a5aa52d","2bd183b6-7357-4516-8b36-19251f813199","/","photo_click","file","quandry-01.jpg","\N","\N","1","2026-03-31 18:50:30","\N"
"2828c034-f1fe-4f26-9807-8cfe87875bd7","9d7d40e7-2bfa-5ea6-82cb-8bb78a5aa52d","2bd183b6-7357-4516-8b36-19251f813199","/","photo_click","theme","art","\N","\N","1","2026-03-31 18:50:30","\N"
"2828c034-f1fe-4f26-9807-8cfe87875bd7","bb2aa133-1e29-5b6b-836b-0e755cc7a4de","fec62414-84bd-448a-8b3b-0aaeeeecfaa0","/","kiss_button_click","message","i love you!","\N","\N","1","2026-04-14 18:50:38","\N"
"2828c034-f1fe-4f26-9807-8cfe87875bd7","5fea088f-2388-5ec6-babf-bc211bf852de","0ed81d34-615e-4fe3-8b65-a5530612dca3","/","photo_click","file","DUDEHELLOCAMERON.jpg","\N","\N","1","2026-04-09 16:34:19","\N"
"2828c034-f1fe-4f26-9807-8cfe87875bd7","5fea088f-2388-5ec6-babf-bc211bf852de","0ed81d34-615e-4fe3-8b65-a5530612dca3","/","photo_click","theme","art","\N","\N","1","2026-04-09 16:34:19","\N"
"2828c034-f1fe-4f26-9807-8cfe87875bd7","09612782-2686-5fc3-a1b3-42244a1ab1ae","4fd13869-60c7-43b5-8b73-d465670eb8c7","/","outbound_link_click","href","javascript:void(0);","\N","\N","1","2026-04-02 20:44:39","\N"
"2828c034-f1fe-4f26-9807-8cfe87875bd7","09612782-2686-5fc3-a1b3-42244a1ab1ae","4fd13869-60c7-43b5-8b73-d465670eb8c7","/","outbound_link_click","label","vinyl-link","\N","\N","1","2026-04-02 20:44:39","\N"
"2828c034-f1fe-4f26-9807-8cfe87875bd7","731862d2-90d4-544a-8c66-5d4a9183ed30","e31baf22-62f1-4f7b-8b87-25909cfab2cb","/marjork/","kiss_button_click","message","i love you!","\N","\N","1","2026-03-26 03:39:05","\N"
"2828c034-f1fe-4f26-9807-8cfe87875bd7","b18dae6c-cf08-54e0-9d94-26d680929abc","c625b09f-5e9b-42fc-8b8c-090ce14eec1a","/","theme_change","theme","retro","\N","\N","1","2026-04-05 06:32:08","\N"
"2828c034-f1fe-4f26-9807-8cfe87875bd7","09612782-2686-5fc3-a1b3-42244a1ab1ae","cf46460f-5b45-47c4-8b8f-c84f8e1c307f","/","photo_click","file","brella.png","\N","\N","1","2026-04-02 17:47:45","\N"
"2828c034-f1fe-4f26-9807-8cfe87875bd7","09612782-2686-5fc3-a1b3-42244a1ab1ae","cf46460f-5b45-47c4-8b8f-c84f8e1c307f","/","photo_click","theme","rain","\N","\N","1","2026-04-02 17:47:45","\N"
"2828c034-f1fe-4f26-9807-8cfe87875bd7","9883fd71-1911-5c3f-aa8c-dd7814cff2e1","2e75bd3d-1dbc-4c7c-8baf-08b6c9fc41c5","/marjork/","kiss_button_click","message","красивая!","\N","\N","1","2026-03-25 21:02:51","\N"
"2828c034-f1fe-4f26-9807-8cfe87875bd7","1b7424bd-ed79-5703-9b0c-c41d38a38d94","4cac9c65-231f-41d6-8baf-8bc22cba4cc0","/marjork/","theme_applied","theme","retro","\N","\N","1","2026-03-26 13:59:07","\N"
"2828c034-f1fe-4f26-9807-8cfe87875bd7","bde2252f-00fc-58df-9642-78a68cbb03b7","71effda9-7049-4b1a-8bb3-8da588376a16","/marjork/","minesweeper_open","difficulty","easy","\N","\N","1","2026-03-26 18:29:03","\N"
"2828c034-f1fe-4f26-9807-8cfe87875bd7","bdd1b7fa-3c9f-5a6f-81da-ac77d94565aa","78a81108-f5f9-49cd-8bb8-d98c26a2273a","/","kiss_button_sink","strokes","1.0000","1","\N","2","2026-04-01 02:54:39","\N"
"2828c034-f1fe-4f26-9807-8cfe87875bd7","2be4e797-0420-50aa-874c-653a5938445d","e0c91edc-59d6-4f15-8bbf-66024a29ed3f","/","theme_change","theme","retro","\N","\N","1","2026-04-26 08:20:32","\N"
"2828c034-f1fe-4f26-9807-8cfe87875bd7","9883fd71-1911-5c3f-aa8c-dd7814cff2e1","7311e4d9-294c-46a4-8be7-82bae97371bd","/marjork/","kiss_button_click","message","Horse Balls!","\N","\N","1","2026-03-25 21:02:30","\N"
"2828c034-f1fe-4f26-9807-8cfe87875bd7","253aa391-feb0-5ad0-8599-5e13e3081db4","7705e14f-cbce-4a1d-8bee-af9f01d7933f","/marjork/","site_loaded","device","mobile","\N","\N","1","2026-03-24 22:00:01","\N"
"2828c034-f1fe-4f26-9807-8cfe87875bd7","253aa391-feb0-5ad0-8599-5e13e3081db4","7705e14f-cbce-4a1d-8bee-af9f01d7933f","/marjork/","site_loaded","theme","retro","\N","\N","1","2026-03-24 22:00:01","\N"
"2828c034-f1fe-4f26-9807-8cfe87875bd7","b18dae6c-cf08-54e0-9d94-26d680929abc","a688d6cc-77d0-4c38-8c05-829e6ee9ffe8","/","photo_click","file","roll_03_(22).jpg","\N","\N","1","2026-04-05 06:32:14","\N"
"2828c034-f1fe-4f26-9807-8cfe87875bd7","b18dae6c-cf08-54e0-9d94-26d680929abc","a688d6cc-77d0-4c38-8c05-829e6ee9ffe8","/","photo_click","theme","retro","\N","\N","1","2026-04-05 06:32:14","\N"
"2828c034-f1fe-4f26-9807-8cfe87875bd7","a796addd-fbed-59c4-b01f-fa53262ce8fb","8ddeada9-4b6a-4ed0-8c09-6eab82da8ab6","/","spotify_goal_scored","device","desktop","\N","\N","1","2026-04-07 12:56:54","\N"
"2828c034-f1fe-4f26-9807-8cfe87875bd7","a796addd-fbed-59c4-b01f-fa53262ce8fb","8ddeada9-4b6a-4ed0-8c09-6eab82da8ab6","/","spotify_goal_scored","theme","retro","\N","\N","1","2026-04-07 12:56:54","\N"
"2828c034-f1fe-4f26-9807-8cfe87875bd7","0890b3f2-ecd0-555a-b71a-14dc53287067","bc22e93f-97af-4c11-8c12-35d9a5c3ac1a","/","photo_click","file","industry.jpg","\N","\N","1","2026-04-18 16:29:58","\N"
"2828c034-f1fe-4f26-9807-8cfe87875bd7","0890b3f2-ecd0-555a-b71a-14dc53287067","bc22e93f-97af-4c11-8c12-35d9a5c3ac1a","/","photo_click","theme","space","\N","\N","1","2026-04-18 16:29:58","\N"
"2828c034-f1fe-4f26-9807-8cfe87875bd7","26f573b2-0d60-5774-91e8-7f399ed39637","6a2d0a15-946a-444d-8c14-c606cf0c7f95","/","photo_click","file","quandry-01.jpg","\N","\N","1","2026-04-03 16:43:17","\N"
"2828c034-f1fe-4f26-9807-8cfe87875bd7","26f573b2-0d60-5774-91e8-7f399ed39637","6a2d0a15-946a-444d-8c14-c606cf0c7f95","/","photo_click","theme","art","\N","\N","1","2026-04-03 16:43:17","\N"
"2828c034-f1fe-4f26-9807-8cfe87875bd7","f6870d7c-1a03-5edc-aa63-87b0d5555e8d","fdcbbc1a-2345-4a6a-8c58-89e3dec5b92e","/","theme_change","theme","retro","\N","\N","1","2026-04-01 05:39:05","\N"
"2828c034-f1fe-4f26-9807-8cfe87875bd7","0cfdf080-2c94-5ebf-9805-56c3d30f1170","6bd6093d-60bc-4dfc-8c6f-1cf5e99876bc","/","site_loaded","device","mobile","\N","\N","1","2026-03-27 22:48:41","\N"
"2828c034-f1fe-4f26-9807-8cfe87875bd7","0cfdf080-2c94-5ebf-9805-56c3d30f1170","6bd6093d-60bc-4dfc-8c6f-1cf5e99876bc","/","site_loaded","theme","art","\N","\N","1","2026-03-27 22:48:41","\N"
"2828c034-f1fe-4f26-9807-8cfe87875bd7","99c7f38f-e9cb-5db6-aa27-7bf634850975","c5e57167-0d9f-4a16-8c71-28a1a7a6f247","/","outbound_link_click","href","https://x.com/cameron_glhf","\N","\N","1","2026-04-08 20:06:44","\N"
"2828c034-f1fe-4f26-9807-8cfe87875bd7","99c7f38f-e9cb-5db6-aa27-7bf634850975","c5e57167-0d9f-4a16-8c71-28a1a7a6f247","/","outbound_link_click","label","twitter","\N","\N","1","2026-04-08 20:06:44","\N"
"2828c034-f1fe-4f26-9807-8cfe87875bd7","64c86340-52ae-5ad4-a308-5635595f1ec0","37255e36-ac4d-4b93-8c88-984126839eac","/","site_loaded","device","mobile","\N","\N","1","2026-03-27 15:03:34","\N"
"2828c034-f1fe-4f26-9807-8cfe87875bd7","64c86340-52ae-5ad4-a308-5635595f1ec0","37255e36-ac4d-4b93-8c88-984126839eac","/","site_loaded","theme","retro","\N","\N","1","2026-03-27 15:03:34","\N"
"2828c034-f1fe-4f26-9807-8cfe87875bd7","b41c6adf-9a5a-5b44-a703-09bc9c946c3a","70027300-6c4d-4b18-8c8e-6df05102f347","/","theme_change","theme","retro","\N","\N","1","2026-04-06 12:51:07","\N"
"2828c034-f1fe-4f26-9807-8cfe87875bd7","d60e833e-5dcc-5201-ae9f-504b5995f099","6bf648b6-ac10-494a-8cb1-abd098d80ffc","/","games_shelf_game_click","game","framed","\N","\N","1","2026-04-10 05:35:07","\N"
"2828c034-f1fe-4f26-9807-8cfe87875bd7","d60e833e-5dcc-5201-ae9f-504b5995f099","6bf648b6-ac10-494a-8cb1-abd098d80ffc","/","games_shelf_game_click","title","framed","\N","\N","1","2026-04-10 05:35:07","\N"
"2828c034-f1fe-4f26-9807-8cfe87875bd7","246a559e-739a-5015-b87d-f7efd8232d47","9fd8e646-f7f8-4e01-8cb5-18b5cd2d0a97","/","kiss_button_click","message","☀️ solnyshko ☀️","\N","\N","1","2026-04-06 01:59:11","\N"
"2828c034-f1fe-4f26-9807-8cfe87875bd7","1d98c125-7d6d-5c19-b4de-596ad35c6621","f8591d73-8ecd-4ae1-8cd3-31e5d80bb7b4","/","kiss_button_sink","strokes","1.0000","1","\N","2","2026-04-20 22:04:20","\N"
"2828c034-f1fe-4f26-9807-8cfe87875bd7","ebb35ab8-4982-5d40-91d0-ee9f83d1355a","06b29384-5547-4eef-8cdc-f0d8a4c46eab","/","theme_change","theme","retro","\N","\N","1","2026-04-05 00:32:13","\N"
"2828c034-f1fe-4f26-9807-8cfe87875bd7","f55c8253-c6fb-5c5f-9d87-741699120d68","cea0b4cb-b82e-4b10-8cf3-5c1db05b9e68","/","photo_click","file","quandry-10.jpg","\N","\N","1","2026-03-29 17:40:00","\N"
"2828c034-f1fe-4f26-9807-8cfe87875bd7","f55c8253-c6fb-5c5f-9d87-741699120d68","cea0b4cb-b82e-4b10-8cf3-5c1db05b9e68","/","photo_click","theme","art","\N","\N","1","2026-03-29 17:40:00","\N"
"2828c034-f1fe-4f26-9807-8cfe87875bd7","85ea8f79-1315-5115-879b-56d993592575","fd7161bb-6ca3-4c4f-8cff-805c6ad7a58c","/marjork/","kiss_button_click","message","☀️ solnyshko ☀️","\N","\N","1","2026-03-26 14:18:08","\N"
"2828c034-f1fe-4f26-9807-8cfe87875bd7","5a737b54-14e4-5daa-95ac-f2bd5c96751d","2dd35878-ce3a-4ee6-8d22-1c8e837c20b4","/","theme_change","theme","retro","\N","\N","1","2026-04-02 01:09:48","\N"
"2828c034-f1fe-4f26-9807-8cfe87875bd7","4dc98cd8-cea8-504c-b0ec-09c78b4f0cd8","772a9cd9-a717-4e58-8d33-66de3d4948b9","/","theme_change","theme","art","\N","\N","1","2026-04-16 13:21:18","\N"
"2828c034-f1fe-4f26-9807-8cfe87875bd7","4dc98cd8-cea8-504c-b0ec-09c78b4f0cd8","74fafd0c-44ab-42e5-8d35-bbca544d716e","/","kiss_button_click","message","Horse Balls!","\N","\N","1","2026-04-16 13:21:20","\N"
"2828c034-f1fe-4f26-9807-8cfe87875bd7","09612782-2686-5fc3-a1b3-42244a1ab1ae","e5cfca5a-72bb-431f-8d55-4b766b68a11b","/","photo_click","file","brella.png","\N","\N","1","2026-04-02 17:47:54","\N"
"2828c034-f1fe-4f26-9807-8cfe87875bd7","09612782-2686-5fc3-a1b3-42244a1ab1ae","e5cfca5a-72bb-431f-8d55-4b766b68a11b","/","photo_click","theme","rain","\N","\N","1","2026-04-02 17:47:54","\N"
"2828c034-f1fe-4f26-9807-8cfe87875bd7","c8c65918-057e-54ec-a2fc-a3e8251ea550","a788aea3-54a6-4da7-8d6d-adfb8f9f8596","/","kiss_button_click","message","☀️ solnyshko ☀️","\N","\N","1","2026-04-02 03:40:51","\N"
"2828c034-f1fe-4f26-9807-8cfe87875bd7","f55c8253-c6fb-5c5f-9d87-741699120d68","aafea735-21fb-4fe7-8d8f-4a080a1a38ca","/","photo_click","file","quandry-03.jpg","\N","\N","1","2026-03-29 17:40:02","\N"
"2828c034-f1fe-4f26-9807-8cfe87875bd7","f55c8253-c6fb-5c5f-9d87-741699120d68","aafea735-21fb-4fe7-8d8f-4a080a1a38ca","/","photo_click","theme","art","\N","\N","1","2026-03-29 17:40:02","\N"
"2828c034-f1fe-4f26-9807-8cfe87875bd7","25b2a635-2f4d-56ed-aa34-c2fd729ccd69","b48b9434-e5c6-46b5-8dac-d5f59ea9c0c4","/","spotify_goal_scored","device","mobile","\N","\N","1","2026-04-11 07:03:15","\N"
"2828c034-f1fe-4f26-9807-8cfe87875bd7","25b2a635-2f4d-56ed-aa34-c2fd729ccd69","b48b9434-e5c6-46b5-8dac-d5f59ea9c0c4","/","spotify_goal_scored","theme","normal","\N","\N","1","2026-04-11 07:03:15","\N"
"2828c034-f1fe-4f26-9807-8cfe87875bd7","731862d2-90d4-544a-8c66-5d4a9183ed30","f0385801-c3c7-4516-8dce-1378dedfbc0e","/marjork/","kiss_button_click","message","Horse Balls!","\N","\N","1","2026-03-26 03:39:04","\N"
"2828c034-f1fe-4f26-9807-8cfe87875bd7","9883fd71-1911-5c3f-aa8c-dd7814cff2e1","d876d5ea-69ee-490c-8dcf-d3b2b7059e37","/marjork/","kiss_button_click","message","красивая!","\N","\N","1","2026-03-25 21:02:29","\N"
"2828c034-f1fe-4f26-9807-8cfe87875bd7","6800cdfc-9383-53e3-b996-932daa81af9d","e1f5ad6f-7e4f-4775-8dd5-094174708835","/","theme_change","theme","retro","\N","\N","1","2026-04-01 22:57:41","\N"
"2828c034-f1fe-4f26-9807-8cfe87875bd7","1d98c125-7d6d-5c19-b4de-596ad35c6621","e80573a1-7748-471d-8dda-71d86b6b461f","/","kiss_button_click","message","u get it","\N","\N","1","2026-04-20 22:04:24","\N"
"2828c034-f1fe-4f26-9807-8cfe87875bd7","1d98c125-7d6d-5c19-b4de-596ad35c6621","00b46875-0164-462e-8dde-bc15532bb40c","/","theme_change","theme","retro","\N","\N","1","2026-04-20 22:04:16","\N"
"2828c034-f1fe-4f26-9807-8cfe87875bd7","e49600f9-686d-5ecb-8605-8ff883585c39","0dddea9f-e8d9-41ae-8de0-1e46554f279d","/marjork/","photo_click","file","quandry-01.jpg","\N","\N","1","2026-03-25 21:04:21","\N"
"2828c034-f1fe-4f26-9807-8cfe87875bd7","e49600f9-686d-5ecb-8605-8ff883585c39","0dddea9f-e8d9-41ae-8de0-1e46554f279d","/marjork/","photo_click","theme","retro","\N","\N","1","2026-03-25 21:04:21","\N"
"2828c034-f1fe-4f26-9807-8cfe87875bd7","c8c65918-057e-54ec-a2fc-a3e8251ea550","90b9bb14-ec89-4d79-8dec-9d565184b4b2","/","kiss_button_click","message","Horse Balls!","\N","\N","1","2026-04-02 03:40:56","\N"
"2828c034-f1fe-4f26-9807-8cfe87875bd7","9883fd71-1911-5c3f-aa8c-dd7814cff2e1","5c4c5e6e-4778-458e-8e00-f733d0c38321","/marjork/","kiss_button_sink","strokes","1.0000","1","\N","2","2026-03-25 21:02:22","\N"
"2828c034-f1fe-4f26-9807-8cfe87875bd7","54b0dbf9-3759-520f-b4d4-a08447c4d3d1","c58d7c71-f57e-4f6a-8e3a-4cb51c8acf50","/","kiss_button_sink","strokes","1.0000","1","\N","2","2026-03-28 15:30:34","\N"
"2828c034-f1fe-4f26-9807-8cfe87875bd7","bdd1b7fa-3c9f-5a6f-81da-ac77d94565aa","d513d160-5769-41ee-8e3b-80f4c4366645","/","theme_change","theme","art","\N","\N","1","2026-04-01 02:54:34","\N"
"2828c034-f1fe-4f26-9807-8cfe87875bd7","85ea8f79-1315-5115-879b-56d993592575","f33c793f-75bf-45c7-8e3e-5a36b083ae77","/marjork/","theme_applied","theme","art","\N","\N","1","2026-03-26 14:18:07","\N"
"2828c034-f1fe-4f26-9807-8cfe87875bd7","bdd1b7fa-3c9f-5a6f-81da-ac77d94565aa","9427b66c-5164-43b9-8e44-e7ee93338295","/","outbound_link_click","href","javascript:void(0);","\N","\N","1","2026-04-01 02:55:05","\N"
"2828c034-f1fe-4f26-9807-8cfe87875bd7","bdd1b7fa-3c9f-5a6f-81da-ac77d94565aa","9427b66c-5164-43b9-8e44-e7ee93338295","/","outbound_link_click","label","vinyl-link","\N","\N","1","2026-04-01 02:55:05","\N"
"2828c034-f1fe-4f26-9807-8cfe87875bd7","0359c238-432f-54f6-8b8f-832819dc3cfa","dfb5c71a-f96b-4265-8e54-80ab61a17fa9","/","theme_change","theme","retro","\N","\N","1","2026-04-26 19:03:06","\N"
"2828c034-f1fe-4f26-9807-8cfe87875bd7","b3cf28a3-b41b-5a41-a660-8fa2c402c33d","c89f7c37-6c4c-4cbc-8e5d-9a9bbcb47c3d","/","kiss_button_sink","strokes","1.0000","1","\N","2","2026-04-01 14:36:28","\N"
"2828c034-f1fe-4f26-9807-8cfe87875bd7","99c7f38f-e9cb-5db6-aa27-7bf634850975","a22e127f-d645-408b-8e68-11437323fd7c","/","kiss_button_click","message","Horse Balls!","\N","\N","1","2026-04-08 20:06:21","\N"
"2828c034-f1fe-4f26-9807-8cfe87875bd7","0890b3f2-ecd0-555a-b71a-14dc53287067","7528c2cf-3989-49a4-8e77-c2daf2532009","/","theme_change","theme","space","\N","\N","1","2026-04-18 16:29:57","\N"
"2828c034-f1fe-4f26-9807-8cfe87875bd7","246a559e-739a-5015-b87d-f7efd8232d47","401abf67-2c2b-4b89-8e82-1a634e5b6a87","/","kiss_button_click","message","красивая!","\N","\N","1","2026-04-06 01:59:12","\N"
"2828c034-f1fe-4f26-9807-8cfe87875bd7","253aa391-feb0-5ad0-8599-5e13e3081db4","0a6cfc9e-9968-4199-8e83-7a08d9cadba2","/marjork/","outbound_link_click","url","https://kritiquekapital.github.io/marjork/?utm_source=ig&utm_medium=social&utm_content=link_in_bio&fbclid=PAZXh0bgNhZW0CMTEAc3J0YwZhcHBfaWQPMTI0MDI0NTc0Mjg3NDE0AAGnARIDFXQlQ3a1sXGGP5DoSp6o8eU7Lsv_4l4LPFikt3VLMyGf3i8Sf6JwDsw_aem_GF8-Z7NcbmgYojkVlylPBw#","\N","\N","1","2026-03-24 22:00:20","\N"
"2828c034-f1fe-4f26-9807-8cfe87875bd7","99c7f38f-e9cb-5db6-aa27-7bf634850975","89782c16-d24b-4459-8ef0-1fcada13cfc3","/","photo_click","file","cordes-en-boyaux.png","\N","\N","1","2026-04-08 20:06:14","\N"
"2828c034-f1fe-4f26-9807-8cfe87875bd7","99c7f38f-e9cb-5db6-aa27-7bf634850975","89782c16-d24b-4459-8ef0-1fcada13cfc3","/","photo_click","theme","rain","\N","\N","1","2026-04-08 20:06:14","\N"
"2828c034-f1fe-4f26-9807-8cfe87875bd7","399f8e46-f47f-5707-812d-4988120fe486","a110a30f-7020-4c33-8ef3-723513689e79","/","theme_change","theme","retro","\N","\N","1","2026-03-29 10:45:47","\N"
"2828c034-f1fe-4f26-9807-8cfe87875bd7","c367eed8-83a7-5473-be6b-a04a68b1f85b","9d61d4f2-c0dc-4fa5-8ef8-fea10c9e1607","/","kiss_button_click","message","i love you!","\N","\N","1","2026-03-31 03:15:15","\N"
"2828c034-f1fe-4f26-9807-8cfe87875bd7","7a8b860b-7833-5e06-8572-9a7fae31e100","f628d295-8e76-4156-8f07-b08dc1112ad9","/","outbound_link_click","href","https://x.com/cameron_glhf","\N","\N","1","2026-04-23 18:36:59","\N"
"2828c034-f1fe-4f26-9807-8cfe87875bd7","7a8b860b-7833-5e06-8572-9a7fae31e100","f628d295-8e76-4156-8f07-b08dc1112ad9","/","outbound_link_click","label","twitter","\N","\N","1","2026-04-23 18:36:59","\N"
"2828c034-f1fe-4f26-9807-8cfe87875bd7","bde2252f-00fc-58df-9642-78a68cbb03b7","5d646e5f-c7fd-4d34-8f0a-56e15a62e920","/marjork/","site_loaded","device","mobile","\N","\N","1","2026-03-26 18:29:15","\N"
"2828c034-f1fe-4f26-9807-8cfe87875bd7","bde2252f-00fc-58df-9642-78a68cbb03b7","5d646e5f-c7fd-4d34-8f0a-56e15a62e920","/marjork/","site_loaded","theme","retro","\N","\N","1","2026-03-26 18:29:15","\N"
"2828c034-f1fe-4f26-9807-8cfe87875bd7","e49600f9-686d-5ecb-8605-8ff883585c39","e0116b81-e382-45fc-8f29-59eb29fd10a6","/marjork/","photo_click","file","quandry-04.jpg","\N","\N","1","2026-03-25 21:04:22","\N"
"2828c034-f1fe-4f26-9807-8cfe87875bd7","e49600f9-686d-5ecb-8605-8ff883585c39","e0116b81-e382-45fc-8f29-59eb29fd10a6","/marjork/","photo_click","theme","retro","\N","\N","1","2026-03-25 21:04:22","\N"
"2828c034-f1fe-4f26-9807-8cfe87875bd7","e49600f9-686d-5ecb-8605-8ff883585c39","daa5827a-c464-4d8d-8f31-4a850ecbe912","/marjork/","photo_click","file","quandry-02.jpg","\N","\N","1","2026-03-25 21:04:26","\N"
"2828c034-f1fe-4f26-9807-8cfe87875bd7","e49600f9-686d-5ecb-8605-8ff883585c39","daa5827a-c464-4d8d-8f31-4a850ecbe912","/marjork/","photo_click","theme","art","\N","\N","1","2026-03-25 21:04:26","\N"
"2828c034-f1fe-4f26-9807-8cfe87875bd7","5fea088f-2388-5ec6-babf-bc211bf852de","109308d2-49e1-464d-8f3c-f9ea9d24626d","/","outbound_link_click","href","https://x.com/cameron_glhf","\N","\N","1","2026-04-09 16:34:28","\N"
"2828c034-f1fe-4f26-9807-8cfe87875bd7","5fea088f-2388-5ec6-babf-bc211bf852de","109308d2-49e1-464d-8f3c-f9ea9d24626d","/","outbound_link_click","label","twitter","\N","\N","1","2026-04-09 16:34:28","\N"
"2828c034-f1fe-4f26-9807-8cfe87875bd7","e49600f9-686d-5ecb-8605-8ff883585c39","a809595a-ec74-4067-8f45-38b22115e4af","/marjork/","photo_click","file","quandry-04.jpg","\N","\N","1","2026-03-25 21:04:15","\N"
"2828c034-f1fe-4f26-9807-8cfe87875bd7","e49600f9-686d-5ecb-8605-8ff883585c39","a809595a-ec74-4067-8f45-38b22115e4af","/marjork/","photo_click","theme","retro","\N","\N","1","2026-03-25 21:04:15","\N"
"2828c034-f1fe-4f26-9807-8cfe87875bd7","bdd1b7fa-3c9f-5a6f-81da-ac77d94565aa","6d131a45-c04d-4aa3-8f5d-1dbe683bd9eb","/","kiss_button_click","message","i love you!","\N","\N","1","2026-04-01 02:54:53","\N"
"2828c034-f1fe-4f26-9807-8cfe87875bd7","2c88511d-6e97-5632-90ab-3326f7b1ec0a","96c61cdd-3a37-4dfb-8019-a61769c27e4a","/","spotify_goal_open","device","mobile","\N","\N","1","2026-05-23 16:00:45","\N"
"2828c034-f1fe-4f26-9807-8cfe87875bd7","c579f376-bfcc-5d92-9f8c-2cb1c296e01c","ec441250-c1c2-41a8-80aa-5ee8ef8ed610","/","music_player_open","shuffled","false","\N","\N","3","2026-05-19 01:47:38","\N"
"2828c034-f1fe-4f26-9807-8cfe87875bd7","c579f376-bfcc-5d92-9f8c-2cb1c296e01c","ec441250-c1c2-41a8-80aa-5ee8ef8ed610","/","music_player_open","track","Candy","\N","\N","1","2026-05-19 01:47:38","\N"
"2828c034-f1fe-4f26-9807-8cfe87875bd7","d69c99fa-ff25-5f53-86fc-571168475b01","31ab7eb3-deca-4bda-80ce-b0bf02166228","/","theme_change","theme","space","\N","\N","1","2026-05-19 00:16:36","\N"
"2828c034-f1fe-4f26-9807-8cfe87875bd7","9d7f3c75-7c93-52c9-a015-1909c48d884d","3fb8e59b-b8a0-4550-80e9-5c5da95e9ada","/","theme_toggle","action","disabled","\N","\N","1","2026-05-19 01:45:53","\N"
"2828c034-f1fe-4f26-9807-8cfe87875bd7","9d7f3c75-7c93-52c9-a015-1909c48d884d","3fb8e59b-b8a0-4550-80e9-5c5da95e9ada","/","theme_toggle","theme","retro","\N","\N","1","2026-05-19 01:45:53","\N"
"2828c034-f1fe-4f26-9807-8cfe87875bd7","acffeb0e-7e0c-5130-a7e6-a23a4e0e5f89","6b00caef-e168-4f31-816e-54972c22fba1","/","games_shelf_game_click","game","tradle","\N","\N","1","2026-05-19 00:47:38","\N"
"2828c034-f1fe-4f26-9807-8cfe87875bd7","acffeb0e-7e0c-5130-a7e6-a23a4e0e5f89","6b00caef-e168-4f31-816e-54972c22fba1","/","games_shelf_game_click","title","tradle","\N","\N","1","2026-05-19 00:47:38","\N"
"2828c034-f1fe-4f26-9807-8cfe87875bd7","86512db2-1434-5c94-94fb-d65e3222161d","1d07cb82-495d-4fe8-8174-bcc2fb0f3f04","/","outbound_link_click","href","https://open.spotify.com/user/31m6yxbmqxjd6zq3eg6kk3aefuae","\N","\N","1","2026-05-20 17:39:26","\N"
"2828c034-f1fe-4f26-9807-8cfe87875bd7","86512db2-1434-5c94-94fb-d65e3222161d","1d07cb82-495d-4fe8-8174-bcc2fb0f3f04","/","outbound_link_click","label","spotify free fleeing","\N","\N","1","2026-05-20 17:39:26","\N"
"2828c034-f1fe-4f26-9807-8cfe87875bd7","738077c3-0ea0-5619-8141-73f69a0c4902","e2917124-1e18-4df8-8191-4f89caa79bdd","/","kiss_button_click","message","☀️ solnyshko ☀️","\N","\N","1","2026-05-18 15:43:59","\N"
"2828c034-f1fe-4f26-9807-8cfe87875bd7","9845fa8d-c687-55ec-a626-398cefecc923","9ebae18c-7ad2-48a8-822d-0e785f5ba9b1","/","theme_change","theme","retro","\N","\N","1","2026-05-18 23:50:46","\N"
"2828c034-f1fe-4f26-9807-8cfe87875bd7","9d7f3c75-7c93-52c9-a015-1909c48d884d","66abb859-6d31-4eb6-8293-8e9ef2ff2307","/","url_links_toggle","disabled","false","\N","\N","3","2026-05-19 01:45:51","\N"
"2828c034-f1fe-4f26-9807-8cfe87875bd7","9d7f3c75-7c93-52c9-a015-1909c48d884d","a0e36e6d-d049-4ec8-82b0-771b998891c2","/","music_next_track","shuffled","false","\N","\N","3","2026-05-19 01:45:58","\N"
"2828c034-f1fe-4f26-9807-8cfe87875bd7","9d7f3c75-7c93-52c9-a015-1909c48d884d","a0e36e6d-d049-4ec8-82b0-771b998891c2","/","music_next_track","source","button","\N","\N","1","2026-05-19 01:45:58","\N"
"2828c034-f1fe-4f26-9807-8cfe87875bd7","9d7f3c75-7c93-52c9-a015-1909c48d884d","a0e36e6d-d049-4ec8-82b0-771b998891c2","/","music_next_track","track","Плачу на техно","\N","\N","1","2026-05-19 01:45:58","\N"
"2828c034-f1fe-4f26-9807-8cfe87875bd7","c579f376-bfcc-5d92-9f8c-2cb1c296e01c","c4cf6743-9921-4011-8374-0e4e8826515b","/","kiss_button_sink","strokes","1.0000","1","\N","2","2026-05-19 01:47:37","\N"
"2828c034-f1fe-4f26-9807-8cfe87875bd7","f6e462b0-3264-5d64-9083-411e3c9d4921","3528aa3c-2b36-45f4-8450-8924a076d556","/","theme_change","theme","art","\N","\N","1","2026-05-20 21:02:49","\N"
"2828c034-f1fe-4f26-9807-8cfe87875bd7","d69c99fa-ff25-5f53-86fc-571168475b01","7a9c1747-0ee3-4a38-846a-8024e8656e42","/","minesweeper_open","difficulty","easy","\N","\N","1","2026-05-19 00:16:25","\N"
"2828c034-f1fe-4f26-9807-8cfe87875bd7","9845fa8d-c687-55ec-a626-398cefecc923","dc067317-65b0-4701-8519-f96f1354d1b8","/","theme_change","theme","retro","\N","\N","1","2026-05-18 23:50:05","\N"
"2828c034-f1fe-4f26-9807-8cfe87875bd7","738077c3-0ea0-5619-8141-73f69a0c4902","6cea81f5-1722-46d4-8525-8a0ca6b56d21","/","spotify_goal_scored","device","mobile","\N","\N","1","2026-05-18 15:44:25","\N"
"2828c034-f1fe-4f26-9807-8cfe87875bd7","738077c3-0ea0-5619-8141-73f69a0c4902","6cea81f5-1722-46d4-8525-8a0ca6b56d21","/","spotify_goal_scored","theme","normal","\N","\N","1","2026-05-18 15:44:25","\N"
"2828c034-f1fe-4f26-9807-8cfe87875bd7","2cc0d86e-cb20-5bba-b17f-a55a7187fc35","c7091b77-b9f7-44a3-8537-60ea5457ac06","/","kiss_button_click","message","красивая!","\N","\N","1","2026-05-31 03:50:14","\N"
"2828c034-f1fe-4f26-9807-8cfe87875bd7","738077c3-0ea0-5619-8141-73f69a0c4902","24f63d80-401d-4fab-857c-cc7e3947ff35","/","photo_click","file","DUDEHELLOCAMERON.jpg","\N","\N","1","2026-05-18 15:43:49","\N"
"2828c034-f1fe-4f26-9807-8cfe87875bd7","738077c3-0ea0-5619-8141-73f69a0c4902","24f63d80-401d-4fab-857c-cc7e3947ff35","/","photo_click","theme","art","\N","\N","1","2026-05-18 15:43:49","\N"
"2828c034-f1fe-4f26-9807-8cfe87875bd7","c579f376-bfcc-5d92-9f8c-2cb1c296e01c","79ffe74b-94e7-41cd-85a7-40f01cf09522","/","theme_change","theme","art","\N","\N","1","2026-05-19 01:47:10","\N"
"2828c034-f1fe-4f26-9807-8cfe87875bd7","77a8dbd0-18f7-5920-9a1b-d16d03ca4c49","dc1939d9-fe7e-4a22-85eb-713e8f09e082","/","page_load","referrer","direct","\N","\N","1","2026-05-31 14:54:29","\N"
"2828c034-f1fe-4f26-9807-8cfe87875bd7","b032b482-e75a-574a-97a8-2bd2cdc66dc3","a8d7419a-cd25-4e3f-8622-b8871e1211fd","/","kiss_button_click","message","☀️ solnyshko ☀️","\N","\N","1","2026-05-24 05:43:55","\N"
"2828c034-f1fe-4f26-9807-8cfe87875bd7","2cc0d86e-cb20-5bba-b17f-a55a7187fc35","4a3443de-dc6c-4d3b-866e-57967d9c7628","/","spotify_goal_open","device","mobile","\N","\N","1","2026-05-31 03:50:19","\N"
"2828c034-f1fe-4f26-9807-8cfe87875bd7","985b2939-d96e-5076-b685-d15b88fa988d","192afa3e-5e94-42fb-8678-28d8e60433fb","/","outbound_link_click","href","https://kritiquekapital.com","\N","\N","1","2026-05-24 18:28:32","\N"
"2828c034-f1fe-4f26-9807-8cfe87875bd7","985b2939-d96e-5076-b685-d15b88fa988d","192afa3e-5e94-42fb-8678-28d8e60433fb","/","outbound_link_click","label","substack-button","\N","\N","1","2026-05-24 18:28:32","\N"
"2828c034-f1fe-4f26-9807-8cfe87875bd7","3cf55e25-ea0d-55c3-9475-d9e4b099270d","a2063368-256d-4d69-8685-53ba1cd32d7e","/","spotify_goal_scored","device","mobile","\N","\N","1","2026-05-19 03:26:25","\N"
"2828c034-f1fe-4f26-9807-8cfe87875bd7","3cf55e25-ea0d-55c3-9475-d9e4b099270d","a2063368-256d-4d69-8685-53ba1cd32d7e","/","spotify_goal_scored","theme","normal","\N","\N","1","2026-05-19 03:26:25","\N"
"2828c034-f1fe-4f26-9807-8cfe87875bd7","f6e462b0-3264-5d64-9083-411e3c9d4921","c424ec9b-3cdb-4b4d-86bb-72cebd1a11ef","/","outbound_link_click","href","https://kritiquekapital.com","\N","\N","1","2026-05-20 21:02:50","\N"
"2828c034-f1fe-4f26-9807-8cfe87875bd7","f6e462b0-3264-5d64-9083-411e3c9d4921","c424ec9b-3cdb-4b4d-86bb-72cebd1a11ef","/","outbound_link_click","label","substack-button","\N","\N","1","2026-05-20 21:02:50","\N"
"2828c034-f1fe-4f26-9807-8cfe87875bd7","985b2939-d96e-5076-b685-d15b88fa988d","971b2fb9-49a4-4252-8731-b47a112fb584","/","spotify_goal_open","device","mobile","\N","\N","1","2026-05-24 18:28:21","\N"
"2828c034-f1fe-4f26-9807-8cfe87875bd7","d69c99fa-ff25-5f53-86fc-571168475b01","e6c32186-3432-409c-87a3-a5b077b5427b","/","photo_click","file","roll_03_(11).jpg","\N","\N","1","2026-05-19 00:16:28","\N"
"2828c034-f1fe-4f26-9807-8cfe87875bd7","d69c99fa-ff25-5f53-86fc-571168475b01","e6c32186-3432-409c-87a3-a5b077b5427b","/","photo_click","theme","retro","\N","\N","1","2026-05-19 00:16:28","\N"
"2828c034-f1fe-4f26-9807-8cfe87875bd7","f6e462b0-3264-5d64-9083-411e3c9d4921","2166f583-7d9c-4077-87dc-3f25f5ea3b07","/","kiss_button_click","message","☀️ solnyshko ☀️","\N","\N","1","2026-05-20 21:02:09","\N"
"2828c034-f1fe-4f26-9807-8cfe87875bd7","738077c3-0ea0-5619-8141-73f69a0c4902","c5ec59e8-3d6b-4184-87e7-144d56284e74","/","theme_change","theme","rain","\N","\N","1","2026-05-18 15:44:23","\N"
"2828c034-f1fe-4f26-9807-8cfe87875bd7","d69c99fa-ff25-5f53-86fc-571168475b01","defac94b-152b-4eba-8814-8727b831ef48","/","theme_change","theme","art","\N","\N","1","2026-05-19 00:16:34","\N"
"2828c034-f1fe-4f26-9807-8cfe87875bd7","738077c3-0ea0-5619-8141-73f69a0c4902","2c4015f4-ebc6-493e-8828-b8464f7f03a5","/","kiss_button_click","message","u get it","\N","\N","1","2026-05-18 15:44:05","\N"
"2828c034-f1fe-4f26-9807-8cfe87875bd7","ab96a5de-d5fb-5a85-9327-9058511a8218","0b204ebd-1092-4eba-88a8-4a749ffbfad9","/","kiss_button_click","message","i love you!","\N","\N","1","2026-05-31 03:45:18","\N"
"2828c034-f1fe-4f26-9807-8cfe87875bd7","738077c3-0ea0-5619-8141-73f69a0c4902","924e98d0-fcd9-4b74-88e7-700f92d367b4","/","kiss_button_click","message","Horse Balls!","\N","\N","1","2026-05-18 15:44:08","\N"
"2828c034-f1fe-4f26-9807-8cfe87875bd7","b7997645-a918-599e-b0e2-a856f05be9cc","acf3a3e8-c5dc-4625-88ff-81b3006d8dce","/","page_load","referrer","direct","\N","\N","1","2026-05-31 07:26:18","\N"
"2828c034-f1fe-4f26-9807-8cfe87875bd7","c579f376-bfcc-5d92-9f8c-2cb1c296e01c","bd8c98dc-dca6-4569-8961-8b43e3e45e59","/","outbound_link_click","href","https://x.com/cameron_glhf","\N","\N","1","2026-05-19 01:47:13","\N"
"2828c034-f1fe-4f26-9807-8cfe87875bd7","c579f376-bfcc-5d92-9f8c-2cb1c296e01c","bd8c98dc-dca6-4569-8961-8b43e3e45e59","/","outbound_link_click","label","twitter","\N","\N","1","2026-05-19 01:47:13","\N"
"2828c034-f1fe-4f26-9807-8cfe87875bd7","738077c3-0ea0-5619-8141-73f69a0c4902","2436cc4e-4050-4ab1-8974-6e24158836c6","/","kiss_button_click","message","i love you!","\N","\N","1","2026-05-18 15:44:09","\N"
"2828c034-f1fe-4f26-9807-8cfe87875bd7","caa6345d-7feb-5aa3-b902-ad35d09c77c4","265544c6-4418-43e8-8a87-4c9d39ad9b36","/","page_exit","seconds","21.0000","21","\N","2","2026-05-31 07:26:37","\N"
"2828c034-f1fe-4f26-9807-8cfe87875bd7","738077c3-0ea0-5619-8141-73f69a0c4902","66e34fed-c8f3-4440-8b21-4b3d474d1a14","/","kiss_button_click","message","Horse Balls!","\N","\N","1","2026-05-18 15:44:04","\N"
"2828c034-f1fe-4f26-9807-8cfe87875bd7","ab96a5de-d5fb-5a85-9327-9058511a8218","d1b78d34-3319-431d-8b28-6e4790859fa4","/","kiss_button_sink","strokes","4.0000","4","\N","2","2026-05-31 03:45:19","\N"
"2828c034-f1fe-4f26-9807-8cfe87875bd7","95218614-e149-5280-8ea5-e1d07f51a153","85c0fe95-9240-423a-8b88-4119c6620a7a","/","page_load","referrer","direct","\N","\N","1","2026-05-31 07:26:17","\N"
"2828c034-f1fe-4f26-9807-8cfe87875bd7","b032b482-e75a-574a-97a8-2bd2cdc66dc3","e485cc2e-c3c0-48c0-8b8b-a0919aeb7f9a","/","kiss_button_click","message","красивая!","\N","\N","1","2026-05-24 05:43:54","\N"
"2828c034-f1fe-4f26-9807-8cfe87875bd7","738077c3-0ea0-5619-8141-73f69a0c4902","3f2e29b1-f5b1-4b99-8baf-0b71928ac57d","/","kiss_button_click","message","u get it","\N","\N","1","2026-05-18 15:43:53","\N"
"2828c034-f1fe-4f26-9807-8cfe87875bd7","acffeb0e-7e0c-5130-a7e6-a23a4e0e5f89","084b17b8-029f-4a3d-8c9e-dbc0d4fdda45","/","photo_click","file","roll_03_(11).jpg","\N","\N","1","2026-05-19 00:47:34","\N"
"2828c034-f1fe-4f26-9807-8cfe87875bd7","acffeb0e-7e0c-5130-a7e6-a23a4e0e5f89","084b17b8-029f-4a3d-8c9e-dbc0d4fdda45","/","photo_click","theme","retro","\N","\N","1","2026-05-19 00:47:34","\N"
"2828c034-f1fe-4f26-9807-8cfe87875bd7","9d7f3c75-7c93-52c9-a015-1909c48d884d","70651115-cd8b-4e6b-8ce8-75edddb93e64","/","minesweeper_open","difficulty","easy","\N","\N","1","2026-05-19 01:45:59","\N"
"2828c034-f1fe-4f26-9807-8cfe87875bd7","244ec070-b21c-5f3a-9920-308fe083adc9","f9df9090-db70-4ca9-8d4b-4f048a8910da","/","theme_change","theme","retro","\N","\N","1","2026-05-24 11:34:35","\N"
"2828c034-f1fe-4f26-9807-8cfe87875bd7","a81b31f8-253a-5825-889b-b0947664e241","a7c21eab-23b2-48e4-8da0-e7295d561e79","/","outbound_link_click","href","https://kritiquekapital.com","\N","\N","1","2026-05-23 02:45:38","\N"
"2828c034-f1fe-4f26-9807-8cfe87875bd7","a81b31f8-253a-5825-889b-b0947664e241","a7c21eab-23b2-48e4-8da0-e7295d561e79","/","outbound_link_click","label","substack-button","\N","\N","1","2026-05-23 02:45:38","\N"
"2828c034-f1fe-4f26-9807-8cfe87875bd7","ab96a5de-d5fb-5a85-9327-9058511a8218","2d3c30c7-e436-4ec4-8db6-ec61f51efc9f","/","spotify_goal_open","device","desktop","\N","\N","1","2026-05-31 03:46:15","\N"
"2828c034-f1fe-4f26-9807-8cfe87875bd7","738077c3-0ea0-5619-8141-73f69a0c4902","69854c57-99cb-4828-8dd2-60b16138a8e4","/","kiss_button_click","message","i love you!","\N","\N","1","2026-05-18 15:43:56","\N"
"2828c034-f1fe-4f26-9807-8cfe87875bd7","ab96a5de-d5fb-5a85-9327-9058511a8218","e6c02d1b-148e-4f2a-8de7-00df1d50091f","/","kiss_button_click","message","я тебя люблю!","\N","\N","1","2026-05-31 03:45:17","\N"
"2828c034-f1fe-4f26-9807-8cfe87875bd7","6b7e8cf5-e924-5a18-8cba-c3292f894138","75547abb-8ca3-4cfb-8df8-f42663e21e6c","/","theme_change","theme","retro","\N","\N","1","2026-05-30 04:29:45","\N"
"2828c034-f1fe-4f26-9807-8cfe87875bd7","c579f376-bfcc-5d92-9f8c-2cb1c296e01c","b74b1a49-867a-4459-8e36-7b0b30038ccf","/","outbound_link_click","href","javascript:void(0);","\N","\N","1","2026-05-19 01:47:38","\N"
"2828c034-f1fe-4f26-9807-8cfe87875bd7","c579f376-bfcc-5d92-9f8c-2cb1c296e01c","b74b1a49-867a-4459-8e36-7b0b30038ccf","/","outbound_link_click","label","vinyl-link","\N","\N","1","2026-05-19 01:47:38","\N"
"2828c034-f1fe-4f26-9807-8cfe87875bd7","c579f376-bfcc-5d92-9f8c-2cb1c296e01c","bcb4d684-e74d-47d4-8e60-71e732f2bdc3","/","photo_click","file","DUDEHELLOCAMERON.jpg","\N","\N","1","2026-05-19 01:47:29","\N"
"2828c034-f1fe-4f26-9807-8cfe87875bd7","c579f376-bfcc-5d92-9f8c-2cb1c296e01c","bcb4d684-e74d-47d4-8e60-71e732f2bdc3","/","photo_click","theme","art","\N","\N","1","2026-05-19 01:47:29","\N"
"2828c034-f1fe-4f26-9807-8cfe87875bd7","738077c3-0ea0-5619-8141-73f69a0c4902","cc939fb3-d746-44c1-8e72-57b45fd161d7","/","theme_change","theme","space","\N","\N","1","2026-05-18 15:43:58","\N"
"2828c034-f1fe-4f26-9807-8cfe87875bd7","c579f376-bfcc-5d92-9f8c-2cb1c296e01c","f0f14d4a-58e3-4ce7-8f73-90daa24bbbe5","/","photo_click","file","quandry-03.jpg","\N","\N","1","2026-05-19 01:47:29","\N"
"2828c034-f1fe-4f26-9807-8cfe87875bd7","c579f376-bfcc-5d92-9f8c-2cb1c296e01c","f0f14d4a-58e3-4ce7-8f73-90daa24bbbe5","/","photo_click","theme","art","\N","\N","1","2026-05-19 01:47:29","\N"
"2828c034-f1fe-4f26-9807-8cfe87875bd7","9845fa8d-c687-55ec-a626-398cefecc923","79b2a502-5e58-4c41-9057-568fcf075185","/","theme_change","theme","glitch","\N","\N","1","2026-05-18 23:50:52","\N"
"2828c034-f1fe-4f26-9807-8cfe87875bd7","a81b31f8-253a-5825-889b-b0947664e241","9f4adcc1-cb58-4448-910d-10253365026f","/","theme_change","theme","art","\N","\N","1","2026-05-23 02:45:24","\N"
"2828c034-f1fe-4f26-9807-8cfe87875bd7","a026e444-17cf-5b42-b57a-fc094e431b2c","ef47ff66-1477-454c-9178-a4683f2f2ba5","/","theme_change","theme","retro","\N","\N","1","2026-05-19 00:56:01","\N"
"2828c034-f1fe-4f26-9807-8cfe87875bd7","3fa38ae3-6bd7-5586-8857-59903f7ff403","ab68efe4-b3f9-47db-9196-79cf54f7cb65","/","page_exit","seconds","15.0000","15","\N","2","2026-05-31 15:37:26","\N"
"2828c034-f1fe-4f26-9807-8cfe87875bd7","9845fa8d-c687-55ec-a626-398cefecc923","efe5afa6-6c5d-4fd3-91db-4e7ba1a7ebab","/","photo_click","file","roll_03_(12).jpg","\N","\N","1","2026-05-18 23:50:08","\N"
"2828c034-f1fe-4f26-9807-8cfe87875bd7","9845fa8d-c687-55ec-a626-398cefecc923","efe5afa6-6c5d-4fd3-91db-4e7ba1a7ebab","/","photo_click","theme","retro","\N","\N","1","2026-05-18 23:50:08","\N"
"2828c034-f1fe-4f26-9807-8cfe87875bd7","d69c99fa-ff25-5f53-86fc-571168475b01","0594086b-0fcc-48ec-9231-de010eaca867","/","theme_change","theme","retro","\N","\N","1","2026-05-19 00:16:25","\N"
"2828c034-f1fe-4f26-9807-8cfe87875bd7","3fa38ae3-6bd7-5586-8857-59903f7ff403","b60d52dd-9e51-4680-9267-6445f8d95118","/","theme_change","theme","retro","\N","\N","1","2026-05-31 15:37:18","\N"
"2828c034-f1fe-4f26-9807-8cfe87875bd7","9d7f3c75-7c93-52c9-a015-1909c48d884d","2ef25ee0-e7f6-4945-929f-3feb62375e76","/","music_player_open","shuffled","false","\N","\N","3","2026-05-19 01:45:55","\N"
"2828c034-f1fe-4f26-9807-8cfe87875bd7","9d7f3c75-7c93-52c9-a015-1909c48d884d","2ef25ee0-e7f6-4945-929f-3feb62375e76","/","music_player_open","track","Candy","\N","\N","1","2026-05-19 01:45:55","\N"
"2828c034-f1fe-4f26-9807-8cfe87875bd7","ab96a5de-d5fb-5a85-9327-9058511a8218","18acf017-c8d8-4a58-9300-e022ca54bcc4","/","kiss_button_click","message","i love you!","\N","\N","1","2026-05-31 03:45:21","\N"
"2828c034-f1fe-4f26-9807-8cfe87875bd7","b032b482-e75a-574a-97a8-2bd2cdc66dc3","57c260a8-a3b5-4a5f-930a-d3f67485b3d9","/","outbound_link_click","href","https://kritiquekapital.com","\N","\N","1","2026-05-24 04:20:31","\N"
"2828c034-f1fe-4f26-9807-8cfe87875bd7","b032b482-e75a-574a-97a8-2bd2cdc66dc3","57c260a8-a3b5-4a5f-930a-d3f67485b3d9","/","outbound_link_click","label","substack-button","\N","\N","1","2026-05-24 04:20:31","\N"
"2828c034-f1fe-4f26-9807-8cfe87875bd7","9d7f3c75-7c93-52c9-a015-1909c48d884d","61f28648-c825-4962-9394-cdc3311ae62b","/","outbound_link_click","href","#","\N","\N","1","2026-05-19 01:46:01","\N"
"2828c034-f1fe-4f26-9807-8cfe87875bd7","9d7f3c75-7c93-52c9-a015-1909c48d884d","61f28648-c825-4962-9394-cdc3311ae62b","/","outbound_link_click","label","propaganda-link","\N","\N","1","2026-05-19 01:46:01","\N"
"2828c034-f1fe-4f26-9807-8cfe87875bd7","acffeb0e-7e0c-5130-a7e6-a23a4e0e5f89","e45d52b6-e5cb-41a5-93de-a4887c5c1741","/","theme_change","theme","retro","\N","\N","1","2026-05-19 00:47:32","\N"
"2828c034-f1fe-4f26-9807-8cfe87875bd7","2cc0d86e-cb20-5bba-b17f-a55a7187fc35","f6a5dc6b-3ce0-4c9e-946e-239935d0481e","/","page_exit","seconds","14.0000","14","\N","2","2026-05-31 03:50:19","\N"
"2828c034-f1fe-4f26-9807-8cfe87875bd7","2c88511d-6e97-5632-90ab-3326f7b1ec0a","72c3c988-f20f-42d2-9477-cb4c51cb8fef","/","theme_change","theme","space","\N","\N","1","2026-05-23 16:00:45","\N"
"2828c034-f1fe-4f26-9807-8cfe87875bd7","738077c3-0ea0-5619-8141-73f69a0c4902","8c16b117-dcf5-4980-94e9-4fb70632fe30","/","theme_change","theme","art","\N","\N","1","2026-05-18 15:43:29","\N"
"2828c034-f1fe-4f26-9807-8cfe87875bd7","c579f376-bfcc-5d92-9f8c-2cb1c296e01c","6f20b329-11b2-4330-9552-2e74ad4d9c16","/","photo_click","file","quandry-01.jpg","\N","\N","1","2026-05-19 01:47:29","\N"
"2828c034-f1fe-4f26-9807-8cfe87875bd7","c579f376-bfcc-5d92-9f8c-2cb1c296e01c","6f20b329-11b2-4330-9552-2e74ad4d9c16","/","photo_click","theme","art","\N","\N","1","2026-05-19 01:47:29","\N"
"2828c034-f1fe-4f26-9807-8cfe87875bd7","738077c3-0ea0-5619-8141-73f69a0c4902","5de7b92b-349f-4abf-9570-be033922f94f","/","kiss_button_click","message","Horse Balls!","\N","\N","1","2026-05-18 15:43:55","\N"
"2828c034-f1fe-4f26-9807-8cfe87875bd7","86512db2-1434-5c94-94fb-d65e3222161d","868ea072-dcf1-461c-9581-7b106b15e95c","/","theme_change","theme","retro","\N","\N","1","2026-05-20 17:39:25","\N"
"2828c034-f1fe-4f26-9807-8cfe87875bd7","b032b482-e75a-574a-97a8-2bd2cdc66dc3","da1bb30a-d178-4435-9598-5d10cdae54cf","/","outbound_link_click","href","https://kritiquekapital.com","\N","\N","1","2026-05-24 04:52:30","\N"
"2828c034-f1fe-4f26-9807-8cfe87875bd7","b032b482-e75a-574a-97a8-2bd2cdc66dc3","da1bb30a-d178-4435-9598-5d10cdae54cf","/","outbound_link_click","label","substack-button","\N","\N","1","2026-05-24 04:52:30","\N"
"2828c034-f1fe-4f26-9807-8cfe87875bd7","ab96a5de-d5fb-5a85-9327-9058511a8218","3fc87f8d-c507-4f2a-9646-ec7b0a34621c","/","kiss_button_sink","strokes","6.0000","6","\N","2","2026-05-31 03:45:24","\N"
"2828c034-f1fe-4f26-9807-8cfe87875bd7","b032b482-e75a-574a-97a8-2bd2cdc66dc3","ab39d56c-0872-44cd-9695-94e1ea88eca4","/","theme_change","theme","retro","\N","\N","1","2026-05-24 04:20:30","\N"
"2828c034-f1fe-4f26-9807-8cfe87875bd7","b032b482-e75a-574a-97a8-2bd2cdc66dc3","4a5db0e7-a36b-4c42-96b2-9a3ab83cda80","/","theme_change","theme","retro","\N","\N","1","2026-05-24 04:52:29","\N"
"2828c034-f1fe-4f26-9807-8cfe87875bd7","738077c3-0ea0-5619-8141-73f69a0c4902","1f4693d4-3333-4d3f-96ff-515f31043b77","/","kiss_button_click","message","☀️ solnyshko ☀️","\N","\N","1","2026-05-18 15:44:03","\N"
"2828c034-f1fe-4f26-9807-8cfe87875bd7","738077c3-0ea0-5619-8141-73f69a0c4902","938be2c5-920c-4fc5-970a-58ab882dda38","/","kiss_button_click","message","красивая!","\N","\N","1","2026-05-18 15:44:06","\N"
"2828c034-f1fe-4f26-9807-8cfe87875bd7","c579f376-bfcc-5d92-9f8c-2cb1c296e01c","bc1be21b-3971-4d1d-971d-b32cb02aac0c","/","spotify_goal_scored","device","mobile","\N","\N","1","2026-05-19 01:46:46","\N"
"2828c034-f1fe-4f26-9807-8cfe87875bd7","c579f376-bfcc-5d92-9f8c-2cb1c296e01c","bc1be21b-3971-4d1d-971d-b32cb02aac0c","/","spotify_goal_scored","theme","normal","\N","\N","1","2026-05-19 01:46:46","\N"
"2828c034-f1fe-4f26-9807-8cfe87875bd7","acffeb0e-7e0c-5130-a7e6-a23a4e0e5f89","8ff3a56b-3459-40d3-9720-8da299a68e87","/","theme_change","theme","art","\N","\N","1","2026-05-19 00:48:08","\N"
"2828c034-f1fe-4f26-9807-8cfe87875bd7","f0b578ab-1cbe-5948-8b65-03ae672853b7","cdeb1544-251c-4961-9789-5517cd95e11f","/","theme_change","theme","art","\N","\N","1","2026-05-17 16:57:45","\N"
"2828c034-f1fe-4f26-9807-8cfe87875bd7","9845fa8d-c687-55ec-a626-398cefecc923","65867bba-2804-4812-97c1-b09eb02d3fb5","/","minesweeper_open","difficulty","easy","\N","\N","1","2026-05-18 23:50:11","\N"
"2828c034-f1fe-4f26-9807-8cfe87875bd7","acffeb0e-7e0c-5130-a7e6-a23a4e0e5f89","a98460a5-4ffd-42be-97da-778c40300340","/","theme_change","theme","space","\N","\N","1","2026-05-19 00:48:12","\N"
"2828c034-f1fe-4f26-9807-8cfe87875bd7","9845fa8d-c687-55ec-a626-398cefecc923","cab8f159-bcfd-4395-984a-e25a3fe80dbe","/","kiss_button_click","message","i love you!","\N","\N","1","2026-05-18 23:50:26","\N"
"2828c034-f1fe-4f26-9807-8cfe87875bd7","738077c3-0ea0-5619-8141-73f69a0c4902","b8b28ad7-11a8-4f0b-9852-f7879bc390b5","/","kiss_button_click","message","красивая!","\N","\N","1","2026-05-18 15:44:02","\N"
"2828c034-f1fe-4f26-9807-8cfe87875bd7","738077c3-0ea0-5619-8141-73f69a0c4902","61f8d076-6244-4507-991e-64d244450566","/","kiss_button_click","message","☀️ solnyshko ☀️","\N","\N","1","2026-05-18 15:44:07","\N"
"2828c034-f1fe-4f26-9807-8cfe87875bd7","738077c3-0ea0-5619-8141-73f69a0c4902","2a1c5a11-e099-48bf-993e-80bdc2b44e0b","/","kiss_button_sink","strokes","2.0000","2","\N","2","2026-05-18 15:43:54","\N"
"2828c034-f1fe-4f26-9807-8cfe87875bd7","c579f376-bfcc-5d92-9f8c-2cb1c296e01c","945311de-c571-43a7-9ac7-ea24214173e9","/","spotify_goal_open","device","mobile","\N","\N","1","2026-05-19 01:46:46","\N"
"2828c034-f1fe-4f26-9807-8cfe87875bd7","95218614-e149-5280-8ea5-e1d07f51a153","13cd6a45-3e36-4baa-9b0a-29bdd3f361df","/","theme_change","theme","retro","\N","\N","1","2026-05-31 07:26:18","\N"
"2828c034-f1fe-4f26-9807-8cfe87875bd7","2c88511d-6e97-5632-90ab-3326f7b1ec0a","3528ca2e-5cb3-4aac-9b23-e11cb78ce7c4","/","spotify_goal_scored","device","mobile","\N","\N","1","2026-05-23 16:00:44","\N"
"2828c034-f1fe-4f26-9807-8cfe87875bd7","2c88511d-6e97-5632-90ab-3326f7b1ec0a","3528ca2e-5cb3-4aac-9b23-e11cb78ce7c4","/","spotify_goal_scored","theme","normal","\N","\N","1","2026-05-23 16:00:44","\N"
"2828c034-f1fe-4f26-9807-8cfe87875bd7","ab96a5de-d5fb-5a85-9327-9058511a8218","6029ea45-5125-4b65-9b37-8d7f8a163e37","/","theme_change","theme","retro","\N","\N","1","2026-05-31 03:46:08","\N"
"2828c034-f1fe-4f26-9807-8cfe87875bd7","9845fa8d-c687-55ec-a626-398cefecc923","74017bfe-10a4-4d81-9b51-753171e58523","/","theme_change","theme","rain","\N","\N","1","2026-05-18 23:50:43","\N"
"2828c034-f1fe-4f26-9807-8cfe87875bd7","42365a8b-0591-5103-b6f2-d95e63b8535a","07370853-37ed-4143-9c48-2c2abe08f1ad","/","theme_change","theme","retro","\N","\N","1","2026-05-30 06:09:00","\N"
"2828c034-f1fe-4f26-9807-8cfe87875bd7","9845fa8d-c687-55ec-a626-398cefecc923","40ac5d8c-10ce-462f-9c8d-433b63ae00de","/","theme_change","theme","space","\N","\N","1","2026-05-18 23:50:50","\N"
"2828c034-f1fe-4f26-9807-8cfe87875bd7","985b2939-d96e-5076-b685-d15b88fa988d","e3089d4c-c0d7-4da5-9ca8-f07ea91ed42b","/","photo_click","file","brella.png","\N","\N","1","2026-05-24 18:28:53","\N"
"2828c034-f1fe-4f26-9807-8cfe87875bd7","985b2939-d96e-5076-b685-d15b88fa988d","e3089d4c-c0d7-4da5-9ca8-f07ea91ed42b","/","photo_click","theme","rain","\N","\N","1","2026-05-24 18:28:53","\N"
"2828c034-f1fe-4f26-9807-8cfe87875bd7","9d7f3c75-7c93-52c9-a015-1909c48d884d","d6d196ac-decb-4e84-9cc0-90babf32190f","/","theme_toggle","action","enabled","\N","\N","1","2026-05-19 01:45:53","\N"
"2828c034-f1fe-4f26-9807-8cfe87875bd7","9d7f3c75-7c93-52c9-a015-1909c48d884d","d6d196ac-decb-4e84-9cc0-90babf32190f","/","theme_toggle","theme","retro","\N","\N","1","2026-05-19 01:45:53","\N"
"2828c034-f1fe-4f26-9807-8cfe87875bd7","738077c3-0ea0-5619-8141-73f69a0c4902","fc5840bb-caf5-4186-9d8e-691043d468af","/","theme_change","theme","rain","\N","\N","1","2026-05-18 15:44:01","\N"
"2828c034-f1fe-4f26-9807-8cfe87875bd7","9845fa8d-c687-55ec-a626-398cefecc923","e18af254-dce5-47c8-9dcb-e253b323748b","/","theme_change","theme","retro","\N","\N","1","2026-05-18 23:50:53","\N"
"2828c034-f1fe-4f26-9807-8cfe87875bd7","d69c99fa-ff25-5f53-86fc-571168475b01","2859c031-a6f9-4c36-9e46-a04dade6c273","/","photo_click","file","roll_03_(17).jpg","\N","\N","1","2026-05-19 00:17:35","\N"
"2828c034-f1fe-4f26-9807-8cfe87875bd7","d69c99fa-ff25-5f53-86fc-571168475b01","2859c031-a6f9-4c36-9e46-a04dade6c273","/","photo_click","theme","retro","\N","\N","1","2026-05-19 00:17:35","\N"
"2828c034-f1fe-4f26-9807-8cfe87875bd7","9845fa8d-c687-55ec-a626-398cefecc923","72fbe8b9-fe95-4c6e-9e9c-8e0e736560f5","/","theme_change","theme","glitch","\N","\N","1","2026-05-18 23:50:44","\N"
"2828c034-f1fe-4f26-9807-8cfe87875bd7","738077c3-0ea0-5619-8141-73f69a0c4902","c53c1acc-a6f2-4897-9ee4-df99b349d60d","/","spotify_goal_open","device","mobile","\N","\N","1","2026-05-18 15:44:26","\N"
"2828c034-f1fe-4f26-9807-8cfe87875bd7","985b2939-d96e-5076-b685-d15b88fa988d","200942bf-1f2b-44d8-9f24-c9594d633b63","/","spotify_goal_scored","device","mobile","\N","\N","1","2026-05-24 18:28:21","\N"
"2828c034-f1fe-4f26-9807-8cfe87875bd7","985b2939-d96e-5076-b685-d15b88fa988d","200942bf-1f2b-44d8-9f24-c9594d633b63","/","spotify_goal_scored","theme","space","\N","\N","1","2026-05-24 18:28:21","\N"
"2828c034-f1fe-4f26-9807-8cfe87875bd7","ab96a5de-d5fb-5a85-9327-9058511a8218","a5d54db2-87f5-4a22-9f5e-111c830cf7e5","/","page_load","referrer","direct","\N","\N","1","2026-05-31 23:37:56","\N"
"2828c034-f1fe-4f26-9807-8cfe87875bd7","ab96a5de-d5fb-5a85-9327-9058511a8218","5eec483c-8961-43e1-9f6b-bb2b86548e9a","/","kiss_button_click","message","u get it","\N","\N","1","2026-05-31 03:45:23","\N"
"2828c034-f1fe-4f26-9807-8cfe87875bd7","9845fa8d-c687-55ec-a626-398cefecc923","f1d03050-eacd-49bb-9f9c-8710662f8c3c","/","photo_click","file","roll_03_(17).jpg","\N","\N","1","2026-05-18 23:50:08","\N"
"2828c034-f1fe-4f26-9807-8cfe87875bd7","9845fa8d-c687-55ec-a626-398cefecc923","f1d03050-eacd-49bb-9f9c-8710662f8c3c","/","photo_click","theme","retro","\N","\N","1","2026-05-18 23:50:08","\N"
"2828c034-f1fe-4f26-9807-8cfe87875bd7","ab96a5de-d5fb-5a85-9327-9058511a8218","3acf75be-d156-4cb2-9fb6-f79f6c2e6f55","/","spotify_goal_scored","device","desktop","\N","\N","1","2026-05-31 03:46:15","\N"
"2828c034-f1fe-4f26-9807-8cfe87875bd7","ab96a5de-d5fb-5a85-9327-9058511a8218","3acf75be-d156-4cb2-9fb6-f79f6c2e6f55","/","spotify_goal_scored","theme","retro","\N","\N","1","2026-05-31 03:46:15","\N"
"2828c034-f1fe-4f26-9807-8cfe87875bd7","2cc0d86e-cb20-5bba-b17f-a55a7187fc35","caeede7f-00e7-435b-9fd6-4fc18912d047","/","kiss_button_click","message","☀️ solnyshko ☀️","\N","\N","1","2026-05-31 03:50:12","\N"
"2828c034-f1fe-4f26-9807-8cfe87875bd7","b7997645-a918-599e-b0e2-a856f05be9cc","823b62ef-e7fa-4fdc-9fff-078e4e40a7c2","/","theme_change","theme","retro","\N","\N","1","2026-05-31 07:26:18","\N"
"2828c034-f1fe-4f26-9807-8cfe87875bd7","2cc0d86e-cb20-5bba-b17f-a55a7187fc35","4139cafd-287d-4c2c-a005-e094de4cd69c","/","theme_change","theme","retro","\N","\N","1","2026-05-31 03:50:14","\N"
"2828c034-f1fe-4f26-9807-8cfe87875bd7","3cf55e25-ea0d-55c3-9475-d9e4b099270d","f00f687d-bca2-4abb-a04c-e6619172ca26","/","theme_change","theme","art","\N","\N","1","2026-05-19 03:26:24","\N"
"2828c034-f1fe-4f26-9807-8cfe87875bd7","9845fa8d-c687-55ec-a626-398cefecc923","7a728eb4-22e2-4f07-a06e-661cb62124f8","/","games_shelf_game_click","game","framed","\N","\N","1","2026-05-18 23:50:16","\N"
"2828c034-f1fe-4f26-9807-8cfe87875bd7","9845fa8d-c687-55ec-a626-398cefecc923","7a728eb4-22e2-4f07-a06e-661cb62124f8","/","games_shelf_game_click","title","framed","\N","\N","1","2026-05-18 23:50:16","\N"
"2828c034-f1fe-4f26-9807-8cfe87875bd7","f6e462b0-3264-5d64-9083-411e3c9d4921","4b78888f-67be-4f39-a078-e39e112b18a9","/","photo_click","file","roll_03_(11).jpg","\N","\N","1","2026-05-20 21:02:47","\N"
"2828c034-f1fe-4f26-9807-8cfe87875bd7","f6e462b0-3264-5d64-9083-411e3c9d4921","4b78888f-67be-4f39-a078-e39e112b18a9","/","photo_click","theme","retro","\N","\N","1","2026-05-20 21:02:47","\N"
"2828c034-f1fe-4f26-9807-8cfe87875bd7","b032b482-e75a-574a-97a8-2bd2cdc66dc3","eaab9350-d3fc-4cc8-a0e6-159d3a4e5a1a","/","theme_change","theme","retro","\N","\N","1","2026-05-24 04:21:14","\N"
"2828c034-f1fe-4f26-9807-8cfe87875bd7","d69c99fa-ff25-5f53-86fc-571168475b01","75daea30-4778-4b3b-a126-fa23f3115874","/","theme_change","theme","retro","\N","\N","1","2026-05-19 00:16:39","\N"
"2828c034-f1fe-4f26-9807-8cfe87875bd7","9d7f3c75-7c93-52c9-a015-1909c48d884d","565e2990-a20c-48c6-a15e-fa8ad5d99e9e","/","outbound_link_click","href","javascript:void(0);","\N","\N","1","2026-05-19 01:45:56","\N"
"2828c034-f1fe-4f26-9807-8cfe87875bd7","9d7f3c75-7c93-52c9-a015-1909c48d884d","565e2990-a20c-48c6-a15e-fa8ad5d99e9e","/","outbound_link_click","label","vinyl-link opened-this-session","\N","\N","1","2026-05-19 01:45:56","\N"
"2828c034-f1fe-4f26-9807-8cfe87875bd7","2cc0d86e-cb20-5bba-b17f-a55a7187fc35","fabc2f5c-19c7-47be-a1be-64da2177391d","/","theme_change","theme","art","\N","\N","1","2026-05-31 03:50:10","\N"
"2828c034-f1fe-4f26-9807-8cfe87875bd7","b032b482-e75a-574a-97a8-2bd2cdc66dc3","68849e9b-6347-4395-a1fd-2bcc33cc8ffc","/","outbound_link_click","href","https://kritiquekapital.com","\N","\N","1","2026-05-24 04:21:15","\N"
"2828c034-f1fe-4f26-9807-8cfe87875bd7","b032b482-e75a-574a-97a8-2bd2cdc66dc3","68849e9b-6347-4395-a1fd-2bcc33cc8ffc","/","outbound_link_click","label","substack-button","\N","\N","1","2026-05-24 04:21:15","\N"
"2828c034-f1fe-4f26-9807-8cfe87875bd7","985b2939-d96e-5076-b685-d15b88fa988d","d6f9bea4-6a4d-4593-a23d-843b7197dd33","/","theme_change","theme","rain","\N","\N","1","2026-05-24 18:28:22","\N"
"2828c034-f1fe-4f26-9807-8cfe87875bd7","2cc0d86e-cb20-5bba-b17f-a55a7187fc35","94520d8c-acb6-4ce3-a266-2c8d280d17f3","/","kiss_button_sink","strokes","1.0000","1","\N","2","2026-05-31 03:50:11","\N"
"2828c034-f1fe-4f26-9807-8cfe87875bd7","c579f376-bfcc-5d92-9f8c-2cb1c296e01c","8ff2e620-8c52-499e-a283-b1d4b5ca97b5","/","outbound_link_click","href","https://x.com/cameron_glhf","\N","\N","1","2026-05-19 01:46:42","\N"
"2828c034-f1fe-4f26-9807-8cfe87875bd7","c579f376-bfcc-5d92-9f8c-2cb1c296e01c","8ff2e620-8c52-499e-a283-b1d4b5ca97b5","/","outbound_link_click","label","twitter","\N","\N","1","2026-05-19 01:46:42","\N"
"2828c034-f1fe-4f26-9807-8cfe87875bd7","acffeb0e-7e0c-5130-a7e6-a23a4e0e5f89","63d604dc-2ef3-485f-a2e5-490c310145ff","/","minesweeper_open","difficulty","easy","\N","\N","1","2026-05-19 00:47:32","\N"
"2828c034-f1fe-4f26-9807-8cfe87875bd7","f6e462b0-3264-5d64-9083-411e3c9d4921","17e2f8dc-a99f-4f49-a39d-13e58c5caca5","/","kiss_button_sink","strokes","1.0000","1","\N","2","2026-05-20 21:02:11","\N"
"2828c034-f1fe-4f26-9807-8cfe87875bd7","d69c99fa-ff25-5f53-86fc-571168475b01","08050d6d-766b-42a1-a4c8-84059437b5ca","/","kiss_button_sink","strokes","1.0000","1","\N","2","2026-05-19 00:16:32","\N"
"2828c034-f1fe-4f26-9807-8cfe87875bd7","9845fa8d-c687-55ec-a626-398cefecc923","9588807e-fc4f-40da-a50f-0a573ec0ab43","/","photo_click","file","roll_03_(21).jpg","\N","\N","1","2026-05-18 23:50:27","\N"
"2828c034-f1fe-4f26-9807-8cfe87875bd7","9845fa8d-c687-55ec-a626-398cefecc923","9588807e-fc4f-40da-a50f-0a573ec0ab43","/","photo_click","theme","retro","\N","\N","1","2026-05-18 23:50:27","\N"
"2828c034-f1fe-4f26-9807-8cfe87875bd7","a81b31f8-253a-5825-889b-b0947664e241","5f65a5be-1f30-4e78-a5ca-a5f54e356182","/","spotify_goal_scored","device","mobile","\N","\N","1","2026-05-23 02:45:41","\N"
"2828c034-f1fe-4f26-9807-8cfe87875bd7","a81b31f8-253a-5825-889b-b0947664e241","5f65a5be-1f30-4e78-a5ca-a5f54e356182","/","spotify_goal_scored","theme","normal","\N","\N","1","2026-05-23 02:45:41","\N"
"2828c034-f1fe-4f26-9807-8cfe87875bd7","9845fa8d-c687-55ec-a626-398cefecc923","7a048e00-c38c-456c-a606-388c74e86964","/","kiss_button_click","message","u get it","\N","\N","1","2026-05-18 23:50:24","\N"
"2828c034-f1fe-4f26-9807-8cfe87875bd7","c579f376-bfcc-5d92-9f8c-2cb1c296e01c","09cbea86-00cd-4ef6-a725-d000eb8b7a20","/","kiss_button_click","message","красивая!","\N","\N","1","2026-05-19 01:47:30","\N"
"2828c034-f1fe-4f26-9807-8cfe87875bd7","9d7f3c75-7c93-52c9-a015-1909c48d884d","545a6867-c268-420e-a7c2-ea4353119410","/","outbound_link_click","href","javascript:void(0);","\N","\N","1","2026-05-19 01:45:55","\N"
"2828c034-f1fe-4f26-9807-8cfe87875bd7","9d7f3c75-7c93-52c9-a015-1909c48d884d","545a6867-c268-420e-a7c2-ea4353119410","/","outbound_link_click","label","vinyl-link","\N","\N","1","2026-05-19 01:45:55","\N"
"2828c034-f1fe-4f26-9807-8cfe87875bd7","ab96a5de-d5fb-5a85-9327-9058511a8218","c9156065-0262-40ad-a911-2e4c4ef9633f","/","kiss_button_click","message","я тебя люблю!","\N","\N","1","2026-05-31 03:45:16","\N"
"2828c034-f1fe-4f26-9807-8cfe87875bd7","985b2939-d96e-5076-b685-d15b88fa988d","5474e128-7c9d-40d2-a9f1-cc82bcd181cd","/","outbound_link_click","href","https://x.com/cameron_glhf","\N","\N","1","2026-05-24 18:28:44","\N"
"2828c034-f1fe-4f26-9807-8cfe87875bd7","985b2939-d96e-5076-b685-d15b88fa988d","5474e128-7c9d-40d2-a9f1-cc82bcd181cd","/","outbound_link_click","label","twitter","\N","\N","1","2026-05-24 18:28:44","\N"
"2828c034-f1fe-4f26-9807-8cfe87875bd7","86512db2-1434-5c94-94fb-d65e3222161d","3038867c-4824-4c27-aa70-dd664c54766a","/","theme_change","theme","glitch","\N","\N","1","2026-05-20 17:39:08","\N"
"2828c034-f1fe-4f26-9807-8cfe87875bd7","985b2939-d96e-5076-b685-d15b88fa988d","8f5d5e61-4406-47e6-aaaa-80a0989eb59e","/","photo_click","file","cordes-en-boyaux.png","\N","\N","1","2026-05-24 18:28:52","\N"
"2828c034-f1fe-4f26-9807-8cfe87875bd7","985b2939-d96e-5076-b685-d15b88fa988d","8f5d5e61-4406-47e6-aaaa-80a0989eb59e","/","photo_click","theme","rain","\N","\N","1","2026-05-24 18:28:52","\N"
"2828c034-f1fe-4f26-9807-8cfe87875bd7","738077c3-0ea0-5619-8141-73f69a0c4902","af1a3a15-eb10-4f45-aabd-09a08bb7d307","/","kiss_button_click","message","Horse Balls!","\N","\N","1","2026-05-18 15:44:09","\N"
"2828c034-f1fe-4f26-9807-8cfe87875bd7","9845fa8d-c687-55ec-a626-398cefecc923","20aeeae7-64fa-44c5-ab05-7516db583db3","/","photo_click","file","roll_03_(15).jpg","\N","\N","1","2026-05-18 23:50:08","\N"
"2828c034-f1fe-4f26-9807-8cfe87875bd7","9845fa8d-c687-55ec-a626-398cefecc923","20aeeae7-64fa-44c5-ab05-7516db583db3","/","photo_click","theme","retro","\N","\N","1","2026-05-18 23:50:08","\N"
"2828c034-f1fe-4f26-9807-8cfe87875bd7","c579f376-bfcc-5d92-9f8c-2cb1c296e01c","7643e9d4-37f2-406f-ab44-78cdc7604058","/","photo_click","file","quandry-02.jpg","\N","\N","1","2026-05-19 01:47:29","\N"
"2828c034-f1fe-4f26-9807-8cfe87875bd7","c579f376-bfcc-5d92-9f8c-2cb1c296e01c","7643e9d4-37f2-406f-ab44-78cdc7604058","/","photo_click","theme","art","\N","\N","1","2026-05-19 01:47:29","\N"
"2828c034-f1fe-4f26-9807-8cfe87875bd7","ab96a5de-d5fb-5a85-9327-9058511a8218","d1b80ff5-7830-4987-ab98-bebad4ae87d8","/","kiss_button_click","message","i love you!","\N","\N","1","2026-05-31 03:45:16","\N"
"2828c034-f1fe-4f26-9807-8cfe87875bd7","e3cb237d-ccee-5bb3-98f7-92479fdab4db","f5a955e2-0aab-425f-abab-d67e541b4cd9","/","theme_change","theme","retro","\N","\N","1","2026-06-01 10:39:59","\N"
"2828c034-f1fe-4f26-9807-8cfe87875bd7","d69c99fa-ff25-5f53-86fc-571168475b01","629889ac-2ef5-44b2-abc0-ca8dfcd9452b","/","photo_click","file","roll_03_(15).jpg","\N","\N","1","2026-05-19 00:16:29","\N"
"2828c034-f1fe-4f26-9807-8cfe87875bd7","d69c99fa-ff25-5f53-86fc-571168475b01","629889ac-2ef5-44b2-abc0-ca8dfcd9452b","/","photo_click","theme","retro","\N","\N","1","2026-05-19 00:16:29","\N"
"2828c034-f1fe-4f26-9807-8cfe87875bd7","86512db2-1434-5c94-94fb-d65e3222161d","4c97c534-87bf-4017-ac5d-05ccd2e48a85","/","outbound_link_click","href","https://x.com/cameron_glhf","\N","\N","1","2026-05-20 17:39:04","\N"
"2828c034-f1fe-4f26-9807-8cfe87875bd7","86512db2-1434-5c94-94fb-d65e3222161d","4c97c534-87bf-4017-ac5d-05ccd2e48a85","/","outbound_link_click","label","twitter","\N","\N","1","2026-05-20 17:39:04","\N"
"2828c034-f1fe-4f26-9807-8cfe87875bd7","c579f376-bfcc-5d92-9f8c-2cb1c296e01c","906c92e0-c91d-4cad-ac92-09b600d637df","/","outbound_link_click","href","https://kritiquekapital.com","\N","\N","1","2026-05-19 01:47:25","\N"
"2828c034-f1fe-4f26-9807-8cfe87875bd7","c579f376-bfcc-5d92-9f8c-2cb1c296e01c","906c92e0-c91d-4cad-ac92-09b600d637df","/","outbound_link_click","label","substack-button","\N","\N","1","2026-05-19 01:47:25","\N"
"2828c034-f1fe-4f26-9807-8cfe87875bd7","738077c3-0ea0-5619-8141-73f69a0c4902","28e8e11f-c135-4937-acc5-cc3b2ca2ede8","/","outbound_link_click","href","https://kritiquekapital.com","\N","\N","1","2026-05-18 15:43:38","\N"
"2828c034-f1fe-4f26-9807-8cfe87875bd7","738077c3-0ea0-5619-8141-73f69a0c4902","28e8e11f-c135-4937-acc5-cc3b2ca2ede8","/","outbound_link_click","label","substack-button","\N","\N","1","2026-05-18 15:43:38","\N"
"2828c034-f1fe-4f26-9807-8cfe87875bd7","86512db2-1434-5c94-94fb-d65e3222161d","3abf15e8-11d1-4fe4-acf0-31940adc1af9","/","kiss_button_sink","strokes","1.0000","1","\N","2","2026-05-20 17:38:58","\N"
"2828c034-f1fe-4f26-9807-8cfe87875bd7","ab96a5de-d5fb-5a85-9327-9058511a8218","07ce423f-df1a-43f1-ad52-3fa04f0cda97","/","kiss_button_click","message","красивая!","\N","\N","1","2026-05-31 03:45:22","\N"
"2828c034-f1fe-4f26-9807-8cfe87875bd7","ab96a5de-d5fb-5a85-9327-9058511a8218","7830b0f7-6507-40f6-ae9a-0846f8940669","/","theme_change","theme","retro","\N","\N","1","2026-05-31 03:45:09","\N"
"2828c034-f1fe-4f26-9807-8cfe87875bd7","9845fa8d-c687-55ec-a626-398cefecc923","ffcea403-d257-4234-afb3-ae722c57fa32","/","theme_change","theme","art","\N","\N","1","2026-05-18 23:50:31","\N"
"2828c034-f1fe-4f26-9807-8cfe87875bd7","738077c3-0ea0-5619-8141-73f69a0c4902","cc29c129-de67-4f0a-b05f-948a94360e7a","/","kiss_button_click","message","Horse Balls!","\N","\N","1","2026-05-18 15:43:51","\N"
"2828c034-f1fe-4f26-9807-8cfe87875bd7","f6e462b0-3264-5d64-9083-411e3c9d4921","0c1113d9-4266-4a2c-b07f-211af27fd99b","/","outbound_link_click","href","https://open.spotify.com/user/31m6yxbmqxjd6zq3eg6kk3aefuae","\N","\N","1","2026-05-20 21:02:10","\N"
"2828c034-f1fe-4f26-9807-8cfe87875bd7","f6e462b0-3264-5d64-9083-411e3c9d4921","0c1113d9-4266-4a2c-b07f-211af27fd99b","/","outbound_link_click","label","spotify free fleeing","\N","\N","1","2026-05-20 21:02:10","\N"
"2828c034-f1fe-4f26-9807-8cfe87875bd7","a81b31f8-253a-5825-889b-b0947664e241","f72a7ea3-b88d-4d3c-b084-e62bff7c3c90","/","spotify_goal_open","device","mobile","\N","\N","1","2026-05-23 02:45:41","\N"
"2828c034-f1fe-4f26-9807-8cfe87875bd7","ab96a5de-d5fb-5a85-9327-9058511a8218","3c9d05c5-77f4-4751-b08b-f8548ccc0463","/","kiss_button_click","message","я тебя люблю!","\N","\N","1","2026-05-31 03:45:20","\N"
"2828c034-f1fe-4f26-9807-8cfe87875bd7","f6e462b0-3264-5d64-9083-411e3c9d4921","4efc92bc-96c1-405d-b0a2-9ea479422bdf","/","theme_change","theme","retro","\N","\N","1","2026-05-20 21:02:08","\N"
"2828c034-f1fe-4f26-9807-8cfe87875bd7","d69c99fa-ff25-5f53-86fc-571168475b01","32efa91f-d416-4944-b209-c3546664b777","/","kiss_button_click","message","красивая!","\N","\N","1","2026-05-19 00:16:29","\N"
"2828c034-f1fe-4f26-9807-8cfe87875bd7","92acdd33-66ab-521d-a4e3-c160e11b1b28","18ecf344-1e49-49cc-b25a-aca7c211ad98","/","theme_change","theme","retro","\N","\N","1","2026-05-30 03:44:51","\N"
"2828c034-f1fe-4f26-9807-8cfe87875bd7","9d7f3c75-7c93-52c9-a015-1909c48d884d","43462cd0-111d-4702-b265-a696feb26065","/","music_next_track","shuffled","false","\N","\N","3","2026-05-19 01:45:57","\N"
"2828c034-f1fe-4f26-9807-8cfe87875bd7","9d7f3c75-7c93-52c9-a015-1909c48d884d","43462cd0-111d-4702-b265-a696feb26065","/","music_next_track","source","button","\N","\N","1","2026-05-19 01:45:57","\N"
"2828c034-f1fe-4f26-9807-8cfe87875bd7","9d7f3c75-7c93-52c9-a015-1909c48d884d","43462cd0-111d-4702-b265-a696feb26065","/","music_next_track","track","Avatar's Love","\N","\N","1","2026-05-19 01:45:57","\N"
"2828c034-f1fe-4f26-9807-8cfe87875bd7","985b2939-d96e-5076-b685-d15b88fa988d","3a623c4e-d210-49e0-b26c-1d18007550c4","/","theme_change","theme","space","\N","\N","1","2026-05-24 18:28:17","\N"
"2828c034-f1fe-4f26-9807-8cfe87875bd7","9d7f3c75-7c93-52c9-a015-1909c48d884d","a845e904-410d-4460-b2f0-083c5272e6e2","/","music_player_open","shuffled","false","\N","\N","3","2026-05-19 01:45:56","\N"
"2828c034-f1fe-4f26-9807-8cfe87875bd7","9d7f3c75-7c93-52c9-a015-1909c48d884d","a845e904-410d-4460-b2f0-083c5272e6e2","/","music_player_open","track","Candy","\N","\N","1","2026-05-19 01:45:56","\N"
"2828c034-f1fe-4f26-9807-8cfe87875bd7","b032b482-e75a-574a-97a8-2bd2cdc66dc3","7546ab0c-1636-4713-b35f-0abe2f500dbd","/","kiss_button_click","message","я тебя люблю!","\N","\N","1","2026-05-24 05:43:56","\N"
"2828c034-f1fe-4f26-9807-8cfe87875bd7","ab96a5de-d5fb-5a85-9327-9058511a8218","6b58f67f-44af-4e5a-b380-2dedcc00832a","/","outbound_link_click","href","https://open.spotify.com/user/31m6yxbmqxjd6zq3eg6kk3aefuae","\N","\N","1","2026-05-31 03:46:13","\N"
"2828c034-f1fe-4f26-9807-8cfe87875bd7","ab96a5de-d5fb-5a85-9327-9058511a8218","6b58f67f-44af-4e5a-b380-2dedcc00832a","/","outbound_link_click","label","spotify free fleeing","\N","\N","1","2026-05-31 03:46:13","\N"
"2828c034-f1fe-4f26-9807-8cfe87875bd7","ab96a5de-d5fb-5a85-9327-9058511a8218","d05b3adb-72a8-4766-b380-c33c788e049f","/","theme_change","theme","retro","\N","\N","1","2026-05-31 03:46:04","\N"
"2828c034-f1fe-4f26-9807-8cfe87875bd7","2cc0d86e-cb20-5bba-b17f-a55a7187fc35","a1e9536c-f7f1-4c7b-b3d2-202f79cd2dd8","/","kiss_button_click","message","u get it","\N","\N","1","2026-05-31 03:50:11","\N"
"2828c034-f1fe-4f26-9807-8cfe87875bd7","9d7f3c75-7c93-52c9-a015-1909c48d884d","a61ee50e-c08c-49ba-b411-68bf553fb6c4","/","url_links_toggle","disabled","true","\N","\N","3","2026-05-19 01:45:51","\N"
"2828c034-f1fe-4f26-9807-8cfe87875bd7","9d7f3c75-7c93-52c9-a015-1909c48d884d","9cf66654-d649-4223-b417-bd3cf4ea0f62","/","volume_set","bucket","low","\N","\N","1","2026-05-19 01:45:52","\N"
"2828c034-f1fe-4f26-9807-8cfe87875bd7","b032b482-e75a-574a-97a8-2bd2cdc66dc3","1b787beb-0b61-4d1f-b461-59d1d41a99e3","/","theme_change","theme","retro","\N","\N","1","2026-05-24 05:43:12","\N"
"2828c034-f1fe-4f26-9807-8cfe87875bd7","d69c99fa-ff25-5f53-86fc-571168475b01","1c096d1a-965f-46d8-b4e8-11795490033a","/","photo_click","file","roll_03_(12).jpg","\N","\N","1","2026-05-19 00:16:28","\N"
"2828c034-f1fe-4f26-9807-8cfe87875bd7","d69c99fa-ff25-5f53-86fc-571168475b01","1c096d1a-965f-46d8-b4e8-11795490033a","/","photo_click","theme","retro","\N","\N","1","2026-05-19 00:16:28","\N"
"2828c034-f1fe-4f26-9807-8cfe87875bd7","f6e462b0-3264-5d64-9083-411e3c9d4921","ca9ca1c4-6b62-4d27-b500-9020eadb4dcd","/","photo_click","file","roll_03_(12).jpg","\N","\N","1","2026-05-20 21:02:48","\N"
"2828c034-f1fe-4f26-9807-8cfe87875bd7","f6e462b0-3264-5d64-9083-411e3c9d4921","ca9ca1c4-6b62-4d27-b500-9020eadb4dcd","/","photo_click","theme","retro","\N","\N","1","2026-05-20 21:02:48","\N"
"2828c034-f1fe-4f26-9807-8cfe87875bd7","9845fa8d-c687-55ec-a626-398cefecc923","1cc4af87-ed4c-42e9-b622-a326b61cc59e","/","theme_change","theme","art","\N","\N","1","2026-05-18 23:50:48","\N"
"2828c034-f1fe-4f26-9807-8cfe87875bd7","e3cb237d-ccee-5bb3-98f7-92479fdab4db","233972e8-065a-4171-b672-69902e3c174a","/","session_heartbeat","seconds","30.0000","30","\N","2","2026-06-01 10:40:28","\N"
"2828c034-f1fe-4f26-9807-8cfe87875bd7","2cc0d86e-cb20-5bba-b17f-a55a7187fc35","54148ac2-1f16-445e-b6b9-0323c3fdbb18","/","page_load","referrer","https://l.instagram.com/","\N","\N","1","2026-05-31 03:50:05","\N"
"2828c034-f1fe-4f26-9807-8cfe87875bd7","ab96a5de-d5fb-5a85-9327-9058511a8218","9ec9eba6-fca6-4b66-b71f-9b92abca11b1","/","theme_change","theme","retro","\N","\N","1","2026-05-31 23:37:53","\N"
"2828c034-f1fe-4f26-9807-8cfe87875bd7","ab96a5de-d5fb-5a85-9327-9058511a8218","1ee3e64e-d417-42ef-b722-8a0f53fe6b92","/","kiss_button_click","message","Horse Balls!","\N","\N","1","2026-05-31 03:45:23","\N"
"2828c034-f1fe-4f26-9807-8cfe87875bd7","3cf55e25-ea0d-55c3-9475-d9e4b099270d","db16cbd8-4fba-4220-b72d-e03f1acc1d3d","/","spotify_goal_open","device","mobile","\N","\N","1","2026-05-19 03:26:25","\N"
"2828c034-f1fe-4f26-9807-8cfe87875bd7","86512db2-1434-5c94-94fb-d65e3222161d","4dd7654a-9806-48e8-b754-0931c2f1838d","/","kiss_button_click","message","i love you!","\N","\N","1","2026-05-20 17:38:58","\N"
"2828c034-f1fe-4f26-9807-8cfe87875bd7","ab96a5de-d5fb-5a85-9327-9058511a8218","8c26a85e-f504-472a-b755-fa0c58f9ae56","/","kiss_button_click","message","я тебя люблю!","\N","\N","1","2026-05-31 03:45:21","\N"
"2828c034-f1fe-4f26-9807-8cfe87875bd7","738077c3-0ea0-5619-8141-73f69a0c4902","4c5ff6e0-a214-4b86-b784-ac9a0486224e","/","kiss_button_click","message","u get it","\N","\N","1","2026-05-18 15:44:02","\N"
"2828c034-f1fe-4f26-9807-8cfe87875bd7","9845fa8d-c687-55ec-a626-398cefecc923","2a1656e4-0633-4509-b797-f19acf6bc7da","/","theme_change","theme","space","\N","\N","1","2026-05-18 23:50:32","\N"
"2828c034-f1fe-4f26-9807-8cfe87875bd7","caa6345d-7feb-5aa3-b902-ad35d09c77c4","37ffe45b-ef93-438a-b7b2-e749390b9753","/","page_exit","seconds","19.0000","19","\N","2","2026-05-31 07:26:36","\N"
"2828c034-f1fe-4f26-9807-8cfe87875bd7","e3cb237d-ccee-5bb3-98f7-92479fdab4db","90bfb24d-2cfa-4749-b81a-2a14a7eaa2e5","/","page_load","referrer","direct","\N","\N","1","2026-06-01 10:39:58","\N"
"2828c034-f1fe-4f26-9807-8cfe87875bd7","9845fa8d-c687-55ec-a626-398cefecc923","b7fb7cb5-a4d0-4531-b823-e5563b8eb081","/","photo_click","file","roll_03_(11).jpg","\N","\N","1","2026-05-18 23:50:07","\N"
"2828c034-f1fe-4f26-9807-8cfe87875bd7","9845fa8d-c687-55ec-a626-398cefecc923","b7fb7cb5-a4d0-4531-b823-e5563b8eb081","/","photo_click","theme","retro","\N","\N","1","2026-05-18 23:50:07","\N"
"2828c034-f1fe-4f26-9807-8cfe87875bd7","86512db2-1434-5c94-94fb-d65e3222161d","5dd3db8b-4f01-4848-b9a1-c8ca5a4f192f","/","theme_change","theme","rain","\N","\N","1","2026-05-20 17:38:57","\N"
"2828c034-f1fe-4f26-9807-8cfe87875bd7","2c88511d-6e97-5632-90ab-3326f7b1ec0a","de14bba4-1788-4445-b9c7-200ca03e5a75","/","outbound_link_click","href","https://kritiquekapital.com","\N","\N","1","2026-05-23 16:00:36","\N"
"2828c034-f1fe-4f26-9807-8cfe87875bd7","2c88511d-6e97-5632-90ab-3326f7b1ec0a","de14bba4-1788-4445-b9c7-200ca03e5a75","/","outbound_link_click","label","substack-button","\N","\N","1","2026-05-23 16:00:36","\N"
"2828c034-f1fe-4f26-9807-8cfe87875bd7","9d7f3c75-7c93-52c9-a015-1909c48d884d","4b84a7bf-467d-46a0-ba70-77c493f58977","/","theme_change","theme","retro","\N","\N","1","2026-05-19 01:44:36","\N"
"2828c034-f1fe-4f26-9807-8cfe87875bd7","3fa38ae3-6bd7-5586-8857-59903f7ff403","2442a692-19ba-4a7c-ba88-6c9f4dd91844","/","theme_change","theme","retro","\N","\N","1","2026-05-23 06:39:26","\N"
"2828c034-f1fe-4f26-9807-8cfe87875bd7","c579f376-bfcc-5d92-9f8c-2cb1c296e01c","79dbf377-481c-4aee-bad4-cf1ff748ef1e","/","photo_click","file","quandry-04.jpg","\N","\N","1","2026-05-19 01:47:29","\N"
"2828c034-f1fe-4f26-9807-8cfe87875bd7","c579f376-bfcc-5d92-9f8c-2cb1c296e01c","79dbf377-481c-4aee-bad4-cf1ff748ef1e","/","photo_click","theme","art","\N","\N","1","2026-05-19 01:47:29","\N"
"2828c034-f1fe-4f26-9807-8cfe87875bd7","3fa38ae3-6bd7-5586-8857-59903f7ff403","d362c597-7091-4de8-bbf8-444145587f36","/","page_load","referrer","direct","\N","\N","1","2026-05-31 15:37:18","\N"
"2828c034-f1fe-4f26-9807-8cfe87875bd7","2cc0d86e-cb20-5bba-b17f-a55a7187fc35","c0331c46-49c8-490b-bc1f-86087902697b","/","spotify_goal_scored","device","mobile","\N","\N","1","2026-05-31 03:50:19","\N"
"2828c034-f1fe-4f26-9807-8cfe87875bd7","2cc0d86e-cb20-5bba-b17f-a55a7187fc35","c0331c46-49c8-490b-bc1f-86087902697b","/","spotify_goal_scored","theme","normal","\N","\N","1","2026-05-31 03:50:19","\N"
"2828c034-f1fe-4f26-9807-8cfe87875bd7","9845fa8d-c687-55ec-a626-398cefecc923","a345c1dd-3fbf-4071-bc28-d39ef9ca0bbb","/","theme_change","theme","rain","\N","\N","1","2026-05-18 23:50:51","\N"
"2828c034-f1fe-4f26-9807-8cfe87875bd7","c579f376-bfcc-5d92-9f8c-2cb1c296e01c","b8f3c005-8854-46a6-bcb0-59f066e269bc","/","theme_change","theme","art","\N","\N","1","2026-05-19 01:47:41","\N"
"2828c034-f1fe-4f26-9807-8cfe87875bd7","2c88511d-6e97-5632-90ab-3326f7b1ec0a","4f5f381d-d422-4a1b-bcfd-4c26c23f1760","/","theme_change","theme","art","\N","\N","1","2026-05-23 16:00:31","\N"
"2828c034-f1fe-4f26-9807-8cfe87875bd7","9d7f3c75-7c93-52c9-a015-1909c48d884d","d358701c-2b8c-42b4-be33-d7bce0472c42","/","video_player_open","title","OG of Film Photo","\N","\N","1","2026-05-19 01:46:01","\N"
"2828c034-f1fe-4f26-9807-8cfe87875bd7","a81b31f8-253a-5825-889b-b0947664e241","f7854af3-7569-453e-be9d-b93f86dbd882","/","outbound_link_click","href","https://x.com/cameron_glhf","\N","\N","1","2026-05-23 02:45:26","\N"
"2828c034-f1fe-4f26-9807-8cfe87875bd7","a81b31f8-253a-5825-889b-b0947664e241","f7854af3-7569-453e-be9d-b93f86dbd882","/","outbound_link_click","label","twitter","\N","\N","1","2026-05-23 02:45:26","\N"
"2828c034-f1fe-4f26-9807-8cfe87875bd7","acffeb0e-7e0c-5130-a7e6-a23a4e0e5f89","6ef04b70-ce8d-4c83-beb1-2803ba643cfe","/","theme_change","theme","retro","\N","\N","1","2026-05-19 00:48:16","\N"
"2828c034-f1fe-4f26-9807-8cfe87875bd7","738077c3-0ea0-5619-8141-73f69a0c4902","c264614f-faa0-40f7-bee9-b63fd215253d","/","kiss_button_sink","strokes","13.0000","13","\N","2","2026-05-18 15:44:09","\N"
"2828c034-f1fe-4f26-9807-8cfe87875bd7","77a8dbd0-18f7-5920-9a1b-d16d03ca4c49","3ce7038f-8d3a-4507-bf50-b35aa88f2d50","/","theme_change","theme","retro","\N","\N","1","2026-05-31 14:54:29","\N"
"2828c034-f1fe-4f26-9807-8cfe87875bd7","9d7f3c75-7c93-52c9-a015-1909c48d884d","3df7ab24-763d-4438-bf55-f3d0393afb2e","/","theme_change","theme","art","\N","\N","1","2026-05-19 01:45:53","\N"
"2828c034-f1fe-4f26-9807-8cfe87875bd7","acffeb0e-7e0c-5130-a7e6-a23a4e0e5f89","11bcd672-6928-4785-bfa8-5bce18e56800","/","kiss_button_click","message","красивая!","\N","\N","1","2026-05-19 00:47:35","\N"
"2828c034-f1fe-4f26-9807-8cfe87875bd7","1d98c125-7d6d-5c19-b4de-596ad35c6621","3deffd50-b15a-4a5b-8f92-4d9b25f657f5","/","kiss_button_click","message","i love you!","\N","\N","1","2026-04-20 22:04:26","\N"
"2828c034-f1fe-4f26-9807-8cfe87875bd7","b18dae6c-cf08-54e0-9d94-26d680929abc","a5f41ea6-340b-46b3-8fa1-c1f101af3372","/","photo_click","file","roll_03_(24).jpg","\N","\N","1","2026-04-05 06:32:17","\N"
"2828c034-f1fe-4f26-9807-8cfe87875bd7","b18dae6c-cf08-54e0-9d94-26d680929abc","a5f41ea6-340b-46b3-8fa1-c1f101af3372","/","photo_click","theme","retro","\N","\N","1","2026-04-05 06:32:17","\N"
"2828c034-f1fe-4f26-9807-8cfe87875bd7","4dbd5350-6182-5315-bd76-6fd44c2b0ea4","4f072d4c-d185-43b5-8fad-1bec0f1a69b9","/","site_loaded","device","desktop","\N","\N","1","2026-03-27 12:40:24","\N"
"2828c034-f1fe-4f26-9807-8cfe87875bd7","4dbd5350-6182-5315-bd76-6fd44c2b0ea4","4f072d4c-d185-43b5-8fad-1bec0f1a69b9","/","site_loaded","theme","retro","\N","\N","1","2026-03-27 12:40:24","\N"
"2828c034-f1fe-4f26-9807-8cfe87875bd7","54b0dbf9-3759-520f-b4d4-a08447c4d3d1","680e4a06-4869-47d9-8fc8-441d7172d92e","/","kiss_button_click","message","красивая!","\N","\N","1","2026-03-28 15:30:32","\N"
"2828c034-f1fe-4f26-9807-8cfe87875bd7","e49600f9-686d-5ecb-8605-8ff883585c39","31a4dfcf-3dea-4dde-8fd5-05e6069d90e8","/marjork/","photo_click","file","quandry-06.jpg","\N","\N","1","2026-03-25 21:04:18","\N"
"2828c034-f1fe-4f26-9807-8cfe87875bd7","e49600f9-686d-5ecb-8605-8ff883585c39","31a4dfcf-3dea-4dde-8fd5-05e6069d90e8","/marjork/","photo_click","theme","retro","\N","\N","1","2026-03-25 21:04:18","\N"
"2828c034-f1fe-4f26-9807-8cfe87875bd7","246a559e-739a-5015-b87d-f7efd8232d47","deda71bc-3bf1-495d-8ff5-6cb1f1dabd4b","/","theme_change","theme","retro","\N","\N","1","2026-04-06 01:58:59","\N"
"2828c034-f1fe-4f26-9807-8cfe87875bd7","78eaf9fe-002e-51a4-9cf9-b3f20ee9335e","f6e2bd24-352a-484f-9008-3c0e66d5b236","/","theme_change","theme","retro","\N","\N","1","2026-04-27 12:21:34","\N"
"2828c034-f1fe-4f26-9807-8cfe87875bd7","f3b0523d-2f36-5016-9f21-04bfbc85b825","ea360844-fb94-488e-902a-c3b76a58754e","/","photo_click","file","industry.jpg","\N","\N","1","2026-04-18 06:38:18","\N"
"2828c034-f1fe-4f26-9807-8cfe87875bd7","f3b0523d-2f36-5016-9f21-04bfbc85b825","ea360844-fb94-488e-902a-c3b76a58754e","/","photo_click","theme","glitch","\N","\N","1","2026-04-18 06:38:18","\N"
"2828c034-f1fe-4f26-9807-8cfe87875bd7","adc0c2fb-aa5d-59b1-bed5-c29346e2a1b5","2fd28101-c39b-4154-902d-7970d9215851","/","kiss_button_click","message","u get it","\N","\N","1","2026-04-13 16:32:54","\N"
"2828c034-f1fe-4f26-9807-8cfe87875bd7","9883fd71-1911-5c3f-aa8c-dd7814cff2e1","ded1962c-f418-49cd-9031-9c55e1d4c7d5","/marjork/","photo_click","file","DUDEHELLOCAMERON.jpg","\N","\N","1","2026-03-25 21:03:24","\N"
"2828c034-f1fe-4f26-9807-8cfe87875bd7","9883fd71-1911-5c3f-aa8c-dd7814cff2e1","ded1962c-f418-49cd-9031-9c55e1d4c7d5","/marjork/","photo_click","theme","retro","\N","\N","1","2026-03-25 21:03:24","\N"
"2828c034-f1fe-4f26-9807-8cfe87875bd7","73e57c9a-bedb-5ed8-bfcd-e56ab680ec52","a35d8d58-7a4a-4967-9039-61b31497445d","/","kiss_button_sink","strokes","1.0000","1","\N","2","2026-04-29 00:49:39","\N"
"2828c034-f1fe-4f26-9807-8cfe87875bd7","e49600f9-686d-5ecb-8605-8ff883585c39","d97d6ce7-94af-4e40-9043-2a655f40922e","/marjork/","kiss_button_click","message","i love you!","\N","\N","1","2026-03-25 21:04:04","\N"
"2828c034-f1fe-4f26-9807-8cfe87875bd7","b3cf28a3-b41b-5a41-a660-8fa2c402c33d","e45d0b60-672f-413b-9050-48b30dbfeb67","/","kiss_button_click","message","я тебя люблю!","\N","\N","1","2026-04-01 14:36:50","\N"
"2828c034-f1fe-4f26-9807-8cfe87875bd7","bb2aa133-1e29-5b6b-836b-0e755cc7a4de","b9faf766-3d29-4320-9054-3bdf7c16f4bc","/","outbound_link_click","href","https://x.com/cameron_glhf","\N","\N","1","2026-04-14 18:49:29","\N"
"2828c034-f1fe-4f26-9807-8cfe87875bd7","bb2aa133-1e29-5b6b-836b-0e755cc7a4de","b9faf766-3d29-4320-9054-3bdf7c16f4bc","/","outbound_link_click","label","twitter","\N","\N","1","2026-04-14 18:49:29","\N"
"2828c034-f1fe-4f26-9807-8cfe87875bd7","6a2761dd-1040-5751-992a-f15dc82ad7e1","134ae033-ff97-4fc7-908e-fe5ace244b9a","/","kiss_button_click","message","u get it","\N","\N","1","2026-03-28 22:58:14","\N"
"2828c034-f1fe-4f26-9807-8cfe87875bd7","ebb35ab8-4982-5d40-91d0-ee9f83d1355a","ec4e7800-3ece-455d-9095-cb591ed2ed57","/","kiss_button_click","message","красивая!","\N","\N","1","2026-04-05 00:32:05","\N"
"2828c034-f1fe-4f26-9807-8cfe87875bd7","fd00b46b-4a43-57f7-b6cd-5ed59ead3b4d","5eda5b65-9c3c-456c-90b8-1acba551ceb5","/","kiss_button_click","message","я тебя люблю!","\N","\N","1","2026-04-20 14:56:24","\N"
"2828c034-f1fe-4f26-9807-8cfe87875bd7","b3cf28a3-b41b-5a41-a660-8fa2c402c33d","ce367a7c-2171-45f2-90d0-f28b636034ba","/","kiss_button_click","message","я тебя люблю!","\N","\N","1","2026-04-01 14:36:38","\N"
"2828c034-f1fe-4f26-9807-8cfe87875bd7","9883fd71-1911-5c3f-aa8c-dd7814cff2e1","ae8b421f-6ec0-487b-90d5-1f289ca77480","/marjork/","photo_click","file","quandry-02.jpg","\N","\N","1","2026-03-25 21:02:38","\N"
"2828c034-f1fe-4f26-9807-8cfe87875bd7","9883fd71-1911-5c3f-aa8c-dd7814cff2e1","ae8b421f-6ec0-487b-90d5-1f289ca77480","/marjork/","photo_click","theme","retro","\N","\N","1","2026-03-25 21:02:38","\N"
"2828c034-f1fe-4f26-9807-8cfe87875bd7","d60e833e-5dcc-5201-ae9f-504b5995f099","bc5b894a-73c0-495b-90d6-561057d04e62","/","outbound_link_click","href","https://backloggd.com/u/majork/","\N","\N","1","2026-04-13 06:14:17","\N"
"2828c034-f1fe-4f26-9807-8cfe87875bd7","d60e833e-5dcc-5201-ae9f-504b5995f099","bc5b894a-73c0-495b-90d6-561057d04e62","/","outbound_link_click","label","backlog-button","\N","\N","1","2026-04-13 06:14:17","\N"
"2828c034-f1fe-4f26-9807-8cfe87875bd7","9883fd71-1911-5c3f-aa8c-dd7814cff2e1","bed18f2f-0d9d-4c63-90df-1f91a5b97d27","/marjork/","kiss_button_click","message","☀️ solnyshko ☀️","\N","\N","1","2026-03-25 21:02:41","\N"
"2828c034-f1fe-4f26-9807-8cfe87875bd7","73e57c9a-bedb-5ed8-bfcd-e56ab680ec52","5056b361-18d3-4c21-90e5-2519795a729e","/","theme_change","theme","glitch","\N","\N","1","2026-04-29 00:49:24","\N"
"2828c034-f1fe-4f26-9807-8cfe87875bd7","0dc44aed-f0b4-5a4d-8114-101c70d4af1f","f73b957c-7551-4c2e-90f8-c050e695b24b","/","theme_change","theme","retro","\N","\N","1","2026-03-29 15:36:16","\N"
"2828c034-f1fe-4f26-9807-8cfe87875bd7","ebb35ab8-4982-5d40-91d0-ee9f83d1355a","f2bff434-f691-4fd7-9101-2412d962f21c","/","photo_click","file","quandry-01.jpg","\N","\N","1","2026-04-05 00:32:29","\N"
"2828c034-f1fe-4f26-9807-8cfe87875bd7","ebb35ab8-4982-5d40-91d0-ee9f83d1355a","f2bff434-f691-4fd7-9101-2412d962f21c","/","photo_click","theme","art","\N","\N","1","2026-04-05 00:32:29","\N"
"2828c034-f1fe-4f26-9807-8cfe87875bd7","ebb35ab8-4982-5d40-91d0-ee9f83d1355a","bbe490d7-6748-4cf0-9102-6cd21eb1de99","/","photo_click","file","roll_03_(11).jpg","\N","\N","1","2026-04-05 00:32:25","\N"
"2828c034-f1fe-4f26-9807-8cfe87875bd7","ebb35ab8-4982-5d40-91d0-ee9f83d1355a","bbe490d7-6748-4cf0-9102-6cd21eb1de99","/","photo_click","theme","retro","\N","\N","1","2026-04-05 00:32:25","\N"
"2828c034-f1fe-4f26-9807-8cfe87875bd7","54b0dbf9-3759-520f-b4d4-a08447c4d3d1","10da7bbb-0129-4b91-9107-695e95cf1272","/","kiss_button_click","message","i love you!","\N","\N","1","2026-03-28 15:30:50","\N"
"2828c034-f1fe-4f26-9807-8cfe87875bd7","8e9637f5-4b25-5398-8c96-b2d5810ebbfb","80c7c2de-d712-41f8-9125-5c0606ef2851","/","theme_applied","theme","retro","\N","\N","1","2026-03-27 12:40:31","\N"
"2828c034-f1fe-4f26-9807-8cfe87875bd7","c367eed8-83a7-5473-be6b-a04a68b1f85b","b2fd0294-12cd-4e73-9130-e7a364a7ead1","/","kiss_button_click","message","Horse Balls!","\N","\N","1","2026-03-31 03:15:14","\N"
"2828c034-f1fe-4f26-9807-8cfe87875bd7","e49600f9-686d-5ecb-8605-8ff883585c39","4888e6e8-b123-4441-9147-806f5907c790","/marjork/","kiss_button_click","message","я тебя люблю!","\N","\N","1","2026-03-25 21:04:05","\N"
"2828c034-f1fe-4f26-9807-8cfe87875bd7","5fea088f-2388-5ec6-babf-bc211bf852de","51d3bca6-d929-4c97-9175-af8cb36a1c8b","/","kiss_button_sink","strokes","1.0000","1","\N","2","2026-04-09 16:34:14","\N"
"2828c034-f1fe-4f26-9807-8cfe87875bd7","fd00b46b-4a43-57f7-b6cd-5ed59ead3b4d","6ec814ec-176e-493a-91a3-657dae913b58","/","kiss_button_click","message","красивая!","\N","\N","1","2026-04-20 14:56:23","\N"
"2828c034-f1fe-4f26-9807-8cfe87875bd7","0890b3f2-ecd0-555a-b71a-14dc53287067","437c7406-6370-437f-91d1-b604b5834598","/","photo_click","file","cordes-en-boyaux.png","\N","\N","1","2026-04-18 16:30:00","\N"
"2828c034-f1fe-4f26-9807-8cfe87875bd7","0890b3f2-ecd0-555a-b71a-14dc53287067","437c7406-6370-437f-91d1-b604b5834598","/","photo_click","theme","rain","\N","\N","1","2026-04-18 16:30:00","\N"
"2828c034-f1fe-4f26-9807-8cfe87875bd7","b18dae6c-cf08-54e0-9d94-26d680929abc","f5467bf2-940e-447b-91d6-60d5f35c7b7c","/","kiss_button_click","message","Horse Balls!","\N","\N","1","2026-04-05 06:31:55","\N"
"2828c034-f1fe-4f26-9807-8cfe87875bd7","957b9f46-8b26-5c3b-a2ca-f7d66cab7fc3","34e37b3a-c82d-4e98-91f2-36eeb088526a","/","theme_change","theme","retro","\N","\N","1","2026-04-14 21:11:39","\N"
"2828c034-f1fe-4f26-9807-8cfe87875bd7","bdd1b7fa-3c9f-5a6f-81da-ac77d94565aa","7cd9d82c-1df9-40a0-9214-1fda6e06ae54","/","kiss_button_click","message","красивая!","\N","\N","1","2026-04-01 02:54:46","\N"
"2828c034-f1fe-4f26-9807-8cfe87875bd7","26f573b2-0d60-5774-91e8-7f399ed39637","96f0ad6d-a678-4811-9216-38b615895532","/","kiss_button_click","message","☀️ solnyshko ☀️","\N","\N","1","2026-04-03 16:43:15","\N"
"2828c034-f1fe-4f26-9807-8cfe87875bd7","99c7f38f-e9cb-5db6-aa27-7bf634850975","9381c73e-0ce4-4c30-921a-4366f1108ed5","/","kiss_button_click","message","Horse Balls!","\N","\N","1","2026-04-08 20:06:23","\N"
"2828c034-f1fe-4f26-9807-8cfe87875bd7","bb2aa133-1e29-5b6b-836b-0e755cc7a4de","2d2080c0-e565-40be-9250-e56138e9da70","/","kiss_button_click","message","u get it","\N","\N","1","2026-04-14 18:50:34","\N"
"2828c034-f1fe-4f26-9807-8cfe87875bd7","253aa391-feb0-5ad0-8599-5e13e3081db4","6331ea5d-fcaf-4860-927a-066ea6c75806","/marjork/","outbound_link_click","url","https://kritiquekapital.github.io/marjork/?utm_source=ig&utm_medium=social&utm_content=link_in_bio&fbclid=PAZXh0bgNhZW0CMTEAc3J0YwZhcHBfaWQPMTI0MDI0NTc0Mjg3NDE0AAGnARIDFXQlQ3a1sXGGP5DoSp6o8eU7Lsv_4l4LPFikt3VLMyGf3i8Sf6JwDsw_aem_GF8-Z7NcbmgYojkVlylPBw#","\N","\N","1","2026-03-24 22:00:03","\N"
"2828c034-f1fe-4f26-9807-8cfe87875bd7","b18dae6c-cf08-54e0-9d94-26d680929abc","f17f8871-1beb-4e24-9286-2b32da45d2ca","/","theme_change","theme","rain","\N","\N","1","2026-04-05 06:31:59","\N"
"2828c034-f1fe-4f26-9807-8cfe87875bd7","54b0dbf9-3759-520f-b4d4-a08447c4d3d1","391c82b5-9806-4ee8-9287-e5f70acef1b7","/","photo_click","file","blindingportal.jpg","\N","\N","1","2026-03-28 15:30:25","\N"
"2828c034-f1fe-4f26-9807-8cfe87875bd7","54b0dbf9-3759-520f-b4d4-a08447c4d3d1","391c82b5-9806-4ee8-9287-e5f70acef1b7","/","photo_click","theme","space","\N","\N","1","2026-03-28 15:30:25","\N"
"2828c034-f1fe-4f26-9807-8cfe87875bd7","bdd1b7fa-3c9f-5a6f-81da-ac77d94565aa","c4306852-6708-471e-928a-a0ad499a8a32","/","photo_click","file","quandry-04.jpg","\N","\N","1","2026-04-01 02:54:37","\N"
"2828c034-f1fe-4f26-9807-8cfe87875bd7","bdd1b7fa-3c9f-5a6f-81da-ac77d94565aa","c4306852-6708-471e-928a-a0ad499a8a32","/","photo_click","theme","art","\N","\N","1","2026-04-01 02:54:37","\N"
"2828c034-f1fe-4f26-9807-8cfe87875bd7","bde2252f-00fc-58df-9642-78a68cbb03b7","d07f8f90-a7ef-401c-928b-49348dbb0636","/marjork/","theme_applied","theme","retro","\N","\N","1","2026-03-26 18:28:53","\N"
"2828c034-f1fe-4f26-9807-8cfe87875bd7","1fd3fc05-0bba-5e1d-b94f-b3d805041767","01203c0a-979d-471c-9291-a00bf4e47679","/","theme_change","theme","retro","\N","\N","1","2026-04-03 09:52:18","\N"
"2828c034-f1fe-4f26-9807-8cfe87875bd7","9883fd71-1911-5c3f-aa8c-dd7814cff2e1","f689995a-5c47-4ae7-9297-b2fae603e448","/marjork/","kiss_button_click","message","i love you!","\N","\N","1","2026-03-25 21:02:48","\N"
"2828c034-f1fe-4f26-9807-8cfe87875bd7","4dc98cd8-cea8-504c-b0ec-09c78b4f0cd8","a674e230-40c8-4797-92a5-cc400a321607","/","spotify_goal_open","device","mobile","\N","\N","1","2026-04-16 13:21:49","\N"
"2828c034-f1fe-4f26-9807-8cfe87875bd7","bb2aa133-1e29-5b6b-836b-0e755cc7a4de","ee4785ca-bd0d-4096-92ad-e9289ae8e6be","/","photo_click","file","DUDEHELLOCAMERON.jpg","\N","\N","1","2026-04-14 18:50:28","\N"
"2828c034-f1fe-4f26-9807-8cfe87875bd7","bb2aa133-1e29-5b6b-836b-0e755cc7a4de","ee4785ca-bd0d-4096-92ad-e9289ae8e6be","/","photo_click","theme","art","\N","\N","1","2026-04-14 18:50:28","\N"
"2828c034-f1fe-4f26-9807-8cfe87875bd7","6a2761dd-1040-5751-992a-f15dc82ad7e1","90905a3f-2b50-4fd2-92bf-4be22a068509","/","theme_change","theme","art","\N","\N","1","2026-03-28 22:58:17","\N"
"2828c034-f1fe-4f26-9807-8cfe87875bd7","90c4cd37-e4f7-5ec1-9135-6609eaba1e00","f4888f8b-5a8e-4e33-92c3-1b3525904ae1","/","outbound_link_click","href","https://x.com/cameron_glhf","\N","\N","1","2026-04-22 16:20:45","\N"
"2828c034-f1fe-4f26-9807-8cfe87875bd7","90c4cd37-e4f7-5ec1-9135-6609eaba1e00","f4888f8b-5a8e-4e33-92c3-1b3525904ae1","/","outbound_link_click","label","twitter","\N","\N","1","2026-04-22 16:20:45","\N"
"2828c034-f1fe-4f26-9807-8cfe87875bd7","0cfdf080-2c94-5ebf-9805-56c3d30f1170","98aa1283-75d9-437e-92c7-2009531d72b9","/","theme_applied","theme","art","\N","\N","1","2026-03-27 22:48:30","\N"
"2828c034-f1fe-4f26-9807-8cfe87875bd7","94527d57-831e-53e5-a2cb-7053686b6aad","4bccdc2b-464a-45ad-92c8-e196f503395a","/","kiss_button_click","message","красивая!","\N","\N","1","2026-04-07 14:32:26","\N"
"2828c034-f1fe-4f26-9807-8cfe87875bd7","d602ad0c-2b04-5e09-9473-91eb78e2d2c0","f5865117-2c7f-475a-92d1-45a1dc5dc28b","/","theme_change","theme","retro","\N","\N","1","2026-04-17 12:03:38","\N"
"2828c034-f1fe-4f26-9807-8cfe87875bd7","bdd1b7fa-3c9f-5a6f-81da-ac77d94565aa","c84bf741-9f89-4969-92ee-a7d0aea8d918","/","kiss_button_click","message","Horse Balls!","\N","\N","1","2026-04-01 02:54:52","\N"
"2828c034-f1fe-4f26-9807-8cfe87875bd7","c8c65918-057e-54ec-a2fc-a3e8251ea550","56a0f540-4cd8-419d-92f2-8a382e78075d","/","kiss_button_click","message","красивая!","\N","\N","1","2026-04-02 03:41:20","\N"
"2828c034-f1fe-4f26-9807-8cfe87875bd7","c367eed8-83a7-5473-be6b-a04a68b1f85b","d34c049b-a41a-4ce4-931f-8c9b91269072","/","kiss_button_sink","strokes","1.0000","1","\N","2","2026-03-31 03:14:57","\N"
"2828c034-f1fe-4f26-9807-8cfe87875bd7","b3cf28a3-b41b-5a41-a660-8fa2c402c33d","145f4c9c-786a-4b20-9329-e6ee231ae389","/","kiss_button_click","message","i love you!","\N","\N","1","2026-04-01 14:36:39","\N"
"2828c034-f1fe-4f26-9807-8cfe87875bd7","f25aa420-c2d4-5b8c-b10a-b9ab01019414","acf62ce0-8e05-4bb6-932b-abeaeb91a97c","/","outbound_link_click","href","https://x.com/cameron_glhf","\N","\N","1","2026-04-26 04:39:28","\N"
"2828c034-f1fe-4f26-9807-8cfe87875bd7","f25aa420-c2d4-5b8c-b10a-b9ab01019414","acf62ce0-8e05-4bb6-932b-abeaeb91a97c","/","outbound_link_click","label","twitter","\N","\N","1","2026-04-26 04:39:28","\N"
"2828c034-f1fe-4f26-9807-8cfe87875bd7","961fdda6-b31a-5535-93ae-ce7d1e2c0cb0","7ddcd706-2302-4e0c-933a-c8c2c2d2bebc","/","theme_change","theme","retro","\N","\N","1","2026-04-18 01:41:58","\N"
"2828c034-f1fe-4f26-9807-8cfe87875bd7","69053fb6-90d2-5dc4-8296-2ebd43068145","18dde593-4016-42fa-9340-ba0f43b8bbad","/","theme_change","theme","rain","\N","\N","1","2026-04-12 15:06:14","\N"
"2828c034-f1fe-4f26-9807-8cfe87875bd7","b18dae6c-cf08-54e0-9d94-26d680929abc","117b6e38-e974-496e-935b-a269efa63927","/","kiss_button_click","message","Horse Balls!","\N","\N","1","2026-04-05 06:31:51","\N"
"2828c034-f1fe-4f26-9807-8cfe87875bd7","99c7f38f-e9cb-5db6-aa27-7bf634850975","4f02bd41-8380-4d6b-9365-38fb5e91766a","/","outbound_link_click","href","https://letterboxd.com/marjork/","\N","\N","1","2026-04-08 20:06:42","\N"
"2828c034-f1fe-4f26-9807-8cfe87875bd7","99c7f38f-e9cb-5db6-aa27-7bf634850975","4f02bd41-8380-4d6b-9365-38fb5e91766a","/","outbound_link_click","label","letterboxd","\N","\N","1","2026-04-08 20:06:42","\N"
"2828c034-f1fe-4f26-9807-8cfe87875bd7","b18dae6c-cf08-54e0-9d94-26d680929abc","45aa8f5a-523d-4a8b-9372-220c67ed0549","/","photo_click","file","roll_03_(23).jpg","\N","\N","1","2026-04-05 06:32:15","\N"
"2828c034-f1fe-4f26-9807-8cfe87875bd7","b18dae6c-cf08-54e0-9d94-26d680929abc","45aa8f5a-523d-4a8b-9372-220c67ed0549","/","photo_click","theme","retro","\N","\N","1","2026-04-05 06:32:15","\N"
"2828c034-f1fe-4f26-9807-8cfe87875bd7","e49600f9-686d-5ecb-8605-8ff883585c39","e732a463-5a56-4c5b-9375-b31bba330417","/marjork/","photo_click","file","quandry-02.jpg","\N","\N","1","2026-03-25 21:04:24","\N"
"2828c034-f1fe-4f26-9807-8cfe87875bd7","e49600f9-686d-5ecb-8605-8ff883585c39","e732a463-5a56-4c5b-9375-b31bba330417","/marjork/","photo_click","theme","art","\N","\N","1","2026-03-25 21:04:24","\N"
"2828c034-f1fe-4f26-9807-8cfe87875bd7","bdd1b7fa-3c9f-5a6f-81da-ac77d94565aa","ab0e011a-2f33-4bc3-937b-3b09c1559ae0","/","outbound_link_click","href","https://backloggd.com/u/majork/","\N","\N","1","2026-04-01 02:55:07","\N"
"2828c034-f1fe-4f26-9807-8cfe87875bd7","bdd1b7fa-3c9f-5a6f-81da-ac77d94565aa","ab0e011a-2f33-4bc3-937b-3b09c1559ae0","/","outbound_link_click","label","backlog-button","\N","\N","1","2026-04-01 02:55:07","\N"
"2828c034-f1fe-4f26-9807-8cfe87875bd7","c367eed8-83a7-5473-be6b-a04a68b1f85b","3c52816d-09e4-4dc6-9381-ab160b2a63f3","/","kiss_button_click","message","i love you!","\N","\N","1","2026-03-31 03:15:26","\N"
"2828c034-f1fe-4f26-9807-8cfe87875bd7","99c7f38f-e9cb-5db6-aa27-7bf634850975","6ac779cb-8a9e-4676-938f-026d42d798ea","/","photo_click","file","DUDEHELLOCAMERON.jpg","\N","\N","1","2026-04-08 20:06:05","\N"
"2828c034-f1fe-4f26-9807-8cfe87875bd7","99c7f38f-e9cb-5db6-aa27-7bf634850975","6ac779cb-8a9e-4676-938f-026d42d798ea","/","photo_click","theme","art","\N","\N","1","2026-04-08 20:06:05","\N"
"2828c034-f1fe-4f26-9807-8cfe87875bd7","1f4f73f5-1e69-5dac-8668-9aeb7a113d54","c590340b-fe96-4e8e-939f-e3f86db9e3ac","/","theme_change","theme","retro","\N","\N","1","2026-04-12 03:22:56","\N"
"2828c034-f1fe-4f26-9807-8cfe87875bd7","bde2252f-00fc-58df-9642-78a68cbb03b7","ae2a420c-9d9c-464c-93a6-8820d138995e","/marjork/","theme_applied","theme","retro","\N","\N","1","2026-03-26 18:28:58","\N"
"2828c034-f1fe-4f26-9807-8cfe87875bd7","5fea088f-2388-5ec6-babf-bc211bf852de","08f2dc20-02c5-4d9c-93aa-16c765b3845f","/","kiss_button_click","message","☀️ solnyshko ☀️","\N","\N","1","2026-04-09 16:34:18","\N"
"2828c034-f1fe-4f26-9807-8cfe87875bd7","85ea8f79-1315-5115-879b-56d993592575","63f9f3e3-56bb-4460-93aa-d081be486bee","/marjork/","kiss_button_click","message","я тебя люблю!","\N","\N","1","2026-03-26 14:18:01","\N"
"2828c034-f1fe-4f26-9807-8cfe87875bd7","9d32600d-49f2-5170-b075-17d9e11e332f","d4862743-1c36-4f66-93b9-4f195e9da36d","/","theme_change","theme","retro","\N","\N","1","2026-04-26 12:21:48","\N"
"2828c034-f1fe-4f26-9807-8cfe87875bd7","f55c8253-c6fb-5c5f-9d87-741699120d68","6853b331-97dc-43da-93c9-bf2670afd8e6","/","photo_click","file","lightsonthewater.jpg","\N","\N","1","2026-03-29 17:39:49","\N"
"2828c034-f1fe-4f26-9807-8cfe87875bd7","f55c8253-c6fb-5c5f-9d87-741699120d68","6853b331-97dc-43da-93c9-bf2670afd8e6","/","photo_click","theme","space","\N","\N","1","2026-03-29 17:39:49","\N"
"2828c034-f1fe-4f26-9807-8cfe87875bd7","e49600f9-686d-5ecb-8605-8ff883585c39","cf70a212-7140-4f65-93e0-5268dad7506e","/marjork/","photo_click","file","quandry-10.jpg","\N","\N","1","2026-03-25 21:04:20","\N"
"2828c034-f1fe-4f26-9807-8cfe87875bd7","e49600f9-686d-5ecb-8605-8ff883585c39","cf70a212-7140-4f65-93e0-5268dad7506e","/marjork/","photo_click","theme","retro","\N","\N","1","2026-03-25 21:04:20","\N"
"2828c034-f1fe-4f26-9807-8cfe87875bd7","fd00b46b-4a43-57f7-b6cd-5ed59ead3b4d","0cf36c7c-c84f-463b-93e5-2b0317961a94","/","theme_change","theme","art","\N","\N","1","2026-04-20 14:56:11","\N"
"2828c034-f1fe-4f26-9807-8cfe87875bd7","9883fd71-1911-5c3f-aa8c-dd7814cff2e1","591cd317-6f55-4ef0-93f9-966ad18d7cd9","/marjork/","photo_click","file","DUDEHELLOCAMERON.jpg","\N","\N","1","2026-03-25 21:02:43","\N"
"2828c034-f1fe-4f26-9807-8cfe87875bd7","9883fd71-1911-5c3f-aa8c-dd7814cff2e1","591cd317-6f55-4ef0-93f9-966ad18d7cd9","/marjork/","photo_click","theme","retro","\N","\N","1","2026-03-25 21:02:43","\N"
"2828c034-f1fe-4f26-9807-8cfe87875bd7","aa559316-35a0-5b49-9694-44f566967710","7035e2c8-d94f-4c8e-9409-6d913d8ead44","/","theme_change","theme","retro","\N","\N","1","2026-04-01 18:22:38","\N"
"2828c034-f1fe-4f26-9807-8cfe87875bd7","eb41fe69-763b-591a-9e97-9eb877b2673a","605c8584-f65e-4d11-9417-4fe119389ef1","/","theme_change","theme","retro","\N","\N","1","2026-03-30 04:54:04","\N"
"2828c034-f1fe-4f26-9807-8cfe87875bd7","f3b0523d-2f36-5016-9f21-04bfbc85b825","8d78a27b-a062-4b3a-9427-8fc35de56126","/","kiss_button_click","message","u get it","\N","\N","1","2026-04-18 06:38:23","\N"
"2828c034-f1fe-4f26-9807-8cfe87875bd7","e49600f9-686d-5ecb-8605-8ff883585c39","85562541-f33a-44e4-9447-fb634ddce864","/marjork/","kiss_button_click","message","красивая!","\N","\N","1","2026-03-25 21:03:53","\N"
"2828c034-f1fe-4f26-9807-8cfe87875bd7","bde2252f-00fc-58df-9642-78a68cbb03b7","c6621618-57f2-47a7-9459-edee79bd4450","/marjork/","kiss_button_click","message","i love you!","\N","\N","1","2026-03-26 18:28:55","\N"
"2828c034-f1fe-4f26-9807-8cfe87875bd7","e12cf0de-874a-5a91-a28f-56901db73c1b","01412ea6-c4e7-4913-9464-e02fc05270d6","/","theme_change","theme","retro","\N","\N","1","2026-03-29 17:21:41","\N"
"2828c034-f1fe-4f26-9807-8cfe87875bd7","9883fd71-1911-5c3f-aa8c-dd7814cff2e1","99f56e3d-756a-4d54-9467-d5f195936329","/marjork/","theme_applied","theme","retro","\N","\N","1","2026-03-25 21:02:43","\N"
"2828c034-f1fe-4f26-9807-8cfe87875bd7","f55c8253-c6fb-5c5f-9d87-741699120d68","ddeebdd0-d831-4adb-94a0-0bd6a1b1fac5","/","kiss_button_click","message","красивая!","\N","\N","1","2026-03-29 17:40:06","\N"
"2828c034-f1fe-4f26-9807-8cfe87875bd7","59630b03-cc8d-503c-a472-100c35d33a2d","036dc3ab-24d5-4ad1-94d0-d017cc82c8e6","/","theme_change","theme","retro","\N","\N","1","2026-04-21 14:05:06","\N"
"2828c034-f1fe-4f26-9807-8cfe87875bd7","ebb35ab8-4982-5d40-91d0-ee9f83d1355a","3f6473c9-a598-4e54-94d3-19e184230521","/","kiss_button_click","message","я тебя люблю!","\N","\N","1","2026-04-05 00:32:04","\N"
"2828c034-f1fe-4f26-9807-8cfe87875bd7","ebb35ab8-4982-5d40-91d0-ee9f83d1355a","83e8b9e6-4d7f-40d0-94dc-3ea3dd7d22c7","/","theme_change","theme","art","\N","\N","1","2026-04-05 00:32:27","\N"
"2828c034-f1fe-4f26-9807-8cfe87875bd7","bb2aa133-1e29-5b6b-836b-0e755cc7a4de","09851afb-05b2-4a37-94e3-fd81058d1654","/","theme_change","theme","glitch","\N","\N","1","2026-04-14 18:50:37","\N"
"2828c034-f1fe-4f26-9807-8cfe87875bd7","ebb35ab8-4982-5d40-91d0-ee9f83d1355a","99ecb541-9f74-4b37-94e4-3edbeb1c17e5","/","photo_click","file","brella.png","\N","\N","1","2026-04-05 00:32:34","\N"
"2828c034-f1fe-4f26-9807-8cfe87875bd7","ebb35ab8-4982-5d40-91d0-ee9f83d1355a","99ecb541-9f74-4b37-94e4-3edbeb1c17e5","/","photo_click","theme","rain","\N","\N","1","2026-04-05 00:32:34","\N"
"2828c034-f1fe-4f26-9807-8cfe87875bd7","731862d2-90d4-544a-8c66-5d4a9183ed30","e2edfa76-170b-47b9-94e6-5bf10f018d05","/marjork/","photo_click","file","quandry-01.jpg","\N","\N","1","2026-03-26 03:39:10","\N"
"2828c034-f1fe-4f26-9807-8cfe87875bd7","731862d2-90d4-544a-8c66-5d4a9183ed30","e2edfa76-170b-47b9-94e6-5bf10f018d05","/marjork/","photo_click","theme","art","\N","\N","1","2026-03-26 03:39:10","\N"
"2828c034-f1fe-4f26-9807-8cfe87875bd7","85ea8f79-1315-5115-879b-56d993592575","9d84fb3f-a3c2-43b7-9503-6fac31b41093","/marjork/","kiss_button_click","message","я тебя люблю!","\N","\N","1","2026-03-26 14:18:21","\N"
"2828c034-f1fe-4f26-9807-8cfe87875bd7","0cfdf080-2c94-5ebf-9805-56c3d30f1170","2f15f22b-56df-4990-9505-03ccbf31649f","/","theme_applied","theme","art","\N","\N","1","2026-03-27 22:48:33","\N"
"2828c034-f1fe-4f26-9807-8cfe87875bd7","813e3d5e-c917-5fc2-b22f-e7e2f9986b3b","bbd98d48-548a-46b8-953b-c5c8af8717e5","/marjork/","theme_applied","theme","art","\N","\N","1","2026-03-26 20:38:25","\N"
"2828c034-f1fe-4f26-9807-8cfe87875bd7","f35953d7-12a6-5f20-8b58-0b346f36945e","44a71858-5d05-40cb-953c-8f7e4fd9db6f","/","outbound_link_click","href","https://dropkickd.com/profile/majork","\N","\N","1","2026-04-07 14:33:56","\N"
"2828c034-f1fe-4f26-9807-8cfe87875bd7","f35953d7-12a6-5f20-8b58-0b346f36945e","44a71858-5d05-40cb-953c-8f7e4fd9db6f","/","outbound_link_click","label","dropkickd-button","\N","\N","1","2026-04-07 14:33:56","\N"
"2828c034-f1fe-4f26-9807-8cfe87875bd7","b18dae6c-cf08-54e0-9d94-26d680929abc","faf88f8e-86d3-4f3a-953c-f7b762135f31","/","photo_click","file","industry.jpg","\N","\N","1","2026-04-05 06:32:03","\N"
"2828c034-f1fe-4f26-9807-8cfe87875bd7","b18dae6c-cf08-54e0-9d94-26d680929abc","faf88f8e-86d3-4f3a-953c-f7b762135f31","/","photo_click","theme","glitch","\N","\N","1","2026-04-05 06:32:03","\N"
"2828c034-f1fe-4f26-9807-8cfe87875bd7","64c86340-52ae-5ad4-a308-5635595f1ec0","8e833cc5-9a64-4105-9546-af784bc40b17","/","photo_click","file","DUDEHELLOCAMERON.jpg","\N","\N","1","2026-03-27 15:03:41","\N"
"2828c034-f1fe-4f26-9807-8cfe87875bd7","64c86340-52ae-5ad4-a308-5635595f1ec0","8e833cc5-9a64-4105-9546-af784bc40b17","/","photo_click","theme","retro","\N","\N","1","2026-03-27 15:03:41","\N"
"2828c034-f1fe-4f26-9807-8cfe87875bd7","0890b3f2-ecd0-555a-b71a-14dc53287067","ed2b51c9-e570-4e5b-9548-df864a89ea1d","/","photo_click","file","quandry-02.jpg","\N","\N","1","2026-04-18 16:29:56","\N"
"2828c034-f1fe-4f26-9807-8cfe87875bd7","0890b3f2-ecd0-555a-b71a-14dc53287067","ed2b51c9-e570-4e5b-9548-df864a89ea1d","/","photo_click","theme","art","\N","\N","1","2026-04-18 16:29:56","\N"
"2828c034-f1fe-4f26-9807-8cfe87875bd7","9883fd71-1911-5c3f-aa8c-dd7814cff2e1","c4f1a1c5-16bb-4890-954b-ada45070e021","/marjork/","kiss_button_click","message","☀️ solnyshko ☀️","\N","\N","1","2026-03-25 21:02:36","\N"
"2828c034-f1fe-4f26-9807-8cfe87875bd7","1d98c125-7d6d-5c19-b4de-596ad35c6621","c7db39c9-fa4e-4a96-9589-18064b5c049c","/","photo_click","file","industry.jpg","\N","\N","1","2026-04-20 22:04:10","\N"
"2828c034-f1fe-4f26-9807-8cfe87875bd7","1d98c125-7d6d-5c19-b4de-596ad35c6621","c7db39c9-fa4e-4a96-9589-18064b5c049c","/","photo_click","theme","glitch","\N","\N","1","2026-04-20 22:04:10","\N"
"2828c034-f1fe-4f26-9807-8cfe87875bd7","9d7d40e7-2bfa-5ea6-82cb-8bb78a5aa52d","8e94c2d2-3639-45bd-9597-5d47ac55b853","/","kiss_button_sink","strokes","1.0000","1","\N","2","2026-03-31 18:50:22","\N"
"2828c034-f1fe-4f26-9807-8cfe87875bd7","99009ded-7a7b-5ebf-96b0-e8c8eb205246","039fead2-6638-4f33-959b-dd52762875bd","/","theme_change","theme","retro","\N","\N","1","2026-04-06 19:59:07","\N"
"2828c034-f1fe-4f26-9807-8cfe87875bd7","2aa69ec0-1c59-5c0e-a6ea-1f6b94da2ef0","65bcc0d9-b891-4885-95a5-a5935d2ff805","/","outbound_link_click","href","https://letterboxd.com/marjork/","\N","\N","1","2026-04-20 04:14:23","\N"
"2828c034-f1fe-4f26-9807-8cfe87875bd7","2aa69ec0-1c59-5c0e-a6ea-1f6b94da2ef0","65bcc0d9-b891-4885-95a5-a5935d2ff805","/","outbound_link_click","label","letterboxd","\N","\N","1","2026-04-20 04:14:23","\N"
"2828c034-f1fe-4f26-9807-8cfe87875bd7","1d98c125-7d6d-5c19-b4de-596ad35c6621","102aad75-7f4c-4ab2-95a6-33fb7822d596","/","photo_click","file","roll_03_(11).jpg","\N","\N","1","2026-04-20 22:04:17","\N"
"2828c034-f1fe-4f26-9807-8cfe87875bd7","1d98c125-7d6d-5c19-b4de-596ad35c6621","102aad75-7f4c-4ab2-95a6-33fb7822d596","/","photo_click","theme","retro","\N","\N","1","2026-04-20 22:04:17","\N"
"2828c034-f1fe-4f26-9807-8cfe87875bd7","7a8b860b-7833-5e06-8572-9a7fae31e100","97aea3da-634e-43a1-95bd-e0b722b65d15","/","photo_click","file","cordes-en-boyaux.png","\N","\N","1","2026-04-23 18:36:51","\N"
"2828c034-f1fe-4f26-9807-8cfe87875bd7","7a8b860b-7833-5e06-8572-9a7fae31e100","97aea3da-634e-43a1-95bd-e0b722b65d15","/","photo_click","theme","rain","\N","\N","1","2026-04-23 18:36:51","\N"
"2828c034-f1fe-4f26-9807-8cfe87875bd7","1f4f73f5-1e69-5dac-8668-9aeb7a113d54","f2015f70-70e5-4548-95c1-31c618ca44ad","/","theme_change","theme","retro","\N","\N","1","2026-04-11 02:24:10","\N"
"2828c034-f1fe-4f26-9807-8cfe87875bd7","0890b3f2-ecd0-555a-b71a-14dc53287067","23a67087-e09c-4bec-95df-127f2ec74fca","/","photo_click","file","blindingportal.jpg","\N","\N","1","2026-04-18 16:29:49","\N"
"2828c034-f1fe-4f26-9807-8cfe87875bd7","0890b3f2-ecd0-555a-b71a-14dc53287067","23a67087-e09c-4bec-95df-127f2ec74fca","/","photo_click","theme","glitch","\N","\N","1","2026-04-18 16:29:49","\N"
"2828c034-f1fe-4f26-9807-8cfe87875bd7","f55c8253-c6fb-5c5f-9d87-741699120d68","e598289b-e314-4095-95e5-a419636a77af","/","photo_click","file","quandry-01.jpg","\N","\N","1","2026-03-29 17:40:01","\N"
"2828c034-f1fe-4f26-9807-8cfe87875bd7","f55c8253-c6fb-5c5f-9d87-741699120d68","e598289b-e314-4095-95e5-a419636a77af","/","photo_click","theme","art","\N","\N","1","2026-03-29 17:40:01","\N"
"2828c034-f1fe-4f26-9807-8cfe87875bd7","e49600f9-686d-5ecb-8605-8ff883585c39","433cd1b6-8fe3-4acc-95eb-cae4aa76aeb8","/marjork/","kiss_button_click","message","i love you!","\N","\N","1","2026-03-25 21:03:58","\N"
"2828c034-f1fe-4f26-9807-8cfe87875bd7","4dc98cd8-cea8-504c-b0ec-09c78b4f0cd8","b812747f-aab2-4154-9607-8837c3d3a611","/","theme_change","theme","space","\N","\N","1","2026-04-16 13:21:24","\N"
"2828c034-f1fe-4f26-9807-8cfe87875bd7","b61b7cb9-3c6c-5920-a3a2-f1422ef14882","566cb353-0426-4de0-962d-3408c85a03dd","/","theme_change","theme","retro","\N","\N","1","2026-03-29 02:27:28","\N"
"2828c034-f1fe-4f26-9807-8cfe87875bd7","2aa69ec0-1c59-5c0e-a6ea-1f6b94da2ef0","bfa96fba-ab9a-4bff-9645-8f953236d681","/","photo_click","file","roll_03_(15).jpg","\N","\N","1","2026-04-20 04:11:19","\N"
"2828c034-f1fe-4f26-9807-8cfe87875bd7","2aa69ec0-1c59-5c0e-a6ea-1f6b94da2ef0","bfa96fba-ab9a-4bff-9645-8f953236d681","/","photo_click","theme","retro","\N","\N","1","2026-04-20 04:11:19","\N"
"2828c034-f1fe-4f26-9807-8cfe87875bd7","e49600f9-686d-5ecb-8605-8ff883585c39","74417b67-9b37-4d1a-9646-2a1708a3c4ab","/marjork/","photo_click","file","quandry-04.jpg","\N","\N","1","2026-03-25 21:04:24","\N"
"2828c034-f1fe-4f26-9807-8cfe87875bd7","e49600f9-686d-5ecb-8605-8ff883585c39","74417b67-9b37-4d1a-9646-2a1708a3c4ab","/marjork/","photo_click","theme","art","\N","\N","1","2026-03-25 21:04:24","\N"
"2828c034-f1fe-4f26-9807-8cfe87875bd7","9883fd71-1911-5c3f-aa8c-dd7814cff2e1","738f1440-a3e4-48e1-9653-5dc912087bf7","/marjork/","kiss_button_click","message","я тебя люблю!","\N","\N","1","2026-03-25 21:02:20","\N"
"2828c034-f1fe-4f26-9807-8cfe87875bd7","4f0931d3-b3f6-53b9-a857-aba567cd6629","5447b870-84e3-45ea-967b-12859d0d62a8","/","theme_change","theme","retro","\N","\N","1","2026-04-04 04:30:12","\N"
"2828c034-f1fe-4f26-9807-8cfe87875bd7","348e0e96-0ef6-5678-9b2c-75a47e7e0732","eb00f5d5-c393-43d4-967c-514cd93c2d9e","/","theme_change","theme","retro","\N","\N","1","2026-04-19 09:05:30","\N"
"2828c034-f1fe-4f26-9807-8cfe87875bd7","62fbadfb-02fb-5a40-ac86-df73f8100e86","3784643d-20dd-497e-9682-015ef8d68d47","/","theme_change","theme","retro","\N","\N","1","2026-04-04 21:48:13","\N"
"2828c034-f1fe-4f26-9807-8cfe87875bd7","665fba9d-3d55-5334-8d22-2ff825b9f6fd","77afe594-c00a-4446-9683-717ce282a56a","/","kiss_button_click","message","красивая!","\N","\N","1","2026-04-24 18:56:26","\N"
"2828c034-f1fe-4f26-9807-8cfe87875bd7","ebb35ab8-4982-5d40-91d0-ee9f83d1355a","194fff61-bbb7-4190-968a-a2d02247e647","/","photo_click","file","roll_03_(15).jpg","\N","\N","1","2026-04-05 00:32:17","\N"
"2828c034-f1fe-4f26-9807-8cfe87875bd7","ebb35ab8-4982-5d40-91d0-ee9f83d1355a","194fff61-bbb7-4190-968a-a2d02247e647","/","photo_click","theme","retro","\N","\N","1","2026-04-05 00:32:17","\N"
"2828c034-f1fe-4f26-9807-8cfe87875bd7","5fea088f-2388-5ec6-babf-bc211bf852de","05edeaf6-7d9c-4cda-9694-99914f7dfdf8","/","kiss_button_click","message","Horse Balls!","\N","\N","1","2026-04-09 16:34:15","\N"
"2828c034-f1fe-4f26-9807-8cfe87875bd7","dd1ff8b3-8c33-565b-a3e1-bd03bf6ece36","9a8e72c0-00ed-4fa5-9696-65f19e4c9555","/","theme_change","theme","retro","\N","\N","1","2026-04-21 15:35:21","\N"
"2828c034-f1fe-4f26-9807-8cfe87875bd7","f55c8253-c6fb-5c5f-9d87-741699120d68","06b245a4-f77a-4f45-9698-45fb4d21b967","/","photo_click","file","PIKED.jpg","\N","\N","1","2026-03-29 17:39:50","\N"
"2828c034-f1fe-4f26-9807-8cfe87875bd7","f55c8253-c6fb-5c5f-9d87-741699120d68","06b245a4-f77a-4f45-9698-45fb4d21b967","/","photo_click","theme","space","\N","\N","1","2026-03-29 17:39:50","\N"
"2828c034-f1fe-4f26-9807-8cfe87875bd7","f55c8253-c6fb-5c5f-9d87-741699120d68","9fb1536d-0c2c-40e6-96a2-81e10eea7539","/","photo_click","file","idkeeeeek.jpg","\N","\N","1","2026-03-29 17:39:49","\N"
"2828c034-f1fe-4f26-9807-8cfe87875bd7","f55c8253-c6fb-5c5f-9d87-741699120d68","9fb1536d-0c2c-40e6-96a2-81e10eea7539","/","photo_click","theme","space","\N","\N","1","2026-03-29 17:39:49","\N"
"2828c034-f1fe-4f26-9807-8cfe87875bd7","f1c09ba6-70e8-5185-a799-35e47a95338e","eb1f2977-cedc-401b-96b4-be00236af82a","/","theme_change","theme","retro","\N","\N","1","2026-04-06 16:40:31","\N"
"2828c034-f1fe-4f26-9807-8cfe87875bd7","246a559e-739a-5015-b87d-f7efd8232d47","4d6bab5f-1862-47a3-96c4-1d2e202ccc6c","/","spotify_goal_open","device","mobile","\N","\N","1","2026-04-06 01:59:31","\N"
"2828c034-f1fe-4f26-9807-8cfe87875bd7","638bbfd5-19e3-5f6c-b373-ff2cbae92226","e3e36b52-aba6-4b43-9719-8ea8a449554a","/","kiss_button_click","message","☀️ solnyshko ☀️","\N","\N","1","2026-04-14 03:49:18","\N"
"2828c034-f1fe-4f26-9807-8cfe87875bd7","d60e833e-5dcc-5201-ae9f-504b5995f099","8cdd9cdc-c9d3-4b7f-971e-916fe544406e","/","theme_change","theme","retro","\N","\N","1","2026-04-13 06:14:14","\N"
"2828c034-f1fe-4f26-9807-8cfe87875bd7","e49600f9-686d-5ecb-8605-8ff883585c39","4b40fdb9-b9bb-44bc-974d-1cc8bb5e300f","/marjork/","kiss_button_click","message","i love you!","\N","\N","1","2026-03-25 21:04:03","\N"
"2828c034-f1fe-4f26-9807-8cfe87875bd7","c8c65918-057e-54ec-a2fc-a3e8251ea550","1c3fedae-1195-4807-974d-dccc6da07925","/","theme_change","theme","space","\N","\N","1","2026-04-02 03:41:04","\N"
"2828c034-f1fe-4f26-9807-8cfe87875bd7","f55c8253-c6fb-5c5f-9d87-741699120d68","b5faae40-35e0-48cc-975c-5d8d29436a0f","/","theme_change","theme","art","\N","\N","1","2026-03-29 17:39:57","\N"
"2828c034-f1fe-4f26-9807-8cfe87875bd7","4dc98cd8-cea8-504c-b0ec-09c78b4f0cd8","8624e7f1-3ba8-42bd-9767-bd51daf7d2cb","/","spotify_goal_scored","device","mobile","\N","\N","1","2026-04-16 14:21:47","\N"
"2828c034-f1fe-4f26-9807-8cfe87875bd7","4dc98cd8-cea8-504c-b0ec-09c78b4f0cd8","8624e7f1-3ba8-42bd-9767-bd51daf7d2cb","/","spotify_goal_scored","theme","glitch","\N","\N","1","2026-04-16 14:21:47","\N"
"2828c034-f1fe-4f26-9807-8cfe87875bd7","14ad83f7-e7e0-52b2-8cdd-3b6dabd421a7","56c82464-5b13-483a-9783-4f49c93dafd5","/","theme_change","theme","retro","\N","\N","1","2026-04-22 17:23:28","\N"
"2828c034-f1fe-4f26-9807-8cfe87875bd7","e49600f9-686d-5ecb-8605-8ff883585c39","7bcdd122-1b8b-4427-979b-bf06ec7932bd","/marjork/","kiss_button_click","message","я тебя люблю!","\N","\N","1","2026-03-25 21:04:11","\N"
"2828c034-f1fe-4f26-9807-8cfe87875bd7","e49600f9-686d-5ecb-8605-8ff883585c39","90f5c05c-966b-48aa-97b8-1b3b33465d4d","/marjork/","kiss_button_click","message","я тебя люблю!","\N","\N","1","2026-03-25 21:04:09","\N"
"2828c034-f1fe-4f26-9807-8cfe87875bd7","c8c65918-057e-54ec-a2fc-a3e8251ea550","293dcefa-6faa-4fe9-97bf-2ce8220c0da4","/","kiss_button_click","message","красивая!","\N","\N","1","2026-04-02 03:41:17","\N"
"2828c034-f1fe-4f26-9807-8cfe87875bd7","c8c65918-057e-54ec-a2fc-a3e8251ea550","049d3950-adc5-4c9e-97dd-1ebf71dafd88","/","video_player_open","title","OG of Film Photo","\N","\N","1","2026-04-02 03:42:23","\N"
"2828c034-f1fe-4f26-9807-8cfe87875bd7","94527d57-831e-53e5-a2cb-7053686b6aad","85c97a60-141a-4cfc-97dd-5a835604dde8","/","theme_change","theme","art","\N","\N","1","2026-04-07 14:32:30","\N"
"2828c034-f1fe-4f26-9807-8cfe87875bd7","e49600f9-686d-5ecb-8605-8ff883585c39","8343f47c-0a92-4418-97f3-bca681d8f5c3","/marjork/","kiss_button_click","message","красивая!","\N","\N","1","2026-03-25 21:04:03","\N"
"2828c034-f1fe-4f26-9807-8cfe87875bd7","c8c65918-057e-54ec-a2fc-a3e8251ea550","9238c975-ce2e-4b94-9805-3f412838f3e2","/","kiss_button_click","message","красивая!","\N","\N","1","2026-04-02 03:40:57","\N"
"2828c034-f1fe-4f26-9807-8cfe87875bd7","f55c8253-c6fb-5c5f-9d87-741699120d68","4de7be29-a781-4105-9819-c8469670df36","/","photo_click","file","quandry-04.jpg","\N","\N","1","2026-03-29 17:39:58","\N"
"2828c034-f1fe-4f26-9807-8cfe87875bd7","f55c8253-c6fb-5c5f-9d87-741699120d68","4de7be29-a781-4105-9819-c8469670df36","/","photo_click","theme","art","\N","\N","1","2026-03-29 17:39:58","\N"
"2828c034-f1fe-4f26-9807-8cfe87875bd7","bdd1b7fa-3c9f-5a6f-81da-ac77d94565aa","d883127f-94e4-4fe1-982e-1f211730667e","/","kiss_button_click","message","u get it","\N","\N","1","2026-04-01 02:54:39","\N"
"2828c034-f1fe-4f26-9807-8cfe87875bd7","25b2a635-2f4d-56ed-aa34-c2fd729ccd69","823f5336-7454-4b87-9838-fd0ac60e822d","/","kiss_button_click","message","i love you!","\N","\N","1","2026-04-11 07:03:05","\N"
"2828c034-f1fe-4f26-9807-8cfe87875bd7","09612782-2686-5fc3-a1b3-42244a1ab1ae","32472e11-c356-4f87-983c-07121c1390ca","/","theme_change","theme","art","\N","\N","1","2026-04-02 17:48:06","\N"
"2828c034-f1fe-4f26-9807-8cfe87875bd7","6a2761dd-1040-5751-992a-f15dc82ad7e1","bdf7771d-6b61-4c6e-9843-60c6a6b0a641","/","kiss_button_click","message","i love you!","\N","\N","1","2026-03-28 22:57:40","\N"
"2828c034-f1fe-4f26-9807-8cfe87875bd7","ebb35ab8-4982-5d40-91d0-ee9f83d1355a","1d907dbe-ea56-4659-9872-11525d74d891","/","kiss_button_click","message","Horse Balls!","\N","\N","1","2026-04-05 00:32:09","\N"
"2828c034-f1fe-4f26-9807-8cfe87875bd7","253aa391-feb0-5ad0-8599-5e13e3081db4","20470835-0ce2-40d0-987b-2886905107b2","/marjork/","outbound_link_click","url","https://kritiquekapital.github.io/marjork/?utm_source=ig&utm_medium=social&utm_content=link_in_bio&fbclid=PAZXh0bgNhZW0CMTEAc3J0YwZhcHBfaWQPMTI0MDI0NTc0Mjg3NDE0AAGnARIDFXQlQ3a1sXGGP5DoSp6o8eU7Lsv_4l4LPFikt3VLMyGf3i8Sf6JwDsw_aem_GF8-Z7NcbmgYojkVlylPBw#","\N","\N","1","2026-03-24 22:00:13","\N"
"2828c034-f1fe-4f26-9807-8cfe87875bd7","6a2761dd-1040-5751-992a-f15dc82ad7e1","53efdbb2-beaf-4392-987e-2500197b2d29","/","theme_change","theme","retro","\N","\N","1","2026-03-28 22:57:34","\N"
"2828c034-f1fe-4f26-9807-8cfe87875bd7","f35953d7-12a6-5f20-8b58-0b346f36945e","8b645512-f9f0-4035-989a-cc82ba0b70fe","/","photo_click","file","DUDEHELLOCAMERON.jpg","\N","\N","1","2026-04-07 14:32:52","\N"
"2828c034-f1fe-4f26-9807-8cfe87875bd7","f35953d7-12a6-5f20-8b58-0b346f36945e","8b645512-f9f0-4035-989a-cc82ba0b70fe","/","photo_click","theme","art","\N","\N","1","2026-04-07 14:32:52","\N"
"2828c034-f1fe-4f26-9807-8cfe87875bd7","c8c65918-057e-54ec-a2fc-a3e8251ea550","7998bb2b-e55a-42ab-98c9-c90e2f7d78f3","/","photo_click","file","branchesinthedark.jpg","\N","\N","1","2026-04-02 03:41:24","\N"
"2828c034-f1fe-4f26-9807-8cfe87875bd7","c8c65918-057e-54ec-a2fc-a3e8251ea550","7998bb2b-e55a-42ab-98c9-c90e2f7d78f3","/","photo_click","theme","space","\N","\N","1","2026-04-02 03:41:24","\N"
"2828c034-f1fe-4f26-9807-8cfe87875bd7","c367eed8-83a7-5473-be6b-a04a68b1f85b","2efc284f-ed7e-4596-98cd-745fcb5160db","/","kiss_button_click","message","☀️ solnyshko ☀️","\N","\N","1","2026-03-31 03:15:03","\N"
"2828c034-f1fe-4f26-9807-8cfe87875bd7","bcb34b51-03fb-5025-9bd3-d33e5670e1f7","71772a6b-7bd1-4140-98de-b66d1c7a2c10","/","theme_change","theme","retro","\N","\N","1","2026-04-14 05:22:54","\N"
"2828c034-f1fe-4f26-9807-8cfe87875bd7","4dc98cd8-cea8-504c-b0ec-09c78b4f0cd8","f68b07d8-4baa-4df5-98f0-6bc1886992fc","/","kiss_button_sink","strokes","4.0000","4","\N","2","2026-04-16 13:21:26","\N"
"2828c034-f1fe-4f26-9807-8cfe87875bd7","ebb35ab8-4982-5d40-91d0-ee9f83d1355a","f29c6130-0024-4602-9906-7505a8b6c823","/","photo_click","file","quandry-03.jpg","\N","\N","1","2026-04-05 00:32:31","\N"
"2828c034-f1fe-4f26-9807-8cfe87875bd7","ebb35ab8-4982-5d40-91d0-ee9f83d1355a","f29c6130-0024-4602-9906-7505a8b6c823","/","photo_click","theme","art","\N","\N","1","2026-04-05 00:32:31","\N"
"2828c034-f1fe-4f26-9807-8cfe87875bd7","5fea088f-2388-5ec6-babf-bc211bf852de","c442edbe-aa0e-436f-990e-460fc07f4519","/","theme_change","theme","art","\N","\N","1","2026-04-09 16:34:13","\N"
"2828c034-f1fe-4f26-9807-8cfe87875bd7","9a61ca09-f198-5559-a9e4-78bce519fbb7","f3cde3f8-1445-4ff9-9941-f079b5a8a398","/","theme_change","theme","retro","\N","\N","1","2026-04-20 04:10:39","\N"
"2828c034-f1fe-4f26-9807-8cfe87875bd7","b3cf28a3-b41b-5a41-a660-8fa2c402c33d","73edcc9c-9c0a-43b5-994e-841f2c0603a7","/","kiss_button_click","message","Horse Balls!","\N","\N","1","2026-04-01 14:36:48","\N"
"2828c034-f1fe-4f26-9807-8cfe87875bd7","b18dae6c-cf08-54e0-9d94-26d680929abc","ed531421-e8ec-40a2-9952-b170bd90d18d","/","photo_click","file","roll_03_(25).jpg","\N","\N","1","2026-04-05 06:32:18","\N"
"2828c034-f1fe-4f26-9807-8cfe87875bd7","b18dae6c-cf08-54e0-9d94-26d680929abc","ed531421-e8ec-40a2-9952-b170bd90d18d","/","photo_click","theme","retro","\N","\N","1","2026-04-05 06:32:18","\N"
"2828c034-f1fe-4f26-9807-8cfe87875bd7","b3cf28a3-b41b-5a41-a660-8fa2c402c33d","11882bab-453f-4eaa-995e-e1694403de65","/","kiss_button_click","message","Horse Balls!","\N","\N","1","2026-04-01 14:36:49","\N"
"2828c034-f1fe-4f26-9807-8cfe87875bd7","faed7e47-9d40-5707-abc1-c533d8aadb8a","5d245232-1f94-4ba9-9970-8b05367cfa17","/","theme_change","theme","retro","\N","\N","1","2026-04-26 18:56:40","\N"
"2828c034-f1fe-4f26-9807-8cfe87875bd7","5fea088f-2388-5ec6-babf-bc211bf852de","3e2bbadd-ef66-4c25-9977-7f9b8f79e47e","/","kiss_button_click","message","Horse Balls!","\N","\N","1","2026-04-09 16:34:14","\N"
"2828c034-f1fe-4f26-9807-8cfe87875bd7","5648a2d6-74ad-59fb-a1e0-ad02fca6b6a1","fad510e9-32d2-42c4-997e-3799bb3f51e7","/","kiss_button_click","message","Horse Balls!","\N","\N","1","2026-04-07 12:25:28","\N"
"2828c034-f1fe-4f26-9807-8cfe87875bd7","67eb9c65-13a6-59d1-9a02-b370db3018d7","f0489e3d-9cb6-4794-997e-db82bdab335d","/","photo_click","file","DUDEHELLOCAMERON.jpg","\N","\N","1","2026-04-07 22:17:50","\N"
"2828c034-f1fe-4f26-9807-8cfe87875bd7","67eb9c65-13a6-59d1-9a02-b370db3018d7","f0489e3d-9cb6-4794-997e-db82bdab335d","/","photo_click","theme","art","\N","\N","1","2026-04-07 22:17:50","\N"
"2828c034-f1fe-4f26-9807-8cfe87875bd7","f25aa420-c2d4-5b8c-b10a-b9ab01019414","73804af2-7357-4e7b-998d-2d009a668e3c","/","kiss_button_click","message","i love you!","\N","\N","1","2026-04-26 04:39:27","\N"
"2828c034-f1fe-4f26-9807-8cfe87875bd7","9883fd71-1911-5c3f-aa8c-dd7814cff2e1","50966c16-6ea8-4368-9994-407f1e64d891","/marjork/","photo_click","file","quandry-08.jpg","\N","\N","1","2026-03-25 21:03:22","\N"
"2828c034-f1fe-4f26-9807-8cfe87875bd7","9883fd71-1911-5c3f-aa8c-dd7814cff2e1","50966c16-6ea8-4368-9994-407f1e64d891","/marjork/","photo_click","theme","retro","\N","\N","1","2026-03-25 21:03:22","\N"
"2828c034-f1fe-4f26-9807-8cfe87875bd7","c8c65918-057e-54ec-a2fc-a3e8251ea550","d39f0913-cdca-485a-99a3-1aeff306bad6","/","kiss_button_click","message","☀️ solnyshko ☀️","\N","\N","1","2026-04-02 03:41:06","\N"
"2828c034-f1fe-4f26-9807-8cfe87875bd7","253aa391-feb0-5ad0-8599-5e13e3081db4","15306957-d5da-4321-99b0-554d4813dfcb","/marjork/","outbound_link_click","url","https://kritiquekapital.github.io/marjork/?utm_source=ig&utm_medium=social&utm_content=link_in_bio&fbclid=PAZXh0bgNhZW0CMTEAc3J0YwZhcHBfaWQPMTI0MDI0NTc0Mjg3NDE0AAGnARIDFXQlQ3a1sXGGP5DoSp6o8eU7Lsv_4l4LPFikt3VLMyGf3i8Sf6JwDsw_aem_GF8-Z7NcbmgYojkVlylPBw#","\N","\N","1","2026-03-24 22:00:16","\N"
"2828c034-f1fe-4f26-9807-8cfe87875bd7","e49600f9-686d-5ecb-8605-8ff883585c39","3c70d5e7-1e4b-4fc0-99bd-e4583601cd6c","/marjork/","photo_click","file","quandry-06.jpg","\N","\N","1","2026-03-25 21:04:22","\N"
"2828c034-f1fe-4f26-9807-8cfe87875bd7","e49600f9-686d-5ecb-8605-8ff883585c39","3c70d5e7-1e4b-4fc0-99bd-e4583601cd6c","/marjork/","photo_click","theme","retro","\N","\N","1","2026-03-25 21:04:22","\N"
"2828c034-f1fe-4f26-9807-8cfe87875bd7","4dc98cd8-cea8-504c-b0ec-09c78b4f0cd8","8ce76dd8-a6f3-432a-99ca-b288026b4994","/","spotify_goal_open","device","mobile","\N","\N","1","2026-04-16 13:21:26","\N"
"2828c034-f1fe-4f26-9807-8cfe87875bd7","638bbfd5-19e3-5f6c-b373-ff2cbae92226","7477dddb-ac33-427f-99d5-8231a85b7fc7","/","theme_change","theme","retro","\N","\N","1","2026-04-14 03:49:16","\N"
"2828c034-f1fe-4f26-9807-8cfe87875bd7","e49600f9-686d-5ecb-8605-8ff883585c39","ed4bc722-ac8b-4394-99d9-230cc82f740a","/marjork/","photo_click","file","quandry-08.jpg","\N","\N","1","2026-03-25 21:04:25","\N"
"2828c034-f1fe-4f26-9807-8cfe87875bd7","e49600f9-686d-5ecb-8605-8ff883585c39","ed4bc722-ac8b-4394-99d9-230cc82f740a","/marjork/","photo_click","theme","art","\N","\N","1","2026-03-25 21:04:25","\N"
"2828c034-f1fe-4f26-9807-8cfe87875bd7","b18dae6c-cf08-54e0-9d94-26d680929abc","56ccf860-a772-4176-99f2-d3226abce3b3","/","photo_click","file","roll_03_(28).jpg","\N","\N","1","2026-04-05 06:32:19","\N"
"2828c034-f1fe-4f26-9807-8cfe87875bd7","b18dae6c-cf08-54e0-9d94-26d680929abc","56ccf860-a772-4176-99f2-d3226abce3b3","/","photo_click","theme","retro","\N","\N","1","2026-04-05 06:32:19","\N"
"2828c034-f1fe-4f26-9807-8cfe87875bd7","26f573b2-0d60-5774-91e8-7f399ed39637","d604c4c9-9fbf-4c0c-9a05-4b41dea98796","/","theme_change","theme","rain","\N","\N","1","2026-04-03 16:43:21","\N"
"2828c034-f1fe-4f26-9807-8cfe87875bd7","85ea8f79-1315-5115-879b-56d993592575","7cc08e4f-528f-449d-9a07-b48145bbb8f7","/marjork/","kiss_button_sink","strokes","1.0000","1","\N","2","2026-03-26 14:18:21","\N"
"2828c034-f1fe-4f26-9807-8cfe87875bd7","0cedf043-d098-59b2-8279-fbe59fa052ef","b51fc2db-433d-4633-9a40-e1ee864d0f52","/","kiss_button_click","message","i love you!","\N","\N","1","2026-04-18 16:29:06","\N"
"2828c034-f1fe-4f26-9807-8cfe87875bd7","0cedf043-d098-59b2-8279-fbe59fa052ef","942fecbf-ddc3-4ab6-9a48-f2a78eac1d44","/","outbound_link_click","href","https://kritiquekapital.com","\N","\N","1","2026-04-18 16:29:08","\N"
"2828c034-f1fe-4f26-9807-8cfe87875bd7","0cedf043-d098-59b2-8279-fbe59fa052ef","942fecbf-ddc3-4ab6-9a48-f2a78eac1d44","/","outbound_link_click","label","substack-button","\N","\N","1","2026-04-18 16:29:08","\N"
"2828c034-f1fe-4f26-9807-8cfe87875bd7","e49600f9-686d-5ecb-8605-8ff883585c39","517c5404-7441-4847-9a55-c798a3df2df6","/marjork/","photo_click","file","quandry-01.jpg","\N","\N","1","2026-03-25 21:04:24","\N"
"2828c034-f1fe-4f26-9807-8cfe87875bd7","e49600f9-686d-5ecb-8605-8ff883585c39","517c5404-7441-4847-9a55-c798a3df2df6","/marjork/","photo_click","theme","art","\N","\N","1","2026-03-25 21:04:24","\N"
"2828c034-f1fe-4f26-9807-8cfe87875bd7","bde2252f-00fc-58df-9642-78a68cbb03b7","6022843e-af26-4d2b-9a60-98a994c982fa","/marjork/","kiss_button_click","message","☀️ solnyshko ☀️","\N","\N","1","2026-03-26 18:30:27","\N"
"2828c034-f1fe-4f26-9807-8cfe87875bd7","4dc98cd8-cea8-504c-b0ec-09c78b4f0cd8","4a6829b0-fccc-43f7-9a85-c2b5f3f57f3c","/","theme_change","theme","glitch","\N","\N","1","2026-04-16 14:21:39","\N"
"2828c034-f1fe-4f26-9807-8cfe87875bd7","99c7f38f-e9cb-5db6-aa27-7bf634850975","782d1354-567b-41b5-9a98-0c066ec35bb8","/","theme_change","theme","rain","\N","\N","1","2026-04-08 20:06:11","\N"
"2828c034-f1fe-4f26-9807-8cfe87875bd7","0890b3f2-ecd0-555a-b71a-14dc53287067","8854a17f-a89d-4252-9aa3-b8cd525a5151","/","photo_click","file","industry.jpg","\N","\N","1","2026-04-18 16:29:48","\N"
"2828c034-f1fe-4f26-9807-8cfe87875bd7","0890b3f2-ecd0-555a-b71a-14dc53287067","8854a17f-a89d-4252-9aa3-b8cd525a5151","/","photo_click","theme","glitch","\N","\N","1","2026-04-18 16:29:48","\N"
"2828c034-f1fe-4f26-9807-8cfe87875bd7","f55c8253-c6fb-5c5f-9d87-741699120d68","43c1e07d-65d8-494c-9aa9-562b92726fe2","/","photo_click","file","quandry-09.jpg","\N","\N","1","2026-03-29 17:40:00","\N"
"2828c034-f1fe-4f26-9807-8cfe87875bd7","f55c8253-c6fb-5c5f-9d87-741699120d68","43c1e07d-65d8-494c-9aa9-562b92726fe2","/","photo_click","theme","art","\N","\N","1","2026-03-29 17:40:00","\N"
"2828c034-f1fe-4f26-9807-8cfe87875bd7","2f2a7739-d4b7-50f1-ae63-5994dcbb21d8","63298868-6c56-4649-9abb-307a1fddc53b","/","photo_click","file","DUDEHELLOCAMERON.jpg","\N","\N","1","2026-04-09 04:03:25","\N"
"2828c034-f1fe-4f26-9807-8cfe87875bd7","2f2a7739-d4b7-50f1-ae63-5994dcbb21d8","63298868-6c56-4649-9abb-307a1fddc53b","/","photo_click","theme","art","\N","\N","1","2026-04-09 04:03:25","\N"
"2828c034-f1fe-4f26-9807-8cfe87875bd7","9883fd71-1911-5c3f-aa8c-dd7814cff2e1","9d3081b2-6a7d-44e4-9ae7-e90a37f54504","/marjork/","site_loaded","device","mobile","\N","\N","1","2026-03-25 21:02:43","\N"
"2828c034-f1fe-4f26-9807-8cfe87875bd7","9883fd71-1911-5c3f-aa8c-dd7814cff2e1","9d3081b2-6a7d-44e4-9ae7-e90a37f54504","/marjork/","site_loaded","theme","retro","\N","\N","1","2026-03-25 21:02:43","\N"
"2828c034-f1fe-4f26-9807-8cfe87875bd7","c8c65918-057e-54ec-a2fc-a3e8251ea550","599b6c2c-8cf9-4e52-9af8-d94a3f2a75c5","/","kiss_button_click","message","Horse Balls!","\N","\N","1","2026-04-02 03:41:00","\N"
"2828c034-f1fe-4f26-9807-8cfe87875bd7","c8c805cb-6250-5b50-8f4f-94f4c9fc7789","0f1b561d-cc0c-4ed5-9b04-f1014b7b381c","/","theme_change","theme","retro","\N","\N","1","2026-04-20 10:22:42","\N"
"2828c034-f1fe-4f26-9807-8cfe87875bd7","bde2252f-00fc-58df-9642-78a68cbb03b7","a3ceacc3-e58b-4a62-9b1a-560de2ad1590","/marjork/","site_loaded","device","mobile","\N","\N","1","2026-03-26 18:28:45","\N"
"2828c034-f1fe-4f26-9807-8cfe87875bd7","bde2252f-00fc-58df-9642-78a68cbb03b7","a3ceacc3-e58b-4a62-9b1a-560de2ad1590","/marjork/","site_loaded","theme","retro","\N","\N","1","2026-03-26 18:28:45","\N"
"2828c034-f1fe-4f26-9807-8cfe87875bd7","2cda690d-b3ac-5557-b2d2-bcd946ffaceb","8324ba79-64df-453b-9b29-0b83670e4025","/","theme_change","theme","glitch","\N","\N","1","2026-04-13 03:09:59","\N"
"2828c034-f1fe-4f26-9807-8cfe87875bd7","69053fb6-90d2-5dc4-8296-2ebd43068145","228bb9aa-77a4-4f11-9b2c-2c952acca0c7","/","kiss_button_click","message","u get it","\N","\N","1","2026-04-12 15:06:27","\N"
"2828c034-f1fe-4f26-9807-8cfe87875bd7","217cbbed-c4a0-5d87-bed5-b468fe644f22","c998df66-9e0a-4542-9b35-4468d5e1c765","/","theme_change","theme","retro","\N","\N","1","2026-04-14 22:18:52","\N"
"2828c034-f1fe-4f26-9807-8cfe87875bd7","62a0ab18-3484-5fbd-818c-3a3218fdcdb8","0af4e9eb-ad31-4c3e-9b38-61334130ab57","/","theme_change","theme","retro","\N","\N","1","2026-04-03 09:51:19","\N"
"2828c034-f1fe-4f26-9807-8cfe87875bd7","5fea088f-2388-5ec6-babf-bc211bf852de","301a7cff-1271-4fd3-9b3f-e49381dd3c87","/","kiss_button_click","message","u get it","\N","\N","1","2026-04-09 16:34:16","\N"
"2828c034-f1fe-4f26-9807-8cfe87875bd7","1f4f73f5-1e69-5dac-8668-9aeb7a113d54","f8ac2cc7-9f22-4d06-9b45-d4626e2e46db","/","theme_change","theme","retro","\N","\N","1","2026-04-17 08:22:20","\N"
"2828c034-f1fe-4f26-9807-8cfe87875bd7","1d98c125-7d6d-5c19-b4de-596ad35c6621","af92cd7e-7a87-4398-9b60-472c2920a844","/","photo_click","file","branchesinthedark.jpg","\N","\N","1","2026-04-20 22:04:14","\N"
"2828c034-f1fe-4f26-9807-8cfe87875bd7","1d98c125-7d6d-5c19-b4de-596ad35c6621","af92cd7e-7a87-4398-9b60-472c2920a844","/","photo_click","theme","glitch","\N","\N","1","2026-04-20 22:04:14","\N"
"2828c034-f1fe-4f26-9807-8cfe87875bd7","4dc98cd8-cea8-504c-b0ec-09c78b4f0cd8","32ff70f8-9ca1-42ae-9b60-cfe90484f31f","/","theme_change","theme","glitch","\N","\N","1","2026-04-16 13:22:12","\N"
"2828c034-f1fe-4f26-9807-8cfe87875bd7","e49600f9-686d-5ecb-8605-8ff883585c39","372e16bf-05b8-4f04-9b63-66841495a1a8","/marjork/","photo_click","file","quandry-10.jpg","\N","\N","1","2026-03-25 21:04:25","\N"
"2828c034-f1fe-4f26-9807-8cfe87875bd7","e49600f9-686d-5ecb-8605-8ff883585c39","372e16bf-05b8-4f04-9b63-66841495a1a8","/marjork/","photo_click","theme","art","\N","\N","1","2026-03-25 21:04:25","\N"
"2828c034-f1fe-4f26-9807-8cfe87875bd7","4dc98cd8-cea8-504c-b0ec-09c78b4f0cd8","090705f8-4778-4f21-9b64-1612c41759c5","/","spotify_goal_scored","device","mobile","\N","\N","1","2026-04-16 13:21:39","\N"
"2828c034-f1fe-4f26-9807-8cfe87875bd7","4dc98cd8-cea8-504c-b0ec-09c78b4f0cd8","090705f8-4778-4f21-9b64-1612c41759c5","/","spotify_goal_scored","theme","space","\N","\N","1","2026-04-16 13:21:39","\N"
"2828c034-f1fe-4f26-9807-8cfe87875bd7","5d6b87ce-8117-58bc-8cb5-d71b5a15dc35","d044b72a-361f-4cc6-9b6a-8c93be214e9a","/","theme_change","theme","retro","\N","\N","1","2026-04-08 20:06:36","\N"
"2828c034-f1fe-4f26-9807-8cfe87875bd7","bdd1b7fa-3c9f-5a6f-81da-ac77d94565aa","32f00111-6d32-4e2b-9b74-2d46f2b457cb","/","kiss_button_click","message","я тебя люблю!","\N","\N","1","2026-04-01 02:54:49","\N"
"2828c034-f1fe-4f26-9807-8cfe87875bd7","09612782-2686-5fc3-a1b3-42244a1ab1ae","9460344c-29e6-4b7b-9b76-afdc9b5c5168","/","photo_click","file","net.png","\N","\N","1","2026-04-02 17:47:48","\N"
"2828c034-f1fe-4f26-9807-8cfe87875bd7","09612782-2686-5fc3-a1b3-42244a1ab1ae","9460344c-29e6-4b7b-9b76-afdc9b5c5168","/","photo_click","theme","rain","\N","\N","1","2026-04-02 17:47:48","\N"
"2828c034-f1fe-4f26-9807-8cfe87875bd7","bdd1b7fa-3c9f-5a6f-81da-ac77d94565aa","3c45b049-1b25-49e0-9b8d-5fd273d0df9c","/","photo_click","file","quandry-05.jpg","\N","\N","1","2026-04-01 02:54:37","\N"
"2828c034-f1fe-4f26-9807-8cfe87875bd7","bdd1b7fa-3c9f-5a6f-81da-ac77d94565aa","3c45b049-1b25-49e0-9b8d-5fd273d0df9c","/","photo_click","theme","art","\N","\N","1","2026-04-01 02:54:37","\N"
"2828c034-f1fe-4f26-9807-8cfe87875bd7","bde2252f-00fc-58df-9642-78a68cbb03b7","968c8d9f-a970-4bb3-9ba2-4697b6b72e97","/marjork/","kiss_button_click","message","красивая!","\N","\N","1","2026-03-26 18:29:02","\N"
"2828c034-f1fe-4f26-9807-8cfe87875bd7","665fba9d-3d55-5334-8d22-2ff825b9f6fd","3945eda4-4d13-4f82-9bbd-c0327197cb13","/","theme_change","theme","glitch","\N","\N","1","2026-04-24 18:56:25","\N"
"2828c034-f1fe-4f26-9807-8cfe87875bd7","253aa391-feb0-5ad0-8599-5e13e3081db4","abdce540-a818-4fb3-9bbe-c451ee77ce26","/marjork/","outbound_link_click","url","https://kritiquekapital.github.io/marjork/?utm_source=ig&utm_medium=social&utm_content=link_in_bio&fbclid=PAZXh0bgNhZW0CMTEAc3J0YwZhcHBfaWQPMTI0MDI0NTc0Mjg3NDE0AAGnARIDFXQlQ3a1sXGGP5DoSp6o8eU7Lsv_4l4LPFikt3VLMyGf3i8Sf6JwDsw_aem_GF8-Z7NcbmgYojkVlylPBw#","\N","\N","1","2026-03-24 22:00:14","\N"
"2828c034-f1fe-4f26-9807-8cfe87875bd7","c367eed8-83a7-5473-be6b-a04a68b1f85b","4debc103-3d01-4929-9bcf-a995f428d124","/","kiss_button_click","message","красивая!","\N","\N","1","2026-03-31 03:15:25","\N"
"2828c034-f1fe-4f26-9807-8cfe87875bd7","d46fda5c-8098-5377-b276-e922a4b9867e","904619d7-ed1b-4e93-9bd0-cd5445958312","/","theme_change","theme","retro","\N","\N","1","2026-03-28 17:23:25","\N"
"2828c034-f1fe-4f26-9807-8cfe87875bd7","c367eed8-83a7-5473-be6b-a04a68b1f85b","d9a4dd86-810d-4a70-9bd2-4b0775f89fb0","/","kiss_button_click","message","Horse Balls!","\N","\N","1","2026-03-31 03:15:22","\N"
"2828c034-f1fe-4f26-9807-8cfe87875bd7","f55c8253-c6fb-5c5f-9d87-741699120d68","2204f63a-6fd5-4fea-9bd4-b66f504ded71","/","kiss_button_click","message","u get it","\N","\N","1","2026-03-29 17:40:10","\N"
"2828c034-f1fe-4f26-9807-8cfe87875bd7","e49600f9-686d-5ecb-8605-8ff883585c39","23af0b67-156e-4c8a-9bd6-282e71944856","/marjork/","theme_applied","theme","retro","\N","\N","1","2026-03-25 21:03:49","\N"
"2828c034-f1fe-4f26-9807-8cfe87875bd7","85ea8f79-1315-5115-879b-56d993592575","3cdc9249-ea99-44c1-9bd8-2538dc055fd7","/marjork/","photo_click","file","DUDEHELLOCAMERON.jpg","\N","\N","1","2026-03-26 18:28:37","\N"
"2828c034-f1fe-4f26-9807-8cfe87875bd7","85ea8f79-1315-5115-879b-56d993592575","3cdc9249-ea99-44c1-9bd8-2538dc055fd7","/marjork/","photo_click","theme","art","\N","\N","1","2026-03-26 18:28:37","\N"
"2828c034-f1fe-4f26-9807-8cfe87875bd7","b18dae6c-cf08-54e0-9d94-26d680929abc","938b214d-8c5c-4eff-9c0b-6ddc10873ad4","/","photo_click","file","roll_03_(17).jpg","\N","\N","1","2026-04-05 06:32:12","\N"
"2828c034-f1fe-4f26-9807-8cfe87875bd7","b18dae6c-cf08-54e0-9d94-26d680929abc","938b214d-8c5c-4eff-9c0b-6ddc10873ad4","/","photo_click","theme","retro","\N","\N","1","2026-04-05 06:32:12","\N"
"2828c034-f1fe-4f26-9807-8cfe87875bd7","85ea8f79-1315-5115-879b-56d993592575","bd523845-fe14-4e70-9c13-d0209c77a30d","/marjork/","site_loaded","device","mobile","\N","\N","1","2026-03-26 18:29:12","\N"
"2828c034-f1fe-4f26-9807-8cfe87875bd7","85ea8f79-1315-5115-879b-56d993592575","bd523845-fe14-4e70-9c13-d0209c77a30d","/marjork/","site_loaded","theme","art","\N","\N","1","2026-03-26 18:29:12","\N"
"2828c034-f1fe-4f26-9807-8cfe87875bd7","2f2a7739-d4b7-50f1-ae63-5994dcbb21d8","6f0f4fb7-8476-43f7-9c24-8182409b194a","/","spotify_goal_open","device","mobile","\N","\N","1","2026-04-09 04:03:27","\N"
"2828c034-f1fe-4f26-9807-8cfe87875bd7","f55c8253-c6fb-5c5f-9d87-741699120d68","1dc06c16-a644-4366-9c41-d1908df6af4f","/","kiss_button_click","message","u get it","\N","\N","1","2026-03-29 17:40:10","\N"
"2828c034-f1fe-4f26-9807-8cfe87875bd7","ebb35ab8-4982-5d40-91d0-ee9f83d1355a","1024d117-356c-4c63-9c46-1d57ca31ab85","/","photo_click","file","roll_03_(12).jpg","\N","\N","1","2026-04-05 00:32:16","\N"
"2828c034-f1fe-4f26-9807-8cfe87875bd7","ebb35ab8-4982-5d40-91d0-ee9f83d1355a","1024d117-356c-4c63-9c46-1d57ca31ab85","/","photo_click","theme","retro","\N","\N","1","2026-04-05 00:32:16","\N"
"2828c034-f1fe-4f26-9807-8cfe87875bd7","a08970ab-5769-567b-8a93-00d10362b0c2","127ba172-e172-4014-9c5b-b1d3ad0552e9","/","theme_change","theme","rain","\N","\N","1","2026-04-21 00:00:23","\N"
"2828c034-f1fe-4f26-9807-8cfe87875bd7","9883fd71-1911-5c3f-aa8c-dd7814cff2e1","5e8e0454-2c90-4cb7-9c64-b4f2f5a49337","/marjork/","photo_click","file","quandry-01.jpg","\N","\N","1","2026-03-25 21:03:25","\N"
"2828c034-f1fe-4f26-9807-8cfe87875bd7","9883fd71-1911-5c3f-aa8c-dd7814cff2e1","5e8e0454-2c90-4cb7-9c64-b4f2f5a49337","/marjork/","photo_click","theme","retro","\N","\N","1","2026-03-25 21:03:25","\N"
"2828c034-f1fe-4f26-9807-8cfe87875bd7","90c4cd37-e4f7-5ec1-9135-6609eaba1e00","28e73b55-f52a-482e-9c83-37acba696df2","/","kiss_button_click","message","i love you!","\N","\N","1","2026-04-22 16:19:36","\N"
"2828c034-f1fe-4f26-9807-8cfe87875bd7","2f2a7739-d4b7-50f1-ae63-5994dcbb21d8","7a0f47cd-5c6e-45b7-9ca3-20fae6713d20","/","kiss_button_click","message","красивая!","\N","\N","1","2026-04-09 04:03:24","\N"
"2828c034-f1fe-4f26-9807-8cfe87875bd7","4dc98cd8-cea8-504c-b0ec-09c78b4f0cd8","f45c2d3d-b876-4ea4-9cb2-01826e4f9e1e","/","outbound_link_click","href","https://open.spotify.com/user/31m6yxbmqxjd6zq3eg6kk3aefuae","\N","\N","1","2026-04-16 13:21:54","\N"
"2828c034-f1fe-4f26-9807-8cfe87875bd7","4dc98cd8-cea8-504c-b0ec-09c78b4f0cd8","f45c2d3d-b876-4ea4-9cb2-01826e4f9e1e","/","outbound_link_click","label","spotify free fleeing","\N","\N","1","2026-04-16 13:21:54","\N"
"2828c034-f1fe-4f26-9807-8cfe87875bd7","b18dae6c-cf08-54e0-9d94-26d680929abc","d12f1d56-a042-4775-9cc2-be3af5e81183","/","kiss_button_click","message","☀️ solnyshko ☀️","\N","\N","1","2026-04-05 06:31:50","\N"
"2828c034-f1fe-4f26-9807-8cfe87875bd7","85ea8f79-1315-5115-879b-56d993592575","b473db94-12c3-46fa-9cf9-e3c7514ee8c0","/marjork/","theme_applied","theme","art","\N","\N","1","2026-03-26 18:29:12","\N"
"2828c034-f1fe-4f26-9807-8cfe87875bd7","f3b0523d-2f36-5016-9f21-04bfbc85b825","19e03b5a-a734-4f2f-9d02-83916503422c","/","theme_change","theme","glitch","\N","\N","1","2026-04-18 06:38:18","\N"
"2828c034-f1fe-4f26-9807-8cfe87875bd7","0b297f0b-ac33-5d97-a2af-72fe3c72dd9f","7a6c01d9-7339-4b8c-9d0f-2bfa871f99fa","/","theme_change","theme","art","\N","\N","1","2026-04-20 18:38:59","\N"
"2828c034-f1fe-4f26-9807-8cfe87875bd7","253aa391-feb0-5ad0-8599-5e13e3081db4","1f0d1173-7d8c-4539-9d1a-73f1b11833d9","/marjork/","outbound_link_click","url","https://kritiquekapital.github.io/marjork/?utm_source=ig&utm_medium=social&utm_content=link_in_bio&fbclid=PAZXh0bgNhZW0CMTEAc3J0YwZhcHBfaWQPMTI0MDI0NTc0Mjg3NDE0AAGnARIDFXQlQ3a1sXGGP5DoSp6o8eU7Lsv_4l4LPFikt3VLMyGf3i8Sf6JwDsw_aem_GF8-Z7NcbmgYojkVlylPBw#","\N","\N","1","2026-03-24 22:00:19","\N"
"2828c034-f1fe-4f26-9807-8cfe87875bd7","bb2aa133-1e29-5b6b-836b-0e755cc7a4de","9842d27f-cc6d-48a0-9d1f-51ccfa24c31e","/","theme_change","theme","rain","\N","\N","1","2026-04-14 18:50:33","\N"
"2828c034-f1fe-4f26-9807-8cfe87875bd7","09612782-2686-5fc3-a1b3-42244a1ab1ae","0a057e3b-78a3-4aa8-9d35-e77d912451ac","/","photo_click","file","crowdd.png","\N","\N","1","2026-04-02 17:47:56","\N"
"2828c034-f1fe-4f26-9807-8cfe87875bd7","09612782-2686-5fc3-a1b3-42244a1ab1ae","0a057e3b-78a3-4aa8-9d35-e77d912451ac","/","photo_click","theme","rain","\N","\N","1","2026-04-02 17:47:56","\N"
"2828c034-f1fe-4f26-9807-8cfe87875bd7","94527d57-831e-53e5-a2cb-7053686b6aad","afecac57-3c7a-4e6b-9d6a-af8c532ae45f","/","kiss_button_click","message","u get it","\N","\N","1","2026-04-07 14:32:34","\N"
"2828c034-f1fe-4f26-9807-8cfe87875bd7","2aa69ec0-1c59-5c0e-a6ea-1f6b94da2ef0","de398644-017c-4727-9d7b-eec34d65dc2b","/","theme_change","theme","art","\N","\N","1","2026-04-20 04:11:20","\N"
"2828c034-f1fe-4f26-9807-8cfe87875bd7","79585b0d-5145-51bd-9001-e45aaf1ff7f1","93e643d9-a994-49de-9dad-13bcd5270e02","/","theme_change","theme","retro","\N","\N","1","2026-04-08 01:02:59","\N"
"2828c034-f1fe-4f26-9807-8cfe87875bd7","54b0dbf9-3759-520f-b4d4-a08447c4d3d1","20897be5-97d5-42aa-9dde-a8dcc097c6fb","/","kiss_button_click","message","u get it","\N","\N","1","2026-03-28 15:30:46","\N"
"2828c034-f1fe-4f26-9807-8cfe87875bd7","1f4f73f5-1e69-5dac-8668-9aeb7a113d54","3e571825-a458-42ff-9de2-a50797ce4d63","/","theme_change","theme","retro","\N","\N","1","2026-04-18 09:21:18","\N"
"2828c034-f1fe-4f26-9807-8cfe87875bd7","54b0dbf9-3759-520f-b4d4-a08447c4d3d1","1ee54477-ae18-4260-9de9-765598d9f09a","/","kiss_button_click","message","u get it","\N","\N","1","2026-03-28 15:30:47","\N"
"2828c034-f1fe-4f26-9807-8cfe87875bd7","c8c65918-057e-54ec-a2fc-a3e8251ea550","f0312deb-9b6e-4caf-9def-596d4f3a0a4c","/","kiss_button_click","message","я тебя люблю!","\N","\N","1","2026-04-02 03:40:50","\N"
"2828c034-f1fe-4f26-9807-8cfe87875bd7","64c86340-52ae-5ad4-a308-5635595f1ec0","22132233-2106-4af2-9df2-25d9e09e13d0","/","kiss_button_click","message","я тебя люблю!","\N","\N","1","2026-03-27 15:03:38","\N"
"2828c034-f1fe-4f26-9807-8cfe87875bd7","4dc98cd8-cea8-504c-b0ec-09c78b4f0cd8","45483d78-1f25-40ad-9df3-eedc81cab063","/","theme_change","theme","art","\N","\N","1","2026-04-16 13:22:06","\N"
"2828c034-f1fe-4f26-9807-8cfe87875bd7","f55c8253-c6fb-5c5f-9d87-741699120d68","b4c2573b-0b56-402a-9e08-e49e0ea497e1","/","photo_click","file","quandry-01.jpg","\N","\N","1","2026-03-29 17:39:58","\N"
"2828c034-f1fe-4f26-9807-8cfe87875bd7","f55c8253-c6fb-5c5f-9d87-741699120d68","b4c2573b-0b56-402a-9e08-e49e0ea497e1","/","photo_click","theme","art","\N","\N","1","2026-03-29 17:39:58","\N"
"2828c034-f1fe-4f26-9807-8cfe87875bd7","f55c8253-c6fb-5c5f-9d87-741699120d68","9b12ceec-e3ee-4341-9e10-6186ec8a7bd4","/","kiss_button_click","message","u get it","\N","\N","1","2026-03-29 17:40:13","\N"
"2828c034-f1fe-4f26-9807-8cfe87875bd7","e49600f9-686d-5ecb-8605-8ff883585c39","9e941e8b-0fd5-4fcd-9e19-1be3e7345f76","/marjork/","photo_click","file","DUDEHELLOCAMERON.jpg","\N","\N","1","2026-03-25 21:04:21","\N"
"2828c034-f1fe-4f26-9807-8cfe87875bd7","e49600f9-686d-5ecb-8605-8ff883585c39","9e941e8b-0fd5-4fcd-9e19-1be3e7345f76","/marjork/","photo_click","theme","retro","\N","\N","1","2026-03-25 21:04:21","\N"
"2828c034-f1fe-4f26-9807-8cfe87875bd7","85ea8f79-1315-5115-879b-56d993592575","d60ae406-c407-4e36-9e1e-fa52b22210ef","/marjork/","kiss_button_click","message","Horse Balls!","\N","\N","1","2026-03-26 14:18:03","\N"
"2828c034-f1fe-4f26-9807-8cfe87875bd7","69053fb6-90d2-5dc4-8296-2ebd43068145","53a316a6-7b83-4406-9e25-a68a367f3abe","/","kiss_button_click","message","☀️ solnyshko ☀️","\N","\N","1","2026-04-12 15:06:23","\N"
"2828c034-f1fe-4f26-9807-8cfe87875bd7","bde2252f-00fc-58df-9642-78a68cbb03b7","8323769e-5d68-4dd4-9e26-9f824829008c","/marjork/","kiss_button_click","message","i love you!","\N","\N","1","2026-03-26 18:28:56","\N"
"2828c034-f1fe-4f26-9807-8cfe87875bd7","c00c933e-1d50-505c-8e4a-2c1705e3aff0","71706a7c-854a-47e4-9e2d-83e25263d5a3","/","theme_change","theme","retro","\N","\N","1","2026-04-02 12:58:03","\N"
"2828c034-f1fe-4f26-9807-8cfe87875bd7","ebb35ab8-4982-5d40-91d0-ee9f83d1355a","f0a45cee-cf52-4d73-9e4b-2613e7def441","/","theme_change","theme","art","\N","\N","1","2026-04-05 00:32:43","\N"
"2828c034-f1fe-4f26-9807-8cfe87875bd7","e49600f9-686d-5ecb-8605-8ff883585c39","0f8db7ce-a85e-4219-9e53-3413fa09e431","/marjork/","kiss_button_click","message","Horse Balls!","\N","\N","1","2026-03-25 21:03:56","\N"
"2828c034-f1fe-4f26-9807-8cfe87875bd7","99c7f38f-e9cb-5db6-aa27-7bf634850975","4edeb960-0d89-42c7-9e65-33e0da714ec6","/","kiss_button_click","message","i love you!","\N","\N","1","2026-04-08 20:06:15","\N"
"2828c034-f1fe-4f26-9807-8cfe87875bd7","f55c8253-c6fb-5c5f-9d87-741699120d68","38a73ed1-146e-486d-9e99-32c0ef669282","/","theme_change","theme","space","\N","\N","1","2026-03-29 17:39:45","\N"
"2828c034-f1fe-4f26-9807-8cfe87875bd7","c0866cc0-b98f-5f3b-9dcb-a36ffb30e039","b7635091-455c-47cf-9eaa-650ec35ee45d","/","theme_change","theme","retro","\N","\N","1","2026-03-28 05:50:27","\N"
"2828c034-f1fe-4f26-9807-8cfe87875bd7","54b0dbf9-3759-520f-b4d4-a08447c4d3d1","a883dcb5-1f90-449d-9eae-b4caa47b4a8f","/","kiss_button_sink","strokes","1.0000","1","\N","2","2026-03-28 15:30:31","\N"
"2828c034-f1fe-4f26-9807-8cfe87875bd7","0cedf043-d098-59b2-8279-fbe59fa052ef","8c12950f-8b79-44c1-9eba-f11ae6eb698d","/","theme_change","theme","glitch","\N","\N","1","2026-04-18 16:29:05","\N"
"2828c034-f1fe-4f26-9807-8cfe87875bd7","593340c2-85f0-57b3-ac23-156902da4722","0df776b1-b6b8-4f79-9ecd-00a6e95a5091","/","outbound_link_click","href","https://kritiquekapital.com","\N","\N","1","2026-04-14 22:18:36","\N"
"2828c034-f1fe-4f26-9807-8cfe87875bd7","593340c2-85f0-57b3-ac23-156902da4722","0df776b1-b6b8-4f79-9ecd-00a6e95a5091","/","outbound_link_click","label","substack-button","\N","\N","1","2026-04-14 22:18:36","\N"
"2828c034-f1fe-4f26-9807-8cfe87875bd7","f55c8253-c6fb-5c5f-9d87-741699120d68","c3939fc2-2edb-4b75-9ece-dcdff4129b6d","/","photo_click","file","DUDEHELLOCAMERON.jpg","\N","\N","1","2026-03-29 17:39:57","\N"
"2828c034-f1fe-4f26-9807-8cfe87875bd7","f55c8253-c6fb-5c5f-9d87-741699120d68","c3939fc2-2edb-4b75-9ece-dcdff4129b6d","/","photo_click","theme","art","\N","\N","1","2026-03-29 17:39:57","\N"
"2828c034-f1fe-4f26-9807-8cfe87875bd7","638bbfd5-19e3-5f6c-b373-ff2cbae92226","05ec9dc2-42b7-4a03-9edd-fa387d268901","/","spotify_goal_open","device","mobile","\N","\N","1","2026-04-14 03:49:22","\N"
"2828c034-f1fe-4f26-9807-8cfe87875bd7","9883fd71-1911-5c3f-aa8c-dd7814cff2e1","d2fc1fee-f587-4671-9eed-159a5d55b5b2","/marjork/","site_loaded","device","mobile","\N","\N","1","2026-03-25 21:02:34","\N"
"2828c034-f1fe-4f26-9807-8cfe87875bd7","9883fd71-1911-5c3f-aa8c-dd7814cff2e1","d2fc1fee-f587-4671-9eed-159a5d55b5b2","/marjork/","site_loaded","theme","retro","\N","\N","1","2026-03-25 21:02:34","\N"
"2828c034-f1fe-4f26-9807-8cfe87875bd7","2aa69ec0-1c59-5c0e-a6ea-1f6b94da2ef0","99315819-efff-4491-9f02-ea61db8fea87","/","music_player_open","shuffled","false","\N","\N","3","2026-04-20 04:14:20","\N"
"2828c034-f1fe-4f26-9807-8cfe87875bd7","2aa69ec0-1c59-5c0e-a6ea-1f6b94da2ef0","99315819-efff-4491-9f02-ea61db8fea87","/","music_player_open","track","Candy","\N","\N","1","2026-04-20 04:14:20","\N"
"2828c034-f1fe-4f26-9807-8cfe87875bd7","09612782-2686-5fc3-a1b3-42244a1ab1ae","0885b741-ae88-4fe2-9f1a-b67c76e6a3e2","/","kiss_button_click","message","☀️ solnyshko ☀️","\N","\N","1","2026-04-02 20:44:35","\N"
"2828c034-f1fe-4f26-9807-8cfe87875bd7","1d98c125-7d6d-5c19-b4de-596ad35c6621","f8cfc04a-a265-462e-9f26-c0f564e4e20f","/","theme_change","theme","art","\N","\N","1","2026-04-20 22:05:47","\N"
"2828c034-f1fe-4f26-9807-8cfe87875bd7","e49600f9-686d-5ecb-8605-8ff883585c39","7269d194-16a0-4a9a-9f30-0f7f858af5d3","/marjork/","photo_click","file","DUDEHELLOCAMERON.jpg","\N","\N","1","2026-03-25 21:04:25","\N"
"2828c034-f1fe-4f26-9807-8cfe87875bd7","e49600f9-686d-5ecb-8605-8ff883585c39","7269d194-16a0-4a9a-9f30-0f7f858af5d3","/marjork/","photo_click","theme","art","\N","\N","1","2026-03-25 21:04:25","\N"
"2828c034-f1fe-4f26-9807-8cfe87875bd7","f3b0523d-2f36-5016-9f21-04bfbc85b825","ecf7adf7-fc65-466f-9f33-6c35d3dd3e44","/","kiss_button_click","message","Horse Balls!","\N","\N","1","2026-04-18 06:38:25","\N"
"2828c034-f1fe-4f26-9807-8cfe87875bd7","096053b9-d0ab-5ba2-90ca-062240c949ca","57860727-b97b-4d1c-9f69-8a0e1eb745eb","/","theme_change","theme","retro","\N","\N","1","2026-03-28 19:39:56","\N"
"2828c034-f1fe-4f26-9807-8cfe87875bd7","1d98c125-7d6d-5c19-b4de-596ad35c6621","5204279d-620d-4bca-9f75-44761a9e7f52","/","theme_change","theme","glitch","\N","\N","1","2026-04-20 22:04:10","\N"
"2828c034-f1fe-4f26-9807-8cfe87875bd7","69053fb6-90d2-5dc4-8296-2ebd43068145","4b7b569c-9d78-4e80-9f86-edf3a02f1a18","/","kiss_button_click","message","Horse Balls!","\N","\N","1","2026-04-12 15:06:31","\N"
"2828c034-f1fe-4f26-9807-8cfe87875bd7","85ea8f79-1315-5115-879b-56d993592575","6f4f71ec-dd53-47e4-9f89-540c24e8be33","/marjork/","kiss_button_sink","strokes","1.0000","1","\N","2","2026-03-26 14:17:55","\N"
"2828c034-f1fe-4f26-9807-8cfe87875bd7","ebb35ab8-4982-5d40-91d0-ee9f83d1355a","0b4f55c5-53d5-434b-9f89-bd4eb7e6c83a","/","photo_click","file","cordes-en-boyaux.png","\N","\N","1","2026-04-05 00:32:33","\N"
"2828c034-f1fe-4f26-9807-8cfe87875bd7","ebb35ab8-4982-5d40-91d0-ee9f83d1355a","0b4f55c5-53d5-434b-9f89-bd4eb7e6c83a","/","photo_click","theme","rain","\N","\N","1","2026-04-05 00:32:33","\N"
"2828c034-f1fe-4f26-9807-8cfe87875bd7","1d98c125-7d6d-5c19-b4de-596ad35c6621","6c1cf2b6-6fde-4d13-9f9d-b2e369a14162","/","outbound_link_click","href","https://backloggd.com/u/majork/","\N","\N","1","2026-04-20 22:05:51","\N"
"2828c034-f1fe-4f26-9807-8cfe87875bd7","1d98c125-7d6d-5c19-b4de-596ad35c6621","6c1cf2b6-6fde-4d13-9f9d-b2e369a14162","/","outbound_link_click","label","backlog-button","\N","\N","1","2026-04-20 22:05:51","\N"
"2828c034-f1fe-4f26-9807-8cfe87875bd7","09612782-2686-5fc3-a1b3-42244a1ab1ae","2c0836d6-a74a-4b12-9fd4-e8a74d724023","/","photo_click","file","tarp.png","\N","\N","1","2026-04-02 17:47:51","\N"
"2828c034-f1fe-4f26-9807-8cfe87875bd7","09612782-2686-5fc3-a1b3-42244a1ab1ae","2c0836d6-a74a-4b12-9fd4-e8a74d724023","/","photo_click","theme","rain","\N","\N","1","2026-04-02 17:47:51","\N"
"2828c034-f1fe-4f26-9807-8cfe87875bd7","9883fd71-1911-5c3f-aa8c-dd7814cff2e1","da6a6de6-067c-41b1-9fd7-6b5f5d34d86a","/marjork/","photo_click","file","quandry-01.jpg","\N","\N","1","2026-03-25 21:03:17","\N"
"2828c034-f1fe-4f26-9807-8cfe87875bd7","9883fd71-1911-5c3f-aa8c-dd7814cff2e1","da6a6de6-067c-41b1-9fd7-6b5f5d34d86a","/marjork/","photo_click","theme","retro","\N","\N","1","2026-03-25 21:03:17","\N"
"2828c034-f1fe-4f26-9807-8cfe87875bd7","246a559e-739a-5015-b87d-f7efd8232d47","226aa02a-df89-4c5e-9fdb-db58db7ca3d8","/","photo_click","file","DUDEHELLOCAMERON.jpg","\N","\N","1","2026-04-06 01:59:08","\N"
"2828c034-f1fe-4f26-9807-8cfe87875bd7","246a559e-739a-5015-b87d-f7efd8232d47","226aa02a-df89-4c5e-9fdb-db58db7ca3d8","/","photo_click","theme","art","\N","\N","1","2026-04-06 01:59:08","\N"
"2828c034-f1fe-4f26-9807-8cfe87875bd7","c8c805cb-6250-5b50-8f4f-94f4c9fc7789","f780ee8b-b416-4fe4-9fe0-a79945e8b18c","/","theme_change","theme","retro","\N","\N","1","2026-04-13 05:21:33","\N"
"2828c034-f1fe-4f26-9807-8cfe87875bd7","6a2761dd-1040-5751-992a-f15dc82ad7e1","7cbdd4fd-44bc-480a-9fe2-06fae43a711f","/","kiss_button_click","message","красивая!","\N","\N","1","2026-03-28 22:58:13","\N"
"2828c034-f1fe-4f26-9807-8cfe87875bd7","94527d57-831e-53e5-a2cb-7053686b6aad","1f5811ef-191e-4728-9fe8-7e14e88c67f8","/","kiss_button_click","message","u get it","\N","\N","1","2026-04-07 14:32:28","\N"
"2828c034-f1fe-4f26-9807-8cfe87875bd7","9883fd71-1911-5c3f-aa8c-dd7814cff2e1","81ec113b-f34c-4733-9fec-b8345422d4c2","/marjork/","kiss_button_click","message","я тебя люблю!","\N","\N","1","2026-03-25 21:02:46","\N"
"2828c034-f1fe-4f26-9807-8cfe87875bd7","f55c8253-c6fb-5c5f-9d87-741699120d68","ecfed046-9f47-4802-a033-9206c52fb635","/","photo_click","file","quandry-03.jpg","\N","\N","1","2026-03-29 17:39:58","\N"
"2828c034-f1fe-4f26-9807-8cfe87875bd7","f55c8253-c6fb-5c5f-9d87-741699120d68","ecfed046-9f47-4802-a033-9206c52fb635","/","photo_click","theme","art","\N","\N","1","2026-03-29 17:39:58","\N"
"2828c034-f1fe-4f26-9807-8cfe87875bd7","25b2a635-2f4d-56ed-aa34-c2fd729ccd69","f5b14c7a-f45c-4753-a037-099251f95fb9","/","kiss_button_click","message","Horse Balls!","\N","\N","1","2026-04-11 07:03:09","\N"
"2828c034-f1fe-4f26-9807-8cfe87875bd7","c8c65918-057e-54ec-a2fc-a3e8251ea550","e737a428-d148-4ff0-a03c-572e43a35951","/","outbound_link_click","href","#","\N","\N","1","2026-04-02 03:42:23","\N"
"2828c034-f1fe-4f26-9807-8cfe87875bd7","c8c65918-057e-54ec-a2fc-a3e8251ea550","e737a428-d148-4ff0-a03c-572e43a35951","/","outbound_link_click","label","propaganda-link","\N","\N","1","2026-04-02 03:42:23","\N"
"2828c034-f1fe-4f26-9807-8cfe87875bd7","1b4dce04-c931-57a5-a545-e3a499c201fe","afa847ca-0616-465f-a040-146422b881fe","/","theme_change","theme","retro","\N","\N","1","2026-04-03 09:50:33","\N"
"2828c034-f1fe-4f26-9807-8cfe87875bd7","c367eed8-83a7-5473-be6b-a04a68b1f85b","f71834f4-7f58-4958-a044-0bb67a036234","/","kiss_button_click","message","Horse Balls!","\N","\N","1","2026-03-31 03:15:16","\N"
"2828c034-f1fe-4f26-9807-8cfe87875bd7","c8c805cb-6250-5b50-8f4f-94f4c9fc7789","00d267f4-5bbd-4a40-a06b-a5f5b567ec38","/","theme_change","theme","retro","\N","\N","1","2026-04-17 08:21:42","\N"
"2828c034-f1fe-4f26-9807-8cfe87875bd7","638bbfd5-19e3-5f6c-b373-ff2cbae92226","c9be2a99-1047-44ea-a0be-8283ef4de4f1","/","kiss_button_sink","strokes","1.0000","1","\N","2","2026-04-14 03:49:21","\N"
"2828c034-f1fe-4f26-9807-8cfe87875bd7","64c86340-52ae-5ad4-a308-5635595f1ec0","742f55fd-80a0-4e3b-a0c8-8581e4487877","/","kiss_button_click","message","☀️ solnyshko ☀️","\N","\N","1","2026-03-27 15:03:43","\N"
"2828c034-f1fe-4f26-9807-8cfe87875bd7","b18dae6c-cf08-54e0-9d94-26d680929abc","c727eeb8-d160-48e3-a0d4-1caa6a228a16","/","photo_click","file","roll_03_(30).jpg","\N","\N","1","2026-04-05 06:32:20","\N"
"2828c034-f1fe-4f26-9807-8cfe87875bd7","b18dae6c-cf08-54e0-9d94-26d680929abc","c727eeb8-d160-48e3-a0d4-1caa6a228a16","/","photo_click","theme","retro","\N","\N","1","2026-04-05 06:32:20","\N"
"2828c034-f1fe-4f26-9807-8cfe87875bd7","9d7d40e7-2bfa-5ea6-82cb-8bb78a5aa52d","a9c5e23a-65cf-4bf0-a0d8-d4f4ff623a66","/","kiss_button_click","message","☀️ solnyshko ☀️","\N","\N","1","2026-03-31 18:50:22","\N"
"2828c034-f1fe-4f26-9807-8cfe87875bd7","4dc98cd8-cea8-504c-b0ec-09c78b4f0cd8","8bb362c6-3b04-4aaa-a0e9-f4102907eedf","/","kiss_button_click","message","Horse Balls!","\N","\N","1","2026-04-16 13:21:19","\N"
"2828c034-f1fe-4f26-9807-8cfe87875bd7","3e030920-d267-5e87-b488-aad1467f7a6b","d49beb34-b8c2-4c37-a0fb-5f1c837017ee","/marjork/","photo_click","file","DUDEHELLOCAMERON.jpg","\N","\N","1","2026-03-25 02:47:05","\N"
"2828c034-f1fe-4f26-9807-8cfe87875bd7","3e030920-d267-5e87-b488-aad1467f7a6b","d49beb34-b8c2-4c37-a0fb-5f1c837017ee","/marjork/","photo_click","theme","retro","\N","\N","1","2026-03-25 02:47:05","\N"
"2828c034-f1fe-4f26-9807-8cfe87875bd7","2aa69ec0-1c59-5c0e-a6ea-1f6b94da2ef0","529b5cef-54b6-49d9-a112-b89c96059cab","/","photo_click","file","roll_03_(12).jpg","\N","\N","1","2026-04-20 04:11:19","\N"
"2828c034-f1fe-4f26-9807-8cfe87875bd7","2aa69ec0-1c59-5c0e-a6ea-1f6b94da2ef0","529b5cef-54b6-49d9-a112-b89c96059cab","/","photo_click","theme","retro","\N","\N","1","2026-04-20 04:11:19","\N"
"2828c034-f1fe-4f26-9807-8cfe87875bd7","c367eed8-83a7-5473-be6b-a04a68b1f85b","98bff501-6314-4108-a12f-99199e9c2409","/","kiss_button_click","message","u get it","\N","\N","1","2026-03-31 03:15:23","\N"
"2828c034-f1fe-4f26-9807-8cfe87875bd7","e49600f9-686d-5ecb-8605-8ff883585c39","4d201d61-075b-4f13-a13a-b4c59a8bc9a2","/marjork/","photo_click","file","quandry-09.jpg","\N","\N","1","2026-03-25 21:04:20","\N"
"2828c034-f1fe-4f26-9807-8cfe87875bd7","e49600f9-686d-5ecb-8605-8ff883585c39","4d201d61-075b-4f13-a13a-b4c59a8bc9a2","/marjork/","photo_click","theme","retro","\N","\N","1","2026-03-25 21:04:20","\N"
"2828c034-f1fe-4f26-9807-8cfe87875bd7","b3cf28a3-b41b-5a41-a660-8fa2c402c33d","4bae42f2-bf27-4b33-a13a-f1a110d6e9ad","/","kiss_button_click","message","i love you!","\N","\N","1","2026-04-01 14:36:49","\N"
"2828c034-f1fe-4f26-9807-8cfe87875bd7","e49600f9-686d-5ecb-8605-8ff883585c39","5d9a0f1f-104e-417a-a155-d88bdef45552","/marjork/","photo_click","file","quandry-07.jpg","\N","\N","1","2026-03-25 21:04:23","\N"
"2828c034-f1fe-4f26-9807-8cfe87875bd7","e49600f9-686d-5ecb-8605-8ff883585c39","5d9a0f1f-104e-417a-a155-d88bdef45552","/marjork/","photo_click","theme","retro","\N","\N","1","2026-03-25 21:04:23","\N"
"2828c034-f1fe-4f26-9807-8cfe87875bd7","bde2252f-00fc-58df-9642-78a68cbb03b7","81ce0c14-646a-4545-a156-8e78963fcb34","/marjork/","kiss_button_click","message","красивая!","\N","\N","1","2026-03-26 18:29:18","\N"
"2828c034-f1fe-4f26-9807-8cfe87875bd7","4dc98cd8-cea8-504c-b0ec-09c78b4f0cd8","5349c4ee-089c-47d6-a15a-824b66f68480","/","spotify_goal_scored","device","mobile","\N","\N","1","2026-04-16 13:21:26","\N"
"2828c034-f1fe-4f26-9807-8cfe87875bd7","4dc98cd8-cea8-504c-b0ec-09c78b4f0cd8","5349c4ee-089c-47d6-a15a-824b66f68480","/","spotify_goal_scored","theme","space","\N","\N","1","2026-04-16 13:21:26","\N"
"2828c034-f1fe-4f26-9807-8cfe87875bd7","c367eed8-83a7-5473-be6b-a04a68b1f85b","4b797b83-e447-43c9-a162-0fefb094d31e","/","kiss_button_click","message","i love you!","\N","\N","1","2026-03-31 03:15:19","\N"
"2828c034-f1fe-4f26-9807-8cfe87875bd7","4dc98cd8-cea8-504c-b0ec-09c78b4f0cd8","0b1eb73f-b1ed-4872-a190-b77ba7094ba2","/","theme_change","theme","retro","\N","\N","1","2026-04-16 13:22:05","\N"
"2828c034-f1fe-4f26-9807-8cfe87875bd7","ebb35ab8-4982-5d40-91d0-ee9f83d1355a","92a814ff-03ef-4e86-a19d-aaae2e4d8784","/","photo_click","file","quandry-02.jpg","\N","\N","1","2026-04-05 00:32:30","\N"
"2828c034-f1fe-4f26-9807-8cfe87875bd7","ebb35ab8-4982-5d40-91d0-ee9f83d1355a","92a814ff-03ef-4e86-a19d-aaae2e4d8784","/","photo_click","theme","art","\N","\N","1","2026-04-05 00:32:30","\N"
"2828c034-f1fe-4f26-9807-8cfe87875bd7","2be4e797-0420-50aa-874c-653a5938445d","b450c0fb-0411-4713-a1a0-2de7ac666b68","/","theme_change","theme","retro","\N","\N","1","2026-04-22 15:39:47","\N"
"2828c034-f1fe-4f26-9807-8cfe87875bd7","9e93d90d-31c4-5c5b-b4fc-07942d5c1f9e","4e1acf39-6590-430c-a1ab-25a752e3d36c","/","theme_change","theme","retro","\N","\N","1","2026-03-30 18:41:53","\N"
"2828c034-f1fe-4f26-9807-8cfe87875bd7","f35953d7-12a6-5f20-8b58-0b346f36945e","41bd3e5a-9cdf-419d-a1b3-f91cb4838ea8","/","outbound_link_click","href","https://invite.duolingo.com/BDHTZTB5CWWKTAEVODZTZEGOCM","\N","\N","1","2026-04-07 14:33:49","\N"
"2828c034-f1fe-4f26-9807-8cfe87875bd7","f35953d7-12a6-5f20-8b58-0b346f36945e","41bd3e5a-9cdf-419d-a1b3-f91cb4838ea8","/","outbound_link_click","label","duolingo","\N","\N","1","2026-04-07 14:33:49","\N"
"2828c034-f1fe-4f26-9807-8cfe87875bd7","5fea088f-2388-5ec6-babf-bc211bf852de","bf2ef705-ff9c-4114-a1c0-192e2a6ba48e","/","kiss_button_click","message","☀️ solnyshko ☀️","\N","\N","1","2026-04-09 16:34:19","\N"
"2828c034-f1fe-4f26-9807-8cfe87875bd7","6a2761dd-1040-5751-992a-f15dc82ad7e1","713c2bd0-7df1-4327-a1c8-edbb1b4f1724","/","kiss_button_click","message","u get it","\N","\N","1","2026-03-28 22:58:02","\N"
"2828c034-f1fe-4f26-9807-8cfe87875bd7","c8c65918-057e-54ec-a2fc-a3e8251ea550","2e9216c8-c8ef-4d39-a1cb-83581162e714","/","outbound_link_click","href","https://x.com/cameron_glhf","\N","\N","1","2026-04-02 03:41:34","\N"
"2828c034-f1fe-4f26-9807-8cfe87875bd7","c8c65918-057e-54ec-a2fc-a3e8251ea550","2e9216c8-c8ef-4d39-a1cb-83581162e714","/","outbound_link_click","label","twitter","\N","\N","1","2026-04-02 03:41:34","\N"
"2828c034-f1fe-4f26-9807-8cfe87875bd7","b18dae6c-cf08-54e0-9d94-26d680929abc","d42884de-b1d8-4e11-a1cf-ef960351c260","/","kiss_button_click","message","u get it","\N","\N","1","2026-04-05 06:31:51","\N"
"2828c034-f1fe-4f26-9807-8cfe87875bd7","6a2761dd-1040-5751-992a-f15dc82ad7e1","e13d9b0a-5e02-429d-a1dd-48cc66bef0f7","/","kiss_button_click","message","я тебя люблю!","\N","\N","1","2026-03-28 22:57:59","\N"
"2828c034-f1fe-4f26-9807-8cfe87875bd7","f55c8253-c6fb-5c5f-9d87-741699120d68","9d6a96bb-0eb5-43b2-a1ef-20f736cff96f","/","kiss_button_click","message","Horse Balls!","\N","\N","1","2026-03-29 17:40:07","\N"
"2828c034-f1fe-4f26-9807-8cfe87875bd7","1f4f73f5-1e69-5dac-8668-9aeb7a113d54","faaf0448-525b-4d7f-a1f4-0ef54e310117","/","theme_change","theme","retro","\N","\N","1","2026-04-19 09:22:14","\N"
"2828c034-f1fe-4f26-9807-8cfe87875bd7","0754bc0a-5658-5922-a095-77c091db43ef","0cf60b16-69e9-4a30-a1f4-1d00796ae43e","/","theme_change","theme","glitch","\N","\N","1","2026-04-27 00:14:33","\N"
"2828c034-f1fe-4f26-9807-8cfe87875bd7","e49600f9-686d-5ecb-8605-8ff883585c39","6b658d88-7ada-4094-a1fc-63cc9dc1eb2d","/marjork/","kiss_button_click","message","красивая!","\N","\N","1","2026-03-25 21:04:10","\N"
"2828c034-f1fe-4f26-9807-8cfe87875bd7","f682ca05-eded-585d-b60b-7302d3318fd4","0a4ff4a0-f8bd-4ee2-a205-c4e86ed56b96","/","theme_change","theme","retro","\N","\N","1","2026-04-21 14:15:27","\N"
"2828c034-f1fe-4f26-9807-8cfe87875bd7","f650e13b-d9a5-5a8f-a757-137e7f4ac365","d455f87f-de64-4398-a20d-e617b411d698","/","photo_click","file","cordes-en-boyaux.png","\N","\N","1","2026-04-19 01:18:26","\N"
"2828c034-f1fe-4f26-9807-8cfe87875bd7","f650e13b-d9a5-5a8f-a757-137e7f4ac365","d455f87f-de64-4398-a20d-e617b411d698","/","photo_click","theme","rain","\N","\N","1","2026-04-19 01:18:26","\N"
"2828c034-f1fe-4f26-9807-8cfe87875bd7","4dbd5350-6182-5315-bd76-6fd44c2b0ea4","5a53fe8d-940b-4fab-a212-a04b4192e5c8","/","theme_applied","theme","retro","\N","\N","1","2026-03-27 12:40:24","\N"
"2828c034-f1fe-4f26-9807-8cfe87875bd7","bdd1b7fa-3c9f-5a6f-81da-ac77d94565aa","0e958eca-ca07-4bd8-a214-13a303ca220a","/","kiss_button_click","message","u get it","\N","\N","1","2026-04-01 02:54:47","\N"
"2828c034-f1fe-4f26-9807-8cfe87875bd7","f55c8253-c6fb-5c5f-9d87-741699120d68","660d4eb0-293a-46ed-a228-2dc5c5ec85da","/","kiss_button_sink","strokes","1.0000","1","\N","2","2026-03-29 17:40:05","\N"
"2828c034-f1fe-4f26-9807-8cfe87875bd7","4f0d4137-9e6b-56e6-a64e-c8ec7d2990dd","6e7e21f6-19c6-4e68-a22c-ab65890f3f24","/","site_loaded","device","desktop","\N","\N","1","2026-03-27 12:53:25","\N"
"2828c034-f1fe-4f26-9807-8cfe87875bd7","4f0d4137-9e6b-56e6-a64e-c8ec7d2990dd","6e7e21f6-19c6-4e68-a22c-ab65890f3f24","/","site_loaded","theme","retro","\N","\N","1","2026-03-27 12:53:25","\N"
"2828c034-f1fe-4f26-9807-8cfe87875bd7","b3cf28a3-b41b-5a41-a660-8fa2c402c33d","ccf58c29-bc68-415e-a22e-55fe717c720a","/","kiss_button_click","message","☀️ solnyshko ☀️","\N","\N","1","2026-04-01 14:36:45","\N"
"2828c034-f1fe-4f26-9807-8cfe87875bd7","b9b06b0f-3bda-5cd4-b24c-4d2a171b4a57","ab87bc3f-d782-4a2e-a24a-7d5408db2e91","/","theme_applied","theme","retro","\N","\N","1","2026-03-27 14:51:38","\N"
"2828c034-f1fe-4f26-9807-8cfe87875bd7","ebb35ab8-4982-5d40-91d0-ee9f83d1355a","c23e37ff-56b2-45ca-a24c-aac4ac86682f","/","photo_click","file","roll_03_(23).jpg","\N","\N","1","2026-04-05 00:32:50","\N"
"2828c034-f1fe-4f26-9807-8cfe87875bd7","ebb35ab8-4982-5d40-91d0-ee9f83d1355a","c23e37ff-56b2-45ca-a24c-aac4ac86682f","/","photo_click","theme","retro","\N","\N","1","2026-04-05 00:32:50","\N"
"2828c034-f1fe-4f26-9807-8cfe87875bd7","56c150b1-9751-59d5-84f9-c6eda4186342","7df11696-84de-4305-a252-a533ec4878ed","/","theme_change","theme","art","\N","\N","1","2026-04-07 19:37:15","\N"
"2828c034-f1fe-4f26-9807-8cfe87875bd7","9d7d40e7-2bfa-5ea6-82cb-8bb78a5aa52d","bd141d3a-5f06-4cd1-a274-89ac37da3035","/","photo_click","file","quandry-05.jpg","\N","\N","1","2026-03-31 18:50:32","\N"
"2828c034-f1fe-4f26-9807-8cfe87875bd7","9d7d40e7-2bfa-5ea6-82cb-8bb78a5aa52d","bd141d3a-5f06-4cd1-a274-89ac37da3035","/","photo_click","theme","art","\N","\N","1","2026-03-31 18:50:32","\N"
"2828c034-f1fe-4f26-9807-8cfe87875bd7","6a2761dd-1040-5751-992a-f15dc82ad7e1","791604b3-522d-4b04-a284-33800c4b87a1","/","kiss_button_click","message","красивая!","\N","\N","1","2026-03-28 22:58:11","\N"
"2828c034-f1fe-4f26-9807-8cfe87875bd7","5648a2d6-74ad-59fb-a1e0-ad02fca6b6a1","ac9c5ae6-af52-4a77-a286-c76c1f44094e","/","kiss_button_click","message","я тебя люблю!","\N","\N","1","2026-04-07 12:25:28","\N"
"2828c034-f1fe-4f26-9807-8cfe87875bd7","5ddb2c56-4380-5492-810f-2df29973e09a","1095f272-da9d-4758-a294-34cd4e08131f","/","theme_change","theme","retro","\N","\N","1","2026-03-28 08:47:04","\N"
"2828c034-f1fe-4f26-9807-8cfe87875bd7","0030fa96-f64c-515f-9a97-14f7c45f5735","3e265c0e-2065-4d15-a2a4-b6515977d239","/","theme_change","theme","retro","\N","\N","1","2026-04-18 13:48:50","\N"
"2828c034-f1fe-4f26-9807-8cfe87875bd7","f35953d7-12a6-5f20-8b58-0b346f36945e","932eb6c9-c162-42dc-a2d2-0fab80a25837","/","outbound_link_click","href","https://x.com/cameron_glhf","\N","\N","1","2026-04-07 14:33:58","\N"
"2828c034-f1fe-4f26-9807-8cfe87875bd7","f35953d7-12a6-5f20-8b58-0b346f36945e","932eb6c9-c162-42dc-a2d2-0fab80a25837","/","outbound_link_click","label","twitter","\N","\N","1","2026-04-07 14:33:58","\N"
"2828c034-f1fe-4f26-9807-8cfe87875bd7","5fea088f-2388-5ec6-babf-bc211bf852de","82856ee2-0f24-480a-a2d9-572da48fced3","/","theme_change","theme","space","\N","\N","1","2026-04-09 16:34:22","\N"
"2828c034-f1fe-4f26-9807-8cfe87875bd7","2aa69ec0-1c59-5c0e-a6ea-1f6b94da2ef0","6a79c6fa-f7fe-43ea-a2dc-2c1cd75665a3","/","outbound_link_click","href","https://open.spotify.com/user/31m6yxbmqxjd6zq3eg6kk3aefuae","\N","\N","1","2026-04-20 04:11:23","\N"
"2828c034-f1fe-4f26-9807-8cfe87875bd7","2aa69ec0-1c59-5c0e-a6ea-1f6b94da2ef0","6a79c6fa-f7fe-43ea-a2dc-2c1cd75665a3","/","outbound_link_click","label","spotify free fleeing","\N","\N","1","2026-04-20 04:11:23","\N"
"2828c034-f1fe-4f26-9807-8cfe87875bd7","d60e833e-5dcc-5201-ae9f-504b5995f099","bf4a132d-f4fa-4813-a322-aa5654b8b4cb","/","theme_change","theme","retro","\N","\N","1","2026-04-13 13:33:45","\N"
"2828c034-f1fe-4f26-9807-8cfe87875bd7","69053fb6-90d2-5dc4-8296-2ebd43068145","d9f33a16-459f-4cb5-a33e-f47ec9da40c1","/","kiss_button_click","message","u get it","\N","\N","1","2026-04-12 15:06:29","\N"
"2828c034-f1fe-4f26-9807-8cfe87875bd7","f1c09ba6-70e8-5185-a799-35e47a95338e","61a0b794-9575-48e4-a341-7da902f2baa6","/","photo_click","file","roll_03_(12).jpg","\N","\N","1","2026-04-06 16:40:33","\N"
"2828c034-f1fe-4f26-9807-8cfe87875bd7","f1c09ba6-70e8-5185-a799-35e47a95338e","61a0b794-9575-48e4-a341-7da902f2baa6","/","photo_click","theme","retro","\N","\N","1","2026-04-06 16:40:33","\N"
"2828c034-f1fe-4f26-9807-8cfe87875bd7","64c86340-52ae-5ad4-a308-5635595f1ec0","35b6a20d-db42-4a53-a342-e1d357042dfa","/","kiss_button_click","message","я тебя люблю!","\N","\N","1","2026-03-27 15:03:45","\N"
"2828c034-f1fe-4f26-9807-8cfe87875bd7","673da077-d951-57c6-9fe6-a18c44afecbd","9a5c9d99-d373-4d18-a355-c74101230512","/","theme_change","theme","retro","\N","\N","1","2026-03-30 00:51:37","\N"
"2828c034-f1fe-4f26-9807-8cfe87875bd7","90c4cd37-e4f7-5ec1-9135-6609eaba1e00","ba2f314e-eded-4b8e-a35e-0b6f4de8b7ee","/","kiss_button_sink","strokes","1.0000","1","\N","2","2026-04-22 16:19:34","\N"
"2828c034-f1fe-4f26-9807-8cfe87875bd7","7b9ea8f0-d358-5812-80d7-1b908a9073f0","facd9d60-744d-4e05-a387-ddeae11b52bf","/","theme_change","theme","retro","\N","\N","1","2026-04-02 19:23:02","\N"
"2828c034-f1fe-4f26-9807-8cfe87875bd7","9883fd71-1911-5c3f-aa8c-dd7814cff2e1","4262d6ef-fc5b-4bbd-a38b-7fa92dbff987","/marjork/","kiss_button_click","message","красивая!","\N","\N","1","2026-03-25 21:02:25","\N"
"2828c034-f1fe-4f26-9807-8cfe87875bd7","665fba9d-3d55-5334-8d22-2ff825b9f6fd","ed007aaa-f18c-4cf8-a38c-d4cddb375322","/","outbound_link_click","href","https://x.com/cameron_glhf","\N","\N","1","2026-04-24 20:35:51","\N"
"2828c034-f1fe-4f26-9807-8cfe87875bd7","665fba9d-3d55-5334-8d22-2ff825b9f6fd","ed007aaa-f18c-4cf8-a38c-d4cddb375322","/","outbound_link_click","label","twitter","\N","\N","1","2026-04-24 20:35:51","\N"
"2828c034-f1fe-4f26-9807-8cfe87875bd7","9883fd71-1911-5c3f-aa8c-dd7814cff2e1","7cccf973-c468-4d78-a3da-8e3320172579","/marjork/","photo_click","file","quandry-05.jpg","\N","\N","1","2026-03-25 21:03:20","\N"
"2828c034-f1fe-4f26-9807-8cfe87875bd7","9883fd71-1911-5c3f-aa8c-dd7814cff2e1","7cccf973-c468-4d78-a3da-8e3320172579","/marjork/","photo_click","theme","retro","\N","\N","1","2026-03-25 21:03:20","\N"
"2828c034-f1fe-4f26-9807-8cfe87875bd7","0b297f0b-ac33-5d97-a2af-72fe3c72dd9f","d949e9e6-36fe-4e4e-a3dc-82e7e8e5c378","/","spotify_goal_scored","device","mobile","\N","\N","1","2026-04-20 18:39:06","\N"
"2828c034-f1fe-4f26-9807-8cfe87875bd7","0b297f0b-ac33-5d97-a2af-72fe3c72dd9f","d949e9e6-36fe-4e4e-a3dc-82e7e8e5c378","/","spotify_goal_scored","theme","normal","\N","\N","1","2026-04-20 18:39:06","\N"
"2828c034-f1fe-4f26-9807-8cfe87875bd7","79e74147-f05d-5b49-a6e0-de2080a952ce","58a6bf33-a14f-42d5-a3e1-cd5a9031b8ec","/","theme_change","theme","retro","\N","\N","1","2026-03-28 03:25:41","\N"
"2828c034-f1fe-4f26-9807-8cfe87875bd7","09612782-2686-5fc3-a1b3-42244a1ab1ae","62fa69b8-efa5-4a4f-a3e2-0c45f4ab4933","/","photo_click","file","cordes en boyaux.png","\N","\N","1","2026-04-02 17:47:44","\N"
"2828c034-f1fe-4f26-9807-8cfe87875bd7","09612782-2686-5fc3-a1b3-42244a1ab1ae","62fa69b8-efa5-4a4f-a3e2-0c45f4ab4933","/","photo_click","theme","rain","\N","\N","1","2026-04-02 17:47:44","\N"
"2828c034-f1fe-4f26-9807-8cfe87875bd7","09612782-2686-5fc3-a1b3-42244a1ab1ae","969aa97e-74f6-41c4-a3ea-2c476ead6a4d","/","photo_click","file","range.png","\N","\N","1","2026-04-02 17:47:58","\N"
"2828c034-f1fe-4f26-9807-8cfe87875bd7","09612782-2686-5fc3-a1b3-42244a1ab1ae","969aa97e-74f6-41c4-a3ea-2c476ead6a4d","/","photo_click","theme","rain","\N","\N","1","2026-04-02 17:47:58","\N"
"2828c034-f1fe-4f26-9807-8cfe87875bd7","5648a2d6-74ad-59fb-a1e0-ad02fca6b6a1","ffc6598e-f218-4bb5-a3f6-f43c88b25fe5","/","kiss_button_click","message","Horse Balls!","\N","\N","1","2026-04-07 12:25:28","\N"
"2828c034-f1fe-4f26-9807-8cfe87875bd7","1d98c125-7d6d-5c19-b4de-596ad35c6621","68b8ca6d-fa17-4eef-a40e-ddac79fffb84","/","outbound_link_click","href","javascript:void(0);","\N","\N","1","2026-04-20 22:04:08","\N"
"2828c034-f1fe-4f26-9807-8cfe87875bd7","1d98c125-7d6d-5c19-b4de-596ad35c6621","68b8ca6d-fa17-4eef-a40e-ddac79fffb84","/","outbound_link_click","label","vinyl-link","\N","\N","1","2026-04-20 22:04:08","\N"
"2828c034-f1fe-4f26-9807-8cfe87875bd7","9d7d40e7-2bfa-5ea6-82cb-8bb78a5aa52d","d1dbac1f-c920-48ff-a426-5c639b341fd3","/","kiss_button_click","message","Horse Balls!","\N","\N","1","2026-03-31 18:50:20","\N"
"2828c034-f1fe-4f26-9807-8cfe87875bd7","adc0c2fb-aa5d-59b1-bed5-c29346e2a1b5","b28accdb-044e-4c20-a42b-fde325a1097a","/","outbound_link_click","href","https://x.com/cameron_glhf","\N","\N","1","2026-04-13 16:33:00","\N"
"2828c034-f1fe-4f26-9807-8cfe87875bd7","adc0c2fb-aa5d-59b1-bed5-c29346e2a1b5","b28accdb-044e-4c20-a42b-fde325a1097a","/","outbound_link_click","label","twitter","\N","\N","1","2026-04-13 16:33:00","\N"
"2828c034-f1fe-4f26-9807-8cfe87875bd7","bde2252f-00fc-58df-9642-78a68cbb03b7","0e2b2592-7785-4ffc-a433-c686faed1238","/marjork/","site_loaded","device","mobile","\N","\N","1","2026-03-26 18:28:53","\N"
"2828c034-f1fe-4f26-9807-8cfe87875bd7","bde2252f-00fc-58df-9642-78a68cbb03b7","0e2b2592-7785-4ffc-a433-c686faed1238","/marjork/","site_loaded","theme","retro","\N","\N","1","2026-03-26 18:28:53","\N"
"2828c034-f1fe-4f26-9807-8cfe87875bd7","ebb35ab8-4982-5d40-91d0-ee9f83d1355a","d4579656-be50-488f-a43e-ee083dbbdbc2","/","kiss_button_click","message","я тебя люблю!","\N","\N","1","2026-04-05 00:32:11","\N"
"2828c034-f1fe-4f26-9807-8cfe87875bd7","94527d57-831e-53e5-a2cb-7053686b6aad","8c721a26-24ee-4031-a442-6f8fa6ad3f6d","/","kiss_button_click","message","i love you!","\N","\N","1","2026-04-07 14:32:33","\N"
"2828c034-f1fe-4f26-9807-8cfe87875bd7","9883fd71-1911-5c3f-aa8c-dd7814cff2e1","cf5bc41e-52a2-4640-a448-92432b676dbf","/marjork/","photo_click","file","quandry-01.jpg","\N","\N","1","2026-03-25 21:02:24","\N"
"2828c034-f1fe-4f26-9807-8cfe87875bd7","9883fd71-1911-5c3f-aa8c-dd7814cff2e1","cf5bc41e-52a2-4640-a448-92432b676dbf","/marjork/","photo_click","theme","retro","\N","\N","1","2026-03-25 21:02:24","\N"
"2828c034-f1fe-4f26-9807-8cfe87875bd7","e49600f9-686d-5ecb-8605-8ff883585c39","19f9649d-10ed-40b0-a462-8ac1c3c89701","/marjork/","photo_click","file","quandry-02.jpg","\N","\N","1","2026-03-25 21:04:21","\N"
"2828c034-f1fe-4f26-9807-8cfe87875bd7","e49600f9-686d-5ecb-8605-8ff883585c39","19f9649d-10ed-40b0-a462-8ac1c3c89701","/marjork/","photo_click","theme","retro","\N","\N","1","2026-03-25 21:04:21","\N"
"2828c034-f1fe-4f26-9807-8cfe87875bd7","f650e13b-d9a5-5a8f-a757-137e7f4ac365","b22a96ba-6894-499c-a467-216f2678db0a","/","kiss_button_click","message","☀️ solnyshko ☀️","\N","\N","1","2026-04-19 01:18:22","\N"
"2828c034-f1fe-4f26-9807-8cfe87875bd7","94527d57-831e-53e5-a2cb-7053686b6aad","6e81244a-07d4-4342-a481-ca47d982919c","/","kiss_button_click","message","Horse Balls!","\N","\N","1","2026-04-07 14:32:33","\N"
"2828c034-f1fe-4f26-9807-8cfe87875bd7","c367eed8-83a7-5473-be6b-a04a68b1f85b","1278273c-7e74-4221-a490-7f3d782c95df","/","kiss_button_click","message","u get it","\N","\N","1","2026-03-31 03:15:24","\N"
"2828c034-f1fe-4f26-9807-8cfe87875bd7","e49600f9-686d-5ecb-8605-8ff883585c39","eb2e41b4-d5fb-49d1-a494-6adf6c54572f","/marjork/","photo_click","file","DUDEHELLOCAMERON.jpg","\N","\N","1","2026-03-25 21:04:23","\N"
"2828c034-f1fe-4f26-9807-8cfe87875bd7","e49600f9-686d-5ecb-8605-8ff883585c39","eb2e41b4-d5fb-49d1-a494-6adf6c54572f","/marjork/","photo_click","theme","art","\N","\N","1","2026-03-25 21:04:23","\N"
"2828c034-f1fe-4f26-9807-8cfe87875bd7","7a8b860b-7833-5e06-8572-9a7fae31e100","08f5031b-efa0-4b37-a495-0a16590fdb34","/","kiss_button_click","message","я тебя люблю!","\N","\N","1","2026-04-23 18:36:54","\N"
"2828c034-f1fe-4f26-9807-8cfe87875bd7","665fba9d-3d55-5334-8d22-2ff825b9f6fd","e1c3b140-72a8-4579-a49f-622016638560","/","photo_click","file","industry.jpg","\N","\N","1","2026-04-24 18:56:26","\N"
"2828c034-f1fe-4f26-9807-8cfe87875bd7","665fba9d-3d55-5334-8d22-2ff825b9f6fd","e1c3b140-72a8-4579-a49f-622016638560","/","photo_click","theme","glitch","\N","\N","1","2026-04-24 18:56:26","\N"
"2828c034-f1fe-4f26-9807-8cfe87875bd7","f650e13b-d9a5-5a8f-a757-137e7f4ac365","2567d302-35dc-42e8-a4a7-9e84a4478118","/","kiss_button_click","message","красивая!","\N","\N","1","2026-04-19 01:18:24","\N"
"2828c034-f1fe-4f26-9807-8cfe87875bd7","b18dae6c-cf08-54e0-9d94-26d680929abc","4119629f-163a-45f0-a4a8-e3c0b37bd0e5","/","photo_click","file","roll_03_(21).jpg","\N","\N","1","2026-04-05 06:32:13","\N"
"2828c034-f1fe-4f26-9807-8cfe87875bd7","b18dae6c-cf08-54e0-9d94-26d680929abc","4119629f-163a-45f0-a4a8-e3c0b37bd0e5","/","photo_click","theme","retro","\N","\N","1","2026-04-05 06:32:13","\N"
"2828c034-f1fe-4f26-9807-8cfe87875bd7","bde2252f-00fc-58df-9642-78a68cbb03b7","7f0ff608-5f3b-41ee-a4ae-4a27e4bf6363","/marjork/","kiss_button_click","message","Horse Balls!","\N","\N","1","2026-03-26 18:28:59","\N"
"2828c034-f1fe-4f26-9807-8cfe87875bd7","246a559e-739a-5015-b87d-f7efd8232d47","e143894a-f698-4ad8-a4cb-e84d8eab56f2","/","photo_click","file","roll_03_(17).jpg","\N","\N","1","2026-04-06 01:59:03","\N"
"2828c034-f1fe-4f26-9807-8cfe87875bd7","246a559e-739a-5015-b87d-f7efd8232d47","e143894a-f698-4ad8-a4cb-e84d8eab56f2","/","photo_click","theme","retro","\N","\N","1","2026-04-06 01:59:03","\N"
"2828c034-f1fe-4f26-9807-8cfe87875bd7","bdd1b7fa-3c9f-5a6f-81da-ac77d94565aa","19c3f446-566c-45b4-a4d0-4851e74063a3","/","music_player_open","shuffled","false","\N","\N","3","2026-04-01 02:55:05","\N"
"2828c034-f1fe-4f26-9807-8cfe87875bd7","bdd1b7fa-3c9f-5a6f-81da-ac77d94565aa","19c3f446-566c-45b4-a4d0-4851e74063a3","/","music_player_open","track","Candy","\N","\N","1","2026-04-01 02:55:05","\N"
"2828c034-f1fe-4f26-9807-8cfe87875bd7","67eb9c65-13a6-59d1-9a02-b370db3018d7","b0132f6b-54a5-49c6-a4e3-47a55d455f00","/","theme_change","theme","art","\N","\N","1","2026-04-07 22:17:49","\N"
"2828c034-f1fe-4f26-9807-8cfe87875bd7","85ea8f79-1315-5115-879b-56d993592575","382fae56-c893-4224-a4e3-73e2134d4e91","/marjork/","kiss_button_click","message","Horse Balls!","\N","\N","1","2026-03-26 14:18:09","\N"
"2828c034-f1fe-4f26-9807-8cfe87875bd7","bdd1b7fa-3c9f-5a6f-81da-ac77d94565aa","aea9acd7-57c4-4f32-a4ea-9415a63e1046","/","kiss_button_click","message","я тебя люблю!","\N","\N","1","2026-04-01 02:54:47","\N"
"2828c034-f1fe-4f26-9807-8cfe87875bd7","bde2252f-00fc-58df-9642-78a68cbb03b7","947ee363-7c3a-4538-a4f3-8a14ee97fac8","/marjork/","kiss_button_click","message","i love you!","\N","\N","1","2026-03-26 18:28:55","\N"
"2828c034-f1fe-4f26-9807-8cfe87875bd7","4dc98cd8-cea8-504c-b0ec-09c78b4f0cd8","c84b0932-450b-4682-a504-7507ddb0163f","/","photo_click","file","roll_03_(11).jpg","\N","\N","1","2026-04-16 13:21:16","\N"
"2828c034-f1fe-4f26-9807-8cfe87875bd7","4dc98cd8-cea8-504c-b0ec-09c78b4f0cd8","c84b0932-450b-4682-a504-7507ddb0163f","/","photo_click","theme","retro","\N","\N","1","2026-04-16 13:21:16","\N"
"2828c034-f1fe-4f26-9807-8cfe87875bd7","94527d57-831e-53e5-a2cb-7053686b6aad","4def75d0-eb31-412b-a512-984b3d7ea0cb","/","spotify_goal_scored","device","mobile","\N","\N","1","2026-04-07 14:32:35","\N"
"2828c034-f1fe-4f26-9807-8cfe87875bd7","94527d57-831e-53e5-a2cb-7053686b6aad","4def75d0-eb31-412b-a512-984b3d7ea0cb","/","spotify_goal_scored","theme","normal","\N","\N","1","2026-04-07 14:32:35","\N"
"2828c034-f1fe-4f26-9807-8cfe87875bd7","6a2761dd-1040-5751-992a-f15dc82ad7e1","52a6968c-7bde-4b54-a526-371753937538","/","theme_change","theme","art","\N","\N","1","2026-03-28 22:57:36","\N"
"2828c034-f1fe-4f26-9807-8cfe87875bd7","f55c8253-c6fb-5c5f-9d87-741699120d68","10c50149-75bf-46fb-a548-345d5c857379","/","photo_click","file","quandry-06.jpg","\N","\N","1","2026-03-29 17:39:59","\N"
"2828c034-f1fe-4f26-9807-8cfe87875bd7","f55c8253-c6fb-5c5f-9d87-741699120d68","10c50149-75bf-46fb-a548-345d5c857379","/","photo_click","theme","art","\N","\N","1","2026-03-29 17:39:59","\N"
"2828c034-f1fe-4f26-9807-8cfe87875bd7","7f4676f5-77a7-5fb1-adce-25110ad94110","eec057fa-07e1-49d7-a550-deb0b59e5f2e","/","spotify_goal_scored","device","mobile","\N","\N","1","2026-04-12 05:13:12","\N"
"2828c034-f1fe-4f26-9807-8cfe87875bd7","7f4676f5-77a7-5fb1-adce-25110ad94110","eec057fa-07e1-49d7-a550-deb0b59e5f2e","/","spotify_goal_scored","theme","normal","\N","\N","1","2026-04-12 05:13:12","\N"
"2828c034-f1fe-4f26-9807-8cfe87875bd7","f55c8253-c6fb-5c5f-9d87-741699120d68","1a00237c-9ded-461f-a554-95cf68b6f8da","/","photo_click","file","quandry-08.jpg","\N","\N","1","2026-03-29 17:40:00","\N"
"2828c034-f1fe-4f26-9807-8cfe87875bd7","f55c8253-c6fb-5c5f-9d87-741699120d68","1a00237c-9ded-461f-a554-95cf68b6f8da","/","photo_click","theme","art","\N","\N","1","2026-03-29 17:40:00","\N"
"2828c034-f1fe-4f26-9807-8cfe87875bd7","b9b06b0f-3bda-5cd4-b24c-4d2a171b4a57","2aaedb5a-5262-4fce-a588-0bc93a11fbc4","/","theme_applied","theme","retro","\N","\N","1","2026-03-27 14:51:23","\N"
"2828c034-f1fe-4f26-9807-8cfe87875bd7","5648a2d6-74ad-59fb-a1e0-ad02fca6b6a1","b316a4aa-cd74-4b9b-a58b-5da4068bf0f5","/","kiss_button_click","message","i love you!","\N","\N","1","2026-04-07 12:25:28","\N"
"2828c034-f1fe-4f26-9807-8cfe87875bd7","0b297f0b-ac33-5d97-a2af-72fe3c72dd9f","018bdd39-7e72-402c-a58f-72586221b712","/","photo_click","file","cordes-en-boyaux.png","\N","\N","1","2026-04-20 18:39:06","\N"
"2828c034-f1fe-4f26-9807-8cfe87875bd7","0b297f0b-ac33-5d97-a2af-72fe3c72dd9f","018bdd39-7e72-402c-a58f-72586221b712","/","photo_click","theme","rain","\N","\N","1","2026-04-20 18:39:06","\N"
"2828c034-f1fe-4f26-9807-8cfe87875bd7","b3cf28a3-b41b-5a41-a660-8fa2c402c33d","1b454664-926e-43e9-a59a-303874c37420","/","kiss_button_click","message","красивая!","\N","\N","1","2026-04-01 14:36:46","\N"
"2828c034-f1fe-4f26-9807-8cfe87875bd7","ebb35ab8-4982-5d40-91d0-ee9f83d1355a","36fb14b6-7c6d-4228-a59e-1c78604c1482","/","photo_click","file","DUDEHELLOCAMERON.jpg","\N","\N","1","2026-04-05 00:32:28","\N"
"2828c034-f1fe-4f26-9807-8cfe87875bd7","ebb35ab8-4982-5d40-91d0-ee9f83d1355a","36fb14b6-7c6d-4228-a59e-1c78604c1482","/","photo_click","theme","art","\N","\N","1","2026-04-05 00:32:28","\N"
"2828c034-f1fe-4f26-9807-8cfe87875bd7","bdd1b7fa-3c9f-5a6f-81da-ac77d94565aa","ab19d938-1c17-42cd-a5b3-46405ff0bd94","/","kiss_button_click","message","u get it","\N","\N","1","2026-04-01 02:54:51","\N"
"2828c034-f1fe-4f26-9807-8cfe87875bd7","f650e13b-d9a5-5a8f-a757-137e7f4ac365","8679411b-2159-4e94-a5de-71267e5c66bc","/","kiss_button_click","message","☀️ solnyshko ☀️","\N","\N","1","2026-04-19 01:18:25","\N"
"2828c034-f1fe-4f26-9807-8cfe87875bd7","88f22197-2dba-55c8-a36c-acc2d9a2e684","b7126220-90f4-42cf-a5e3-93e3939c4cdd","/","theme_change","theme","retro","\N","\N","1","2026-04-08 20:08:23","\N"
"2828c034-f1fe-4f26-9807-8cfe87875bd7","5fea088f-2388-5ec6-babf-bc211bf852de","5693be88-296d-4e9e-a5fe-6572ab45e910","/","photo_click","file","quandry-01.jpg","\N","\N","1","2026-04-09 16:34:20","\N"
"2828c034-f1fe-4f26-9807-8cfe87875bd7","5fea088f-2388-5ec6-babf-bc211bf852de","5693be88-296d-4e9e-a5fe-6572ab45e910","/","photo_click","theme","art","\N","\N","1","2026-04-09 16:34:20","\N"
"2828c034-f1fe-4f26-9807-8cfe87875bd7","b18dae6c-cf08-54e0-9d94-26d680929abc","46d5120e-2fe6-43cf-a5ff-da7a170e8fa9","/","theme_change","theme","space","\N","\N","1","2026-04-05 06:31:57","\N"
"2828c034-f1fe-4f26-9807-8cfe87875bd7","6a2761dd-1040-5751-992a-f15dc82ad7e1","c30d1516-c007-4c98-a604-dddf0350c99b","/","kiss_button_click","message","u get it","\N","\N","1","2026-03-28 22:57:58","\N"
"2828c034-f1fe-4f26-9807-8cfe87875bd7","ebb35ab8-4982-5d40-91d0-ee9f83d1355a","f502d401-823e-4484-a624-624e4c24985e","/","photo_click","file","roll_03_(11).jpg","\N","\N","1","2026-04-05 00:32:15","\N"
"2828c034-f1fe-4f26-9807-8cfe87875bd7","ebb35ab8-4982-5d40-91d0-ee9f83d1355a","f502d401-823e-4484-a624-624e4c24985e","/","photo_click","theme","retro","\N","\N","1","2026-04-05 00:32:15","\N"
"2828c034-f1fe-4f26-9807-8cfe87875bd7","ebb35ab8-4982-5d40-91d0-ee9f83d1355a","b51d93ee-0515-4ee6-a637-31cf30ec0f6d","/","kiss_button_click","message","красивая!","\N","\N","1","2026-04-05 00:32:14","\N"
"2828c034-f1fe-4f26-9807-8cfe87875bd7","a58442fa-04a7-5e4c-ab9a-704089c14b45","adde8695-65c5-4443-a637-b7bba6aa4249","/","theme_change","theme","retro","\N","\N","1","2026-04-09 08:29:16","\N"
"2828c034-f1fe-4f26-9807-8cfe87875bd7","c367eed8-83a7-5473-be6b-a04a68b1f85b","d269e430-8609-4934-a637-f4fae294cdf3","/","kiss_button_click","message","Horse Balls!","\N","\N","1","2026-03-31 03:15:02","\N"
"2828c034-f1fe-4f26-9807-8cfe87875bd7","2aa69ec0-1c59-5c0e-a6ea-1f6b94da2ef0","5dc1cb2f-a5d2-4259-a63e-0acd3d4f65eb","/","kiss_button_click","message","☀️ solnyshko ☀️","\N","\N","1","2026-04-20 04:11:19","\N"
"2828c034-f1fe-4f26-9807-8cfe87875bd7","99c7f38f-e9cb-5db6-aa27-7bf634850975","77b27f12-c918-400b-a649-2627fc79d6cb","/","theme_change","theme","art","\N","\N","1","2026-04-08 20:06:04","\N"
"2828c034-f1fe-4f26-9807-8cfe87875bd7","0663e821-cb75-505f-a160-b2349381446a","04ed97b7-3ac7-4169-a658-8ac2188d3080","/","theme_change","theme","art","\N","\N","1","2026-04-07 22:17:55","\N"
"2828c034-f1fe-4f26-9807-8cfe87875bd7","253aa391-feb0-5ad0-8599-5e13e3081db4","498125f6-70c5-4555-a679-30fba271143a","/marjork/","outbound_link_click","href","https://dropkickd.com/profile/majork","\N","\N","1","2026-03-24 22:00:21","\N"
"2828c034-f1fe-4f26-9807-8cfe87875bd7","253aa391-feb0-5ad0-8599-5e13e3081db4","498125f6-70c5-4555-a679-30fba271143a","/marjork/","outbound_link_click","label","dropkickd-button","\N","\N","1","2026-03-24 22:00:21","\N"
"2828c034-f1fe-4f26-9807-8cfe87875bd7","c8c65918-057e-54ec-a2fc-a3e8251ea550","e273946e-16d1-42e8-a6a5-b7bf5b5fc695","/","minesweeper_open","difficulty","easy","\N","\N","1","2026-04-02 03:42:18","\N"
"2828c034-f1fe-4f26-9807-8cfe87875bd7","2f2a7739-d4b7-50f1-ae63-5994dcbb21d8","c61296bd-eba3-47ea-a6ab-560a3e622b32","/","spotify_goal_scored","device","mobile","\N","\N","1","2026-04-09 04:03:26","\N"
"2828c034-f1fe-4f26-9807-8cfe87875bd7","2f2a7739-d4b7-50f1-ae63-5994dcbb21d8","c61296bd-eba3-47ea-a6ab-560a3e622b32","/","spotify_goal_scored","theme","normal","\N","\N","1","2026-04-09 04:03:26","\N"
"2828c034-f1fe-4f26-9807-8cfe87875bd7","85ea8f79-1315-5115-879b-56d993592575","6a5cd1dd-7237-4f8c-a6b1-b2f289ca2b21","/marjork/","site_loaded","device","mobile","\N","\N","1","2026-03-26 14:18:07","\N"
"2828c034-f1fe-4f26-9807-8cfe87875bd7","85ea8f79-1315-5115-879b-56d993592575","6a5cd1dd-7237-4f8c-a6b1-b2f289ca2b21","/marjork/","site_loaded","theme","art","\N","\N","1","2026-03-26 14:18:07","\N"
"2828c034-f1fe-4f26-9807-8cfe87875bd7","a1c60097-e543-5ca9-bb4d-a7b35edd9874","c5f42980-2ffd-4c73-a6c5-bb6f14421bbd","/","theme_change","theme","retro","\N","\N","1","2026-04-01 20:35:26","\N"
"2828c034-f1fe-4f26-9807-8cfe87875bd7","b3cf28a3-b41b-5a41-a660-8fa2c402c33d","33e09398-6a34-44be-a6d2-8ae8efe3b736","/","kiss_button_click","message","я тебя люблю!","\N","\N","1","2026-04-01 14:36:31","\N"
"2828c034-f1fe-4f26-9807-8cfe87875bd7","863d2a4e-06e3-5a6d-aeb0-3be01f0e01b6","aa49dc02-2d0d-4a2f-a6e7-373d1c9ec40d","/","theme_change","theme","retro","\N","\N","1","2026-04-03 10:47:44","\N"
"2828c034-f1fe-4f26-9807-8cfe87875bd7","246a559e-739a-5015-b87d-f7efd8232d47","8ca0e910-f282-40b4-a6fe-f43a7b3ae006","/","kiss_button_click","message","☀️ solnyshko ☀️","\N","\N","1","2026-04-06 01:59:09","\N"
"2828c034-f1fe-4f26-9807-8cfe87875bd7","9d7d40e7-2bfa-5ea6-82cb-8bb78a5aa52d","f0fbe54b-1a7c-4944-a71f-1dca71217fa7","/","kiss_button_click","message","я тебя люблю!","\N","\N","1","2026-03-31 18:50:23","\N"
"2828c034-f1fe-4f26-9807-8cfe87875bd7","bde2252f-00fc-58df-9642-78a68cbb03b7","bca4cdc0-5cc6-451c-a71f-fad260f27ff1","/marjork/","kiss_button_click","message","Horse Balls!","\N","\N","1","2026-03-26 18:30:25","\N"
"2828c034-f1fe-4f26-9807-8cfe87875bd7","54b0dbf9-3759-520f-b4d4-a08447c4d3d1","a7bf3c21-3acf-4d0a-a73d-84fc8a46cd08","/","kiss_button_click","message","i love you!","\N","\N","1","2026-03-28 15:30:45","\N"
"2828c034-f1fe-4f26-9807-8cfe87875bd7","ae57814b-a75f-5926-8baa-8d89046ae3d9","5a70bcc6-cc82-4f22-a74a-79cf0644d1db","/","theme_change","theme","retro","\N","\N","1","2026-04-10 02:34:39","\N"
"2828c034-f1fe-4f26-9807-8cfe87875bd7","f1c09ba6-70e8-5185-a799-35e47a95338e","1bfb5612-5c07-4f6f-a752-5f697e9a8a1d","/","kiss_button_click","message","i love you!","\N","\N","1","2026-04-06 16:40:33","\N"
"2828c034-f1fe-4f26-9807-8cfe87875bd7","26f573b2-0d60-5774-91e8-7f399ed39637","6ca32354-d28c-4432-a759-29866bf91f3b","/","kiss_button_click","message","☀️ solnyshko ☀️","\N","\N","1","2026-04-03 16:43:13","\N"
"2828c034-f1fe-4f26-9807-8cfe87875bd7","b18dae6c-cf08-54e0-9d94-26d680929abc","6a2d7380-1308-4086-a768-ae573581d8ac","/","kiss_button_click","message","Horse Balls!","\N","\N","1","2026-04-05 06:31:51","\N"
"2828c034-f1fe-4f26-9807-8cfe87875bd7","1d98c125-7d6d-5c19-b4de-596ad35c6621","4d89d229-d495-48fa-a776-dfc437c465dc","/","kiss_button_click","message","i love you!","\N","\N","1","2026-04-20 22:04:23","\N"
"2828c034-f1fe-4f26-9807-8cfe87875bd7","f55c8253-c6fb-5c5f-9d87-741699120d68","01f60e5a-4211-4f12-a784-1571fa5444bf","/","theme_change","theme","retro","\N","\N","1","2026-03-29 17:39:53","\N"
"2828c034-f1fe-4f26-9807-8cfe87875bd7","282d0058-76c5-5003-ad79-9bad06722d78","a44fd9e2-e9a5-451e-a785-0f9d5023de72","/","theme_change","theme","glitch","\N","\N","1","2026-04-15 01:39:42","\N"
"2828c034-f1fe-4f26-9807-8cfe87875bd7","5fea088f-2388-5ec6-babf-bc211bf852de","0bbdbc86-0373-437b-a790-8fefb3d2ec4d","/","kiss_button_sink","strokes","1.0000","1","\N","2","2026-04-09 16:34:15","\N"
"2828c034-f1fe-4f26-9807-8cfe87875bd7","731862d2-90d4-544a-8c66-5d4a9183ed30","48f7420a-a0e4-4dfb-a798-698a73151feb","/marjork/","kiss_button_click","message","Horse Balls!","\N","\N","1","2026-03-26 03:38:56","\N"
"2828c034-f1fe-4f26-9807-8cfe87875bd7","6a2761dd-1040-5751-992a-f15dc82ad7e1","b3ba8ea9-fa1a-40f3-a79c-bf51044cbd64","/","kiss_button_click","message","☀️ solnyshko ☀️","\N","\N","1","2026-03-28 22:58:15","\N"
"2828c034-f1fe-4f26-9807-8cfe87875bd7","26f573b2-0d60-5774-91e8-7f399ed39637","a0dd85a5-2bba-4bfe-a7cb-3a37b862b3d0","/","kiss_button_click","message","Horse Balls!","\N","\N","1","2026-04-03 16:43:16","\N"
"2828c034-f1fe-4f26-9807-8cfe87875bd7","4dc98cd8-cea8-504c-b0ec-09c78b4f0cd8","501251fa-c860-49c4-a7ed-9beded5629b8","/","spotify_goal_open","device","mobile","\N","\N","1","2026-04-16 14:21:47","\N"
"2828c034-f1fe-4f26-9807-8cfe87875bd7","7914d4f1-18a0-5acc-9ce9-5fd54257958e","61167977-6430-41da-a80f-ecdf9d0050d7","/","theme_change","theme","retro","\N","\N","1","2026-04-28 08:39:33","\N"
"2828c034-f1fe-4f26-9807-8cfe87875bd7","b3cf28a3-b41b-5a41-a660-8fa2c402c33d","6380cafd-1f54-4366-a81c-f681dc9e8986","/","kiss_button_click","message","я тебя люблю!","\N","\N","1","2026-04-01 14:36:34","\N"
"2828c034-f1fe-4f26-9807-8cfe87875bd7","2aa69ec0-1c59-5c0e-a6ea-1f6b94da2ef0","d3487aec-8284-444b-a840-d6405dc38905","/","outbound_link_click","href","https://kritiquekapital.com","\N","\N","1","2026-04-20 04:11:03","\N"
"2828c034-f1fe-4f26-9807-8cfe87875bd7","2aa69ec0-1c59-5c0e-a6ea-1f6b94da2ef0","d3487aec-8284-444b-a840-d6405dc38905","/","outbound_link_click","label","substack-button","\N","\N","1","2026-04-20 04:11:03","\N"
"2828c034-f1fe-4f26-9807-8cfe87875bd7","54b0dbf9-3759-520f-b4d4-a08447c4d3d1","0b4538f0-75d9-4152-a84f-0794354cdda6","/","photo_click","file","ideeeeek.jpg","\N","\N","1","2026-03-28 15:30:20","\N"
"2828c034-f1fe-4f26-9807-8cfe87875bd7","54b0dbf9-3759-520f-b4d4-a08447c4d3d1","0b4538f0-75d9-4152-a84f-0794354cdda6","/","photo_click","theme","space","\N","\N","1","2026-03-28 15:30:20","\N"
"2828c034-f1fe-4f26-9807-8cfe87875bd7","94527d57-831e-53e5-a2cb-7053686b6aad","6860f043-882b-414d-a854-3f1b8d872e80","/","kiss_button_click","message","красивая!","\N","\N","1","2026-04-07 14:32:25","\N"
"2828c034-f1fe-4f26-9807-8cfe87875bd7","adc0c2fb-aa5d-59b1-bed5-c29346e2a1b5","ad64eb4d-5a72-45b0-a856-e464b3f0d780","/","outbound_link_click","href","https://letterboxd.com/marjork/","\N","\N","1","2026-04-13 16:32:58","\N"
"2828c034-f1fe-4f26-9807-8cfe87875bd7","adc0c2fb-aa5d-59b1-bed5-c29346e2a1b5","ad64eb4d-5a72-45b0-a856-e464b3f0d780","/","outbound_link_click","label","letterboxd","\N","\N","1","2026-04-13 16:32:58","\N"
"2828c034-f1fe-4f26-9807-8cfe87875bd7","1fa327eb-e6ad-5a7e-9607-e08595ba8648","4d36ecfa-e387-41a6-a85d-6f52e1473e9c","/","theme_change","theme","retro","\N","\N","1","2026-03-28 04:50:12","\N"
"2828c034-f1fe-4f26-9807-8cfe87875bd7","9883fd71-1911-5c3f-aa8c-dd7814cff2e1","b966bdeb-e161-4d03-a860-f8c3e6c8526b","/marjork/","theme_applied","theme","retro","\N","\N","1","2026-03-25 21:02:34","\N"
"2828c034-f1fe-4f26-9807-8cfe87875bd7","ebb35ab8-4982-5d40-91d0-ee9f83d1355a","2d071c22-6d9d-44fa-a863-44cc723f4fbd","/","photo_click","file","branchesinthedark.jpg","\N","\N","1","2026-04-05 00:32:38","\N"
"2828c034-f1fe-4f26-9807-8cfe87875bd7","ebb35ab8-4982-5d40-91d0-ee9f83d1355a","2d071c22-6d9d-44fa-a863-44cc723f4fbd","/","photo_click","theme","glitch","\N","\N","1","2026-04-05 00:32:38","\N"
"2828c034-f1fe-4f26-9807-8cfe87875bd7","f55c8253-c6fb-5c5f-9d87-741699120d68","d6ab352d-48d3-4db5-a86e-9db6dcdde37e","/","photo_click","file","blindingportal.jpg","\N","\N","1","2026-03-29 17:39:51","\N"
"2828c034-f1fe-4f26-9807-8cfe87875bd7","f55c8253-c6fb-5c5f-9d87-741699120d68","d6ab352d-48d3-4db5-a86e-9db6dcdde37e","/","photo_click","theme","space","\N","\N","1","2026-03-29 17:39:51","\N"
"2828c034-f1fe-4f26-9807-8cfe87875bd7","64c86340-52ae-5ad4-a308-5635595f1ec0","5a887199-2c58-402e-a881-f33fbe69f4c3","/","kiss_button_click","message","красивая!","\N","\N","1","2026-03-27 15:03:44","\N"
"2828c034-f1fe-4f26-9807-8cfe87875bd7","ebb35ab8-4982-5d40-91d0-ee9f83d1355a","3b13f584-d8e2-48c9-a8b0-7eb6e87ed953","/","photo_click","file","roll_03_(23).jpg","\N","\N","1","2026-04-05 00:32:20","\N"
"2828c034-f1fe-4f26-9807-8cfe87875bd7","ebb35ab8-4982-5d40-91d0-ee9f83d1355a","3b13f584-d8e2-48c9-a8b0-7eb6e87ed953","/","photo_click","theme","retro","\N","\N","1","2026-04-05 00:32:20","\N"
"2828c034-f1fe-4f26-9807-8cfe87875bd7","196fe53f-3d07-52e9-ae5e-0f26661a07cd","83a6a277-fa9a-401a-a8b2-374b08352708","/","theme_change","theme","retro","\N","\N","1","2026-04-17 12:06:21","\N"
"2828c034-f1fe-4f26-9807-8cfe87875bd7","e49600f9-686d-5ecb-8605-8ff883585c39","e702ee74-460a-4d4b-a8d8-e7a276c814e2","/marjork/","music_player_open","shuffled","false","\N","\N","3","2026-03-25 21:04:14","\N"
"2828c034-f1fe-4f26-9807-8cfe87875bd7","e49600f9-686d-5ecb-8605-8ff883585c39","e702ee74-460a-4d4b-a8d8-e7a276c814e2","/marjork/","music_player_open","track","Candy","\N","\N","1","2026-03-25 21:04:14","\N"
"2828c034-f1fe-4f26-9807-8cfe87875bd7","731862d2-90d4-544a-8c66-5d4a9183ed30","dc00b832-f3ca-4b96-a8f0-2acf1ad8648c","/marjork/","kiss_button_click","message","Horse Balls!","\N","\N","1","2026-03-26 03:38:55","\N"
"2828c034-f1fe-4f26-9807-8cfe87875bd7","bdd1b7fa-3c9f-5a6f-81da-ac77d94565aa","7fb6256d-4c8f-4a4d-a8f0-96199c9cfbdb","/","photo_click","file","quandry-03.jpg","\N","\N","1","2026-04-01 02:54:36","\N"
"2828c034-f1fe-4f26-9807-8cfe87875bd7","bdd1b7fa-3c9f-5a6f-81da-ac77d94565aa","7fb6256d-4c8f-4a4d-a8f0-96199c9cfbdb","/","photo_click","theme","art","\N","\N","1","2026-04-01 02:54:36","\N"
"2828c034-f1fe-4f26-9807-8cfe87875bd7","fd00b46b-4a43-57f7-b6cd-5ed59ead3b4d","4a0a1a0d-24fc-46c0-a8f5-01c938aed2ba","/","outbound_link_click","href","https://open.spotify.com/user/31m6yxbmqxjd6zq3eg6kk3aefuae","\N","\N","1","2026-04-20 14:56:25","\N"
"2828c034-f1fe-4f26-9807-8cfe87875bd7","fd00b46b-4a43-57f7-b6cd-5ed59ead3b4d","4a0a1a0d-24fc-46c0-a8f5-01c938aed2ba","/","outbound_link_click","label","spotify free fleeing","\N","\N","1","2026-04-20 14:56:25","\N"
"2828c034-f1fe-4f26-9807-8cfe87875bd7","da539ef2-73dd-5bf7-b6e3-9bf036de7186","3b9b6d9f-ce7c-47d3-a8fe-6724cf041c5d","/","theme_change","theme","retro","\N","\N","1","2026-03-29 07:23:22","\N"
"2828c034-f1fe-4f26-9807-8cfe87875bd7","0cfdf080-2c94-5ebf-9805-56c3d30f1170","4d7965bb-2f14-40ee-a91e-9fc7d83dd6fb","/","theme_applied","theme","retro","\N","\N","1","2026-03-27 22:48:31","\N"
"2828c034-f1fe-4f26-9807-8cfe87875bd7","64c86340-52ae-5ad4-a308-5635595f1ec0","04c5cf6c-c520-48cc-a920-83aea0338fe1","/","theme_applied","theme","retro","\N","\N","1","2026-03-27 15:03:34","\N"
"2828c034-f1fe-4f26-9807-8cfe87875bd7","987a5b9a-044d-5225-a2de-e459cc79a8be","ff395c32-e8ea-4002-a920-a020679bdca5","/","theme_change","theme","retro","\N","\N","1","2026-03-28 15:30:07","\N"
"2828c034-f1fe-4f26-9807-8cfe87875bd7","c8c65918-057e-54ec-a2fc-a3e8251ea550","c9590efd-b50c-4089-a921-41cec3822882","/","photo_click","file","gheist.jpg","\N","\N","1","2026-04-02 03:42:16","\N"
"2828c034-f1fe-4f26-9807-8cfe87875bd7","c8c65918-057e-54ec-a2fc-a3e8251ea550","c9590efd-b50c-4089-a921-41cec3822882","/","photo_click","theme","space","\N","\N","1","2026-04-02 03:42:16","\N"
"2828c034-f1fe-4f26-9807-8cfe87875bd7","bde2252f-00fc-58df-9642-78a68cbb03b7","ecf351c6-6fd3-4f71-a925-5243edd8a757","/marjork/","theme_applied","theme","retro","\N","\N","1","2026-03-26 18:28:45","\N"
"2828c034-f1fe-4f26-9807-8cfe87875bd7","85ea8f79-1315-5115-879b-56d993592575","b19822a1-74c2-4562-a926-d88f644de54c","/marjork/","kiss_button_click","message","я тебя люблю!","\N","\N","1","2026-03-26 18:29:22","\N"
"2828c034-f1fe-4f26-9807-8cfe87875bd7","fd00b46b-4a43-57f7-b6cd-5ed59ead3b4d","31e7894e-9226-4f5e-a92b-094e863b25d9","/","kiss_button_sink","strokes","1.0000","1","\N","2","2026-04-20 14:56:20","\N"
"2828c034-f1fe-4f26-9807-8cfe87875bd7","54b0dbf9-3759-520f-b4d4-a08447c4d3d1","77842101-499c-4bef-a93b-998df57743bb","/","theme_change","theme","space","\N","\N","1","2026-03-28 15:30:13","\N"
"2828c034-f1fe-4f26-9807-8cfe87875bd7","c59fa47e-ef0b-58ea-99bc-2e38301f000a","f026f335-49eb-418f-a93f-a323a9133ac4","/","theme_change","theme","retro","\N","\N","1","2026-04-07 16:34:34","\N"
"2828c034-f1fe-4f26-9807-8cfe87875bd7","077f0d8e-5d16-5095-a857-6b0ac492be65","159c1979-631d-4312-a943-6f47981ca9b9","/","theme_change","theme","retro","\N","\N","1","2026-03-31 17:22:14","\N"
"2828c034-f1fe-4f26-9807-8cfe87875bd7","94527d57-831e-53e5-a2cb-7053686b6aad","93e82ff9-1966-4712-a95c-7c738d35f648","/","photo_click","file","roll_03_(11).jpg","\N","\N","1","2026-04-07 14:32:23","\N"
"2828c034-f1fe-4f26-9807-8cfe87875bd7","94527d57-831e-53e5-a2cb-7053686b6aad","93e82ff9-1966-4712-a95c-7c738d35f648","/","photo_click","theme","retro","\N","\N","1","2026-04-07 14:32:23","\N"
"2828c034-f1fe-4f26-9807-8cfe87875bd7","94527d57-831e-53e5-a2cb-7053686b6aad","fd1d4c9a-73c0-4d1b-a989-ba7d32b6bf39","/","photo_click","file","roll_03_(12).jpg","\N","\N","1","2026-04-07 14:32:24","\N"
"2828c034-f1fe-4f26-9807-8cfe87875bd7","94527d57-831e-53e5-a2cb-7053686b6aad","fd1d4c9a-73c0-4d1b-a989-ba7d32b6bf39","/","photo_click","theme","retro","\N","\N","1","2026-04-07 14:32:24","\N"
"2828c034-f1fe-4f26-9807-8cfe87875bd7","bdd1b7fa-3c9f-5a6f-81da-ac77d94565aa","4e63ad28-29b1-4d3a-a992-896616f6f5af","/","kiss_button_click","message","я тебя люблю!","\N","\N","1","2026-04-01 02:54:54","\N"
"2828c034-f1fe-4f26-9807-8cfe87875bd7","8e9637f5-4b25-5398-8c96-b2d5810ebbfb","a2a6d049-edef-4565-a997-e8559b50d375","/","site_loaded","device","desktop","\N","\N","1","2026-03-27 12:40:32","\N"
"2828c034-f1fe-4f26-9807-8cfe87875bd7","8e9637f5-4b25-5398-8c96-b2d5810ebbfb","a2a6d049-edef-4565-a997-e8559b50d375","/","site_loaded","theme","retro","\N","\N","1","2026-03-27 12:40:32","\N"
"2828c034-f1fe-4f26-9807-8cfe87875bd7","b18dae6c-cf08-54e0-9d94-26d680929abc","7a6fc391-20ed-4c13-a9bc-adfa950beb39","/","photo_click","file","branchesinthedark.jpg","\N","\N","1","2026-04-05 06:32:06","\N"
"2828c034-f1fe-4f26-9807-8cfe87875bd7","b18dae6c-cf08-54e0-9d94-26d680929abc","7a6fc391-20ed-4c13-a9bc-adfa950beb39","/","photo_click","theme","glitch","\N","\N","1","2026-04-05 06:32:06","\N"
"2828c034-f1fe-4f26-9807-8cfe87875bd7","6a2761dd-1040-5751-992a-f15dc82ad7e1","033302da-8a42-4d9a-a9d7-df441476d410","/","kiss_button_click","message","☀️ solnyshko ☀️","\N","\N","1","2026-03-28 22:58:12","\N"
"2828c034-f1fe-4f26-9807-8cfe87875bd7","bdd1b7fa-3c9f-5a6f-81da-ac77d94565aa","12617a52-ce65-4122-a9da-85aea6b82597","/","photo_click","file","DUDEHELLOCAMERON.jpg","\N","\N","1","2026-04-01 02:54:34","\N"
"2828c034-f1fe-4f26-9807-8cfe87875bd7","bdd1b7fa-3c9f-5a6f-81da-ac77d94565aa","12617a52-ce65-4122-a9da-85aea6b82597","/","photo_click","theme","art","\N","\N","1","2026-04-01 02:54:34","\N"
"2828c034-f1fe-4f26-9807-8cfe87875bd7","e49600f9-686d-5ecb-8605-8ff883585c39","3d1d98f0-ed39-49ac-a9ee-54de8c322994","/marjork/","photo_click","file","DUDEHELLOCAMERON.jpg","\N","\N","1","2026-03-25 21:03:50","\N"
"2828c034-f1fe-4f26-9807-8cfe87875bd7","e49600f9-686d-5ecb-8605-8ff883585c39","3d1d98f0-ed39-49ac-a9ee-54de8c322994","/marjork/","photo_click","theme","retro","\N","\N","1","2026-03-25 21:03:50","\N"
"2828c034-f1fe-4f26-9807-8cfe87875bd7","5fea088f-2388-5ec6-babf-bc211bf852de","2dbe1d87-2563-4f56-aa08-27fe6cdd4231","/","kiss_button_click","message","☀️ solnyshko ☀️","\N","\N","1","2026-04-09 16:34:17","\N"
"2828c034-f1fe-4f26-9807-8cfe87875bd7","73e57c9a-bedb-5ed8-bfcd-e56ab680ec52","e98df68e-c700-4695-aa12-608219c646a0","/","outbound_link_click","href","https://x.com/cameron_glhf","\N","\N","1","2026-04-29 00:49:25","\N"
"2828c034-f1fe-4f26-9807-8cfe87875bd7","73e57c9a-bedb-5ed8-bfcd-e56ab680ec52","e98df68e-c700-4695-aa12-608219c646a0","/","outbound_link_click","label","twitter","\N","\N","1","2026-04-29 00:49:25","\N"
"2828c034-f1fe-4f26-9807-8cfe87875bd7","bde2252f-00fc-58df-9642-78a68cbb03b7","444edf39-d220-401e-aa3f-a72393259532","/marjork/","kiss_button_click","message","i love you!","\N","\N","1","2026-03-26 18:30:23","\N"
"2828c034-f1fe-4f26-9807-8cfe87875bd7","4642b67a-2ba9-5608-9292-9605839dcb44","0ea3ec2e-5609-45f1-aa42-befe8d428492","/","theme_change","theme","retro","\N","\N","1","2026-04-22 10:23:24","\N"
"2828c034-f1fe-4f26-9807-8cfe87875bd7","ebb35ab8-4982-5d40-91d0-ee9f83d1355a","c151978f-4055-484a-aa4d-d0bd668a6dac","/","photo_click","file","roll_03_(12).jpg","\N","\N","1","2026-04-05 00:32:26","\N"
"2828c034-f1fe-4f26-9807-8cfe87875bd7","ebb35ab8-4982-5d40-91d0-ee9f83d1355a","c151978f-4055-484a-aa4d-d0bd668a6dac","/","photo_click","theme","retro","\N","\N","1","2026-04-05 00:32:26","\N"
"2828c034-f1fe-4f26-9807-8cfe87875bd7","9883fd71-1911-5c3f-aa8c-dd7814cff2e1","8c06d025-666f-4508-aa4f-b8b0a0b783fa","/marjork/","site_loaded","device","mobile","\N","\N","1","2026-03-25 21:03:23","\N"
"2828c034-f1fe-4f26-9807-8cfe87875bd7","9883fd71-1911-5c3f-aa8c-dd7814cff2e1","8c06d025-666f-4508-aa4f-b8b0a0b783fa","/marjork/","site_loaded","theme","retro","\N","\N","1","2026-03-25 21:03:23","\N"
"2828c034-f1fe-4f26-9807-8cfe87875bd7","7a8b860b-7833-5e06-8572-9a7fae31e100","5c092007-0610-4fcb-aa5c-4976cb473df8","/","photo_click","file","brella.png","\N","\N","1","2026-04-23 18:36:52","\N"
"2828c034-f1fe-4f26-9807-8cfe87875bd7","7a8b860b-7833-5e06-8572-9a7fae31e100","5c092007-0610-4fcb-aa5c-4976cb473df8","/","photo_click","theme","rain","\N","\N","1","2026-04-23 18:36:52","\N"
"2828c034-f1fe-4f26-9807-8cfe87875bd7","f650e13b-d9a5-5a8f-a757-137e7f4ac365","ba14fb89-2ee2-491a-aa5e-e7c90b4aae96","/","kiss_button_sink","strokes","1.0000","1","\N","2","2026-04-19 01:18:22","\N"
"2828c034-f1fe-4f26-9807-8cfe87875bd7","ebb35ab8-4982-5d40-91d0-ee9f83d1355a","2e2a6fb1-28b1-46e7-aa61-d1b85f27129f","/","photo_click","file","roll_03_(25).jpg","\N","\N","1","2026-04-05 00:32:21","\N"
"2828c034-f1fe-4f26-9807-8cfe87875bd7","ebb35ab8-4982-5d40-91d0-ee9f83d1355a","2e2a6fb1-28b1-46e7-aa61-d1b85f27129f","/","photo_click","theme","retro","\N","\N","1","2026-04-05 00:32:21","\N"
"2828c034-f1fe-4f26-9807-8cfe87875bd7","b18dae6c-cf08-54e0-9d94-26d680929abc","d85f30cb-3029-4f63-aa74-28c750caefd6","/","photo_click","file","roll_03_(11).jpg","\N","\N","1","2026-04-05 06:32:09","\N"
"2828c034-f1fe-4f26-9807-8cfe87875bd7","b18dae6c-cf08-54e0-9d94-26d680929abc","d85f30cb-3029-4f63-aa74-28c750caefd6","/","photo_click","theme","retro","\N","\N","1","2026-04-05 06:32:09","\N"
"2828c034-f1fe-4f26-9807-8cfe87875bd7","67eb9c65-13a6-59d1-9a02-b370db3018d7","7dcbd62f-9f0e-481f-aa86-ae9c999484e7","/","photo_click","file","quandry-01.jpg","\N","\N","1","2026-04-07 22:17:51","\N"
"2828c034-f1fe-4f26-9807-8cfe87875bd7","67eb9c65-13a6-59d1-9a02-b370db3018d7","7dcbd62f-9f0e-481f-aa86-ae9c999484e7","/","photo_click","theme","art","\N","\N","1","2026-04-07 22:17:51","\N"
"2828c034-f1fe-4f26-9807-8cfe87875bd7","d60e833e-5dcc-5201-ae9f-504b5995f099","2be8ecdc-7b06-4c16-aa8b-2b562f8a4067","/","theme_change","theme","retro","\N","\N","1","2026-04-10 05:35:07","\N"
"2828c034-f1fe-4f26-9807-8cfe87875bd7","5476eeac-d698-5e9d-9440-268eca9a6c5d","6f0f98e7-c14f-48dc-aaa0-ec512155b747","/","theme_change","theme","retro","\N","\N","1","2026-04-03 22:52:59","\N"
"2828c034-f1fe-4f26-9807-8cfe87875bd7","c367eed8-83a7-5473-be6b-a04a68b1f85b","3b2b105c-aaaa-43cc-aada-a5688a07e4a6","/","kiss_button_click","message","☀️ solnyshko ☀️","\N","\N","1","2026-03-31 03:15:21","\N"
"2828c034-f1fe-4f26-9807-8cfe87875bd7","bde2252f-00fc-58df-9642-78a68cbb03b7","27d22279-0dfb-41bb-ab03-725a45e21ba3","/marjork/","theme_applied","theme","retro","\N","\N","1","2026-03-26 18:29:15","\N"
"2828c034-f1fe-4f26-9807-8cfe87875bd7","c8c65918-057e-54ec-a2fc-a3e8251ea550","a3c444d6-59c4-4dc6-ab0a-9db96882eb54","/","kiss_button_click","message","☀️ solnyshko ☀️","\N","\N","1","2026-04-02 03:40:58","\N"
"2828c034-f1fe-4f26-9807-8cfe87875bd7","09612782-2686-5fc3-a1b3-42244a1ab1ae","c958cb9e-8fd3-4eb5-ab0d-e8893772fbe8","/","minesweeper_open","difficulty","easy","\N","\N","1","2026-04-02 17:48:08","\N"
"2828c034-f1fe-4f26-9807-8cfe87875bd7","c8c65918-057e-54ec-a2fc-a3e8251ea550","1188a66f-a2a7-4ef6-ab30-5938b69a651c","/","kiss_button_click","message","Horse Balls!","\N","\N","1","2026-04-02 03:41:01","\N"
"2828c034-f1fe-4f26-9807-8cfe87875bd7","26f573b2-0d60-5774-91e8-7f399ed39637","90053e5a-0cff-4151-ab35-0d20dbacddd8","/","photo_click","file","DUDEHELLOCAMERON.jpg","\N","\N","1","2026-04-03 16:43:17","\N"
"2828c034-f1fe-4f26-9807-8cfe87875bd7","26f573b2-0d60-5774-91e8-7f399ed39637","90053e5a-0cff-4151-ab35-0d20dbacddd8","/","photo_click","theme","art","\N","\N","1","2026-04-03 16:43:17","\N"
"2828c034-f1fe-4f26-9807-8cfe87875bd7","bdd1b7fa-3c9f-5a6f-81da-ac77d94565aa","7524fad4-36a1-4540-ab43-19835edb2783","/","kiss_button_click","message","я тебя люблю!","\N","\N","1","2026-04-01 02:54:37","\N"
"2828c034-f1fe-4f26-9807-8cfe87875bd7","0890b3f2-ecd0-555a-b71a-14dc53287067","51cc909c-4da6-4659-ab5c-70531a5f9984","/","photo_click","file","branchesinthedark.jpg","\N","\N","1","2026-04-18 16:29:50","\N"
"2828c034-f1fe-4f26-9807-8cfe87875bd7","0890b3f2-ecd0-555a-b71a-14dc53287067","51cc909c-4da6-4659-ab5c-70531a5f9984","/","photo_click","theme","glitch","\N","\N","1","2026-04-18 16:29:50","\N"
"2828c034-f1fe-4f26-9807-8cfe87875bd7","0890b3f2-ecd0-555a-b71a-14dc53287067","7427d363-ddf0-4a31-ab67-7bf88fea8a87","/","theme_change","theme","rain","\N","\N","1","2026-04-18 16:30:00","\N"
"2828c034-f1fe-4f26-9807-8cfe87875bd7","9883fd71-1911-5c3f-aa8c-dd7814cff2e1","1504ec7d-5940-4113-ab6a-7718a5b59415","/marjork/","kiss_button_click","message","☀️ solnyshko ☀️","\N","\N","1","2026-03-25 21:02:26","\N"
"2828c034-f1fe-4f26-9807-8cfe87875bd7","c2e04063-0e0d-5a42-8612-b49ff028dc7d","028a96c6-6a77-4f9c-ab6c-fb932256c9f8","/","theme_change","theme","retro","\N","\N","1","2026-03-31 04:44:02","\N"
"2828c034-f1fe-4f26-9807-8cfe87875bd7","1d98c125-7d6d-5c19-b4de-596ad35c6621","7d61a0e4-fc7a-4c67-ab71-31e51ee98971","/","photo_click","file","blindingportal.jpg","\N","\N","1","2026-04-20 22:04:13","\N"
"2828c034-f1fe-4f26-9807-8cfe87875bd7","1d98c125-7d6d-5c19-b4de-596ad35c6621","7d61a0e4-fc7a-4c67-ab71-31e51ee98971","/","photo_click","theme","glitch","\N","\N","1","2026-04-20 22:04:13","\N"
"2828c034-f1fe-4f26-9807-8cfe87875bd7","c8c65918-057e-54ec-a2fc-a3e8251ea550","a0c464c1-6aa2-4cbd-ab90-6cfb5e15997a","/","kiss_button_click","message","я тебя люблю!","\N","\N","1","2026-04-02 03:40:54","\N"
"2828c034-f1fe-4f26-9807-8cfe87875bd7","246a559e-739a-5015-b87d-f7efd8232d47","c83b367a-3557-4a75-aba9-420838406922","/","photo_click","file","roll_03_(12).jpg","\N","\N","1","2026-04-06 01:59:01","\N"
"2828c034-f1fe-4f26-9807-8cfe87875bd7","246a559e-739a-5015-b87d-f7efd8232d47","c83b367a-3557-4a75-aba9-420838406922","/","photo_click","theme","retro","\N","\N","1","2026-04-06 01:59:01","\N"
"2828c034-f1fe-4f26-9807-8cfe87875bd7","246a559e-739a-5015-b87d-f7efd8232d47","66f44c3c-1fb1-41d2-abdd-6c0a0358caa3","/","outbound_link_click","href","https://stats.fm/marjork","\N","\N","1","2026-04-06 01:59:15","\N"
"2828c034-f1fe-4f26-9807-8cfe87875bd7","246a559e-739a-5015-b87d-f7efd8232d47","66f44c3c-1fb1-41d2-abdd-6c0a0358caa3","/","outbound_link_click","label","statsfm","\N","\N","1","2026-04-06 01:59:15","\N"
"2828c034-f1fe-4f26-9807-8cfe87875bd7","ee771736-6edf-57af-9c43-a519d1604a80","21a3393f-1874-44f2-ac0b-7c270d236259","/","theme_change","theme","retro","\N","\N","1","2026-03-31 04:40:03","\N"
"2828c034-f1fe-4f26-9807-8cfe87875bd7","b3cf28a3-b41b-5a41-a660-8fa2c402c33d","c10a1d12-de5a-4e27-ac15-76d949bf374f","/","kiss_button_click","message","Horse Balls!","\N","\N","1","2026-04-01 14:36:45","\N"
"2828c034-f1fe-4f26-9807-8cfe87875bd7","f35953d7-12a6-5f20-8b58-0b346f36945e","7ef9ba1f-1f49-4aa5-ac17-4e749378231e","/","theme_change","theme","art","\N","\N","1","2026-04-07 14:32:47","\N"
"2828c034-f1fe-4f26-9807-8cfe87875bd7","f25aa420-c2d4-5b8c-b10a-b9ab01019414","d065aff4-86b0-4e80-ac1f-5d11672e5174","/","theme_change","theme","glitch","\N","\N","1","2026-04-26 04:39:24","\N"
"2828c034-f1fe-4f26-9807-8cfe87875bd7","fd00b46b-4a43-57f7-b6cd-5ed59ead3b4d","6b433de6-ab84-4e53-ac46-e101f7efc803","/","kiss_button_click","message","я тебя люблю!","\N","\N","1","2026-04-20 14:56:22","\N"
"2828c034-f1fe-4f26-9807-8cfe87875bd7","731862d2-90d4-544a-8c66-5d4a9183ed30","7a68d48f-0139-4feb-ac9b-8265243937b8","/marjork/","kiss_button_click","message","Horse Balls!","\N","\N","1","2026-03-26 03:39:00","\N"
"2828c034-f1fe-4f26-9807-8cfe87875bd7","e49600f9-686d-5ecb-8605-8ff883585c39","19b52eb5-29a7-4de3-aca6-d036a5fe5e76","/marjork/","kiss_button_click","message","я тебя люблю!","\N","\N","1","2026-03-25 21:04:07","\N"
"2828c034-f1fe-4f26-9807-8cfe87875bd7","9883fd71-1911-5c3f-aa8c-dd7814cff2e1","bc14d207-761f-43e2-acbe-124198701134","/marjork/","kiss_button_click","message","☀️ solnyshko ☀️","\N","\N","1","2026-03-25 21:02:35","\N"
"2828c034-f1fe-4f26-9807-8cfe87875bd7","b3cf28a3-b41b-5a41-a660-8fa2c402c33d","20982c47-e57e-41c1-acc0-3e1e9222f209","/","kiss_button_click","message","u get it","\N","\N","1","2026-04-01 14:36:47","\N"
"2828c034-f1fe-4f26-9807-8cfe87875bd7","2aa69ec0-1c59-5c0e-a6ea-1f6b94da2ef0","b32f3017-d358-4e65-acc1-d7593f2a9922","/","photo_click","file","DUDEHELLOCAMERON.jpg","\N","\N","1","2026-04-20 04:11:22","\N"
"2828c034-f1fe-4f26-9807-8cfe87875bd7","2aa69ec0-1c59-5c0e-a6ea-1f6b94da2ef0","b32f3017-d358-4e65-acc1-d7593f2a9922","/","photo_click","theme","art","\N","\N","1","2026-04-20 04:11:22","\N"
"2828c034-f1fe-4f26-9807-8cfe87875bd7","7f4676f5-77a7-5fb1-adce-25110ad94110","708f9da2-6d61-4e86-acec-dd5a5c88502a","/","spotify_goal_open","device","mobile","\N","\N","1","2026-04-12 05:13:12","\N"
"2828c034-f1fe-4f26-9807-8cfe87875bd7","9d7d40e7-2bfa-5ea6-82cb-8bb78a5aa52d","bc17fcac-ce0b-4295-acfa-4c6c0ee78cfd","/","photo_click","file","quandry-03.jpg","\N","\N","1","2026-03-31 18:50:31","\N"
"2828c034-f1fe-4f26-9807-8cfe87875bd7","9d7d40e7-2bfa-5ea6-82cb-8bb78a5aa52d","bc17fcac-ce0b-4295-acfa-4c6c0ee78cfd","/","photo_click","theme","art","\N","\N","1","2026-03-31 18:50:31","\N"
"2828c034-f1fe-4f26-9807-8cfe87875bd7","6a2761dd-1040-5751-992a-f15dc82ad7e1","322fb0d3-4d23-489d-ad0d-6b80ec177d0c","/","music_player_open","shuffled","false","\N","\N","3","2026-03-28 22:57:51","\N"
"2828c034-f1fe-4f26-9807-8cfe87875bd7","6a2761dd-1040-5751-992a-f15dc82ad7e1","322fb0d3-4d23-489d-ad0d-6b80ec177d0c","/","music_player_open","track","Candy","\N","\N","1","2026-03-28 22:57:51","\N"
"2828c034-f1fe-4f26-9807-8cfe87875bd7","f35953d7-12a6-5f20-8b58-0b346f36945e","5158bf9f-ae8d-4794-ad1c-ba38114fd7f6","/","outbound_link_click","href","https://letterboxd.com/marjork/","\N","\N","1","2026-04-07 14:33:52","\N"
"2828c034-f1fe-4f26-9807-8cfe87875bd7","f35953d7-12a6-5f20-8b58-0b346f36945e","5158bf9f-ae8d-4794-ad1c-ba38114fd7f6","/","outbound_link_click","label","letterboxd","\N","\N","1","2026-04-07 14:33:52","\N"
"2828c034-f1fe-4f26-9807-8cfe87875bd7","2cda690d-b3ac-5557-b2d2-bcd946ffaceb","bbdc5d17-1cf3-482c-ad28-dfa4194a8f23","/","outbound_link_click","href","https://x.com/cameron_glhf","\N","\N","1","2026-04-13 03:10:03","\N"
"2828c034-f1fe-4f26-9807-8cfe87875bd7","2cda690d-b3ac-5557-b2d2-bcd946ffaceb","bbdc5d17-1cf3-482c-ad28-dfa4194a8f23","/","outbound_link_click","label","twitter","\N","\N","1","2026-04-13 03:10:03","\N"
"2828c034-f1fe-4f26-9807-8cfe87875bd7","ebb35ab8-4982-5d40-91d0-ee9f83d1355a","e95e8b59-ae63-4199-ad29-1a729ed39a89","/","photo_click","file","roll_03_(24).jpg","\N","\N","1","2026-04-05 00:32:51","\N"
"2828c034-f1fe-4f26-9807-8cfe87875bd7","ebb35ab8-4982-5d40-91d0-ee9f83d1355a","e95e8b59-ae63-4199-ad29-1a729ed39a89","/","photo_click","theme","retro","\N","\N","1","2026-04-05 00:32:51","\N"
"2828c034-f1fe-4f26-9807-8cfe87875bd7","bdd1b7fa-3c9f-5a6f-81da-ac77d94565aa","5bbbe9c3-7ed4-43ae-ad30-b42737750f7c","/","outbound_link_click","href","https://substack.com/@camglhf?utm_source=user-menu","\N","\N","1","2026-04-01 02:55:11","\N"
"2828c034-f1fe-4f26-9807-8cfe87875bd7","bdd1b7fa-3c9f-5a6f-81da-ac77d94565aa","5bbbe9c3-7ed4-43ae-ad30-b42737750f7c","/","outbound_link_click","label","substack-button","\N","\N","1","2026-04-01 02:55:11","\N"
"2828c034-f1fe-4f26-9807-8cfe87875bd7","ebb35ab8-4982-5d40-91d0-ee9f83d1355a","8f201d54-b079-46d3-ad35-cacc1257dc6d","/","theme_change","theme","glitch","\N","\N","1","2026-04-05 00:32:06","\N"
"2828c034-f1fe-4f26-9807-8cfe87875bd7","35960006-9650-50e1-b561-e92811c85a17","40f45de3-0c2c-405b-ad37-c0e2f9d6c49a","/","theme_change","theme","retro","\N","\N","1","2026-03-30 09:19:08","\N"
"2828c034-f1fe-4f26-9807-8cfe87875bd7","74a29e2a-1069-5887-a48c-f687f66c9e8c","8b49c655-1c87-4efc-ad49-c5abc45283eb","/","theme_change","theme","retro","\N","\N","1","2026-04-06 18:20:25","\N"
"2828c034-f1fe-4f26-9807-8cfe87875bd7","0b297f0b-ac33-5d97-a2af-72fe3c72dd9f","3367ed15-a7a6-490f-ad4e-6486a6054f7f","/","theme_change","theme","space","\N","\N","1","2026-04-20 18:39:03","\N"
"2828c034-f1fe-4f26-9807-8cfe87875bd7","f3b0523d-2f36-5016-9f21-04bfbc85b825","bec20302-a3a3-4539-ad4f-046ee1217abb","/","kiss_button_click","message","u get it","\N","\N","1","2026-04-18 06:38:21","\N"
"2828c034-f1fe-4f26-9807-8cfe87875bd7","b18dae6c-cf08-54e0-9d94-26d680929abc","46cc2c3d-8148-4019-ad53-e5d442d01568","/","photo_click","file","roll_03_(15).jpg","\N","\N","1","2026-04-05 06:32:11","\N"
"2828c034-f1fe-4f26-9807-8cfe87875bd7","b18dae6c-cf08-54e0-9d94-26d680929abc","46cc2c3d-8148-4019-ad53-e5d442d01568","/","photo_click","theme","retro","\N","\N","1","2026-04-05 06:32:11","\N"
"2828c034-f1fe-4f26-9807-8cfe87875bd7","b18dae6c-cf08-54e0-9d94-26d680929abc","b0fbbb03-ca98-47cd-ad61-cd0fe6a19158","/","kiss_button_click","message","я тебя люблю!","\N","\N","1","2026-04-05 06:32:02","\N"
"2828c034-f1fe-4f26-9807-8cfe87875bd7","26f573b2-0d60-5774-91e8-7f399ed39637","5c7d82a4-a71e-4dda-ad63-270dfd34c962","/","theme_change","theme","space","\N","\N","1","2026-04-03 16:43:19","\N"
"2828c034-f1fe-4f26-9807-8cfe87875bd7","c8c65918-057e-54ec-a2fc-a3e8251ea550","be5940e0-3393-4070-ad69-0cd894f2e6c8","/","theme_change","theme","rain","\N","\N","1","2026-04-02 03:42:17","\N"
"2828c034-f1fe-4f26-9807-8cfe87875bd7","2aa69ec0-1c59-5c0e-a6ea-1f6b94da2ef0","97135898-401d-4205-ad6f-12b4e2695c2c","/","outbound_link_click","href","https://x.com/cameron_glhf","\N","\N","1","2026-04-20 04:12:35","\N"
"2828c034-f1fe-4f26-9807-8cfe87875bd7","2aa69ec0-1c59-5c0e-a6ea-1f6b94da2ef0","97135898-401d-4205-ad6f-12b4e2695c2c","/","outbound_link_click","label","twitter","\N","\N","1","2026-04-20 04:12:35","\N"
"2828c034-f1fe-4f26-9807-8cfe87875bd7","c367eed8-83a7-5473-be6b-a04a68b1f85b","6f64fa0b-cdb8-458f-ad80-7e4e6e743229","/","kiss_button_click","message","☀️ solnyshko ☀️","\N","\N","1","2026-03-31 03:15:13","\N"
"2828c034-f1fe-4f26-9807-8cfe87875bd7","09612782-2686-5fc3-a1b3-42244a1ab1ae","3468ac41-1b5a-406f-ad84-c2de3da8b6fe","/","kiss_button_click","message","я тебя люблю!","\N","\N","1","2026-04-02 20:44:31","\N"
"2828c034-f1fe-4f26-9807-8cfe87875bd7","09612782-2686-5fc3-a1b3-42244a1ab1ae","ebc40b86-ad3a-4056-ad85-9c93f0e56a0c","/","photo_click","file","net.png","\N","\N","1","2026-04-02 17:47:57","\N"
"2828c034-f1fe-4f26-9807-8cfe87875bd7","09612782-2686-5fc3-a1b3-42244a1ab1ae","ebc40b86-ad3a-4056-ad85-9c93f0e56a0c","/","photo_click","theme","rain","\N","\N","1","2026-04-02 17:47:57","\N"
"2828c034-f1fe-4f26-9807-8cfe87875bd7","4dc98cd8-cea8-504c-b0ec-09c78b4f0cd8","94c4c503-5b61-4fa2-ad8c-9d7895b63067","/","theme_change","theme","glitch","\N","\N","1","2026-04-16 13:22:03","\N"
"2828c034-f1fe-4f26-9807-8cfe87875bd7","ebb35ab8-4982-5d40-91d0-ee9f83d1355a","c4141e90-ad69-4e4a-ad8f-805fddb97a3b","/","kiss_button_click","message","u get it","\N","\N","1","2026-04-05 00:32:08","\N"
"2828c034-f1fe-4f26-9807-8cfe87875bd7","69053fb6-90d2-5dc4-8296-2ebd43068145","53eb0712-a8fa-4442-ad90-59869b5d3e03","/","kiss_button_click","message","i love you!","\N","\N","1","2026-04-12 15:06:30","\N"
"2828c034-f1fe-4f26-9807-8cfe87875bd7","99c7f38f-e9cb-5db6-aa27-7bf634850975","c2d54d29-1a9c-4cb5-ad96-88e6a77cbca7","/","kiss_button_click","message","я тебя люблю!","\N","\N","1","2026-04-08 20:06:22","\N"
"2828c034-f1fe-4f26-9807-8cfe87875bd7","4dc98cd8-cea8-504c-b0ec-09c78b4f0cd8","ad9ecca0-953c-4935-ada3-734000cf57c6","/","spotify_goal_scored","device","mobile","\N","\N","1","2026-04-16 13:21:49","\N"
"2828c034-f1fe-4f26-9807-8cfe87875bd7","4dc98cd8-cea8-504c-b0ec-09c78b4f0cd8","ad9ecca0-953c-4935-ada3-734000cf57c6","/","spotify_goal_scored","theme","space","\N","\N","1","2026-04-16 13:21:49","\N"
"2828c034-f1fe-4f26-9807-8cfe87875bd7","731862d2-90d4-544a-8c66-5d4a9183ed30","89b760fa-b11e-42fd-adad-9b6e1389fab7","/marjork/","kiss_button_click","message","Horse Balls!","\N","\N","1","2026-03-26 03:39:02","\N"
"2828c034-f1fe-4f26-9807-8cfe87875bd7","9883fd71-1911-5c3f-aa8c-dd7814cff2e1","4e619c96-23bb-4236-adb7-40165bb2c29d","/marjork/","kiss_button_click","message","красивая!","\N","\N","1","2026-03-25 21:02:51","\N"
"2828c034-f1fe-4f26-9807-8cfe87875bd7","85ea8f79-1315-5115-879b-56d993592575","f6d988c4-616c-4a1f-adba-430adc612dc2","/marjork/","kiss_button_click","message","красивая!","\N","\N","1","2026-03-26 14:18:10","\N"
"2828c034-f1fe-4f26-9807-8cfe87875bd7","09612782-2686-5fc3-a1b3-42244a1ab1ae","81efca10-da1b-4f5b-adc2-9bc82bbf45cd","/","kiss_button_click","message","Horse Balls!","\N","\N","1","2026-04-02 20:44:33","\N"
"2828c034-f1fe-4f26-9807-8cfe87875bd7","f55c8253-c6fb-5c5f-9d87-741699120d68","0b8d149c-0929-4642-adc5-bba842bf63ec","/","photo_click","file","blindingportal.jpg","\N","\N","1","2026-03-29 17:39:47","\N"
"2828c034-f1fe-4f26-9807-8cfe87875bd7","f55c8253-c6fb-5c5f-9d87-741699120d68","0b8d149c-0929-4642-adc5-bba842bf63ec","/","photo_click","theme","space","\N","\N","1","2026-03-29 17:39:47","\N"
"2828c034-f1fe-4f26-9807-8cfe87875bd7","b9b06b0f-3bda-5cd4-b24c-4d2a171b4a57","3864408c-5cb2-4186-add4-8e07f65de235","/","site_loaded","device","desktop","\N","\N","1","2026-03-27 14:51:38","\N"
"2828c034-f1fe-4f26-9807-8cfe87875bd7","b9b06b0f-3bda-5cd4-b24c-4d2a171b4a57","3864408c-5cb2-4186-add4-8e07f65de235","/","site_loaded","theme","retro","\N","\N","1","2026-03-27 14:51:38","\N"
"2828c034-f1fe-4f26-9807-8cfe87875bd7","09612782-2686-5fc3-a1b3-42244a1ab1ae","bad46541-0e06-4353-add5-fcf9079e87d0","/","kiss_button_click","message","я тебя люблю!","\N","\N","1","2026-04-02 17:48:02","\N"
"2828c034-f1fe-4f26-9807-8cfe87875bd7","bde2252f-00fc-58df-9642-78a68cbb03b7","ded36212-03ae-4557-add9-dea30daf7ce6","/marjork/","kiss_button_click","message","Horse Balls!","\N","\N","1","2026-03-26 18:29:19","\N"
"2828c034-f1fe-4f26-9807-8cfe87875bd7","ae57814b-a75f-5926-8baa-8d89046ae3d9","9fdee448-304d-4470-adf9-8fb9b27e1ce8","/","theme_change","theme","retro","\N","\N","1","2026-04-10 02:36:15","\N"
"2828c034-f1fe-4f26-9807-8cfe87875bd7","c367eed8-83a7-5473-be6b-a04a68b1f85b","ac2bc980-d403-40ca-ae09-17ab159ee582","/","kiss_button_click","message","☀️ solnyshko ☀️","\N","\N","1","2026-03-31 03:15:17","\N"
"2828c034-f1fe-4f26-9807-8cfe87875bd7","f55c8253-c6fb-5c5f-9d87-741699120d68","ef8f3581-8841-4de5-ae12-a44e0381716c","/","photo_click","file","quandry-05.jpg","\N","\N","1","2026-03-29 17:39:59","\N"
"2828c034-f1fe-4f26-9807-8cfe87875bd7","f55c8253-c6fb-5c5f-9d87-741699120d68","ef8f3581-8841-4de5-ae12-a44e0381716c","/","photo_click","theme","art","\N","\N","1","2026-03-29 17:39:59","\N"
"2828c034-f1fe-4f26-9807-8cfe87875bd7","665fba9d-3d55-5334-8d22-2ff825b9f6fd","e0bfc834-1cb0-4f37-ae16-3d2a62d7e205","/","kiss_button_click","message","красивая!","\N","\N","1","2026-04-24 18:56:27","\N"
"2828c034-f1fe-4f26-9807-8cfe87875bd7","55cbf9b6-2713-5819-8122-1063216e57df","347d06f2-75f7-4393-ae38-ffd91534c484","/","theme_change","theme","retro","\N","\N","1","2026-03-29 01:11:19","\N"
"2828c034-f1fe-4f26-9807-8cfe87875bd7","e49600f9-686d-5ecb-8605-8ff883585c39","77170904-58d3-4a4d-ae45-d9e516b02110","/marjork/","photo_click","file","quandry-03.jpg","\N","\N","1","2026-03-25 21:04:22","\N"
"2828c034-f1fe-4f26-9807-8cfe87875bd7","e49600f9-686d-5ecb-8605-8ff883585c39","77170904-58d3-4a4d-ae45-d9e516b02110","/marjork/","photo_click","theme","retro","\N","\N","1","2026-03-25 21:04:22","\N"
"2828c034-f1fe-4f26-9807-8cfe87875bd7","7a8b860b-7833-5e06-8572-9a7fae31e100","dd224d28-9f19-473d-ae4c-509f07297029","/","kiss_button_click","message","я тебя люблю!","\N","\N","1","2026-04-23 18:36:55","\N"
"2828c034-f1fe-4f26-9807-8cfe87875bd7","c8c65918-057e-54ec-a2fc-a3e8251ea550","9d47a3ef-e8ce-4721-ae55-d792c93d32dd","/","photo_click","file","DUDEHELLOCAMERON.jpg","\N","\N","1","2026-04-02 03:41:02","\N"
"2828c034-f1fe-4f26-9807-8cfe87875bd7","c8c65918-057e-54ec-a2fc-a3e8251ea550","9d47a3ef-e8ce-4721-ae55-d792c93d32dd","/","photo_click","theme","art","\N","\N","1","2026-04-02 03:41:02","\N"
"2828c034-f1fe-4f26-9807-8cfe87875bd7","ebb35ab8-4982-5d40-91d0-ee9f83d1355a","1aeb91ae-62f3-49ac-ae65-fc0747cd67af","/","theme_change","theme","glitch","\N","\N","1","2026-04-05 00:32:36","\N"
"2828c034-f1fe-4f26-9807-8cfe87875bd7","217cbbed-c4a0-5d87-bed5-b468fe644f22","914f8d8b-e833-4f4e-ae66-b6d3c57ded57","/","outbound_link_click","href","https://kritiquekapital.com","\N","\N","1","2026-04-14 22:18:53","\N"
"2828c034-f1fe-4f26-9807-8cfe87875bd7","217cbbed-c4a0-5d87-bed5-b468fe644f22","914f8d8b-e833-4f4e-ae66-b6d3c57ded57","/","outbound_link_click","label","substack-button opened-this-session","\N","\N","1","2026-04-14 22:18:53","\N"
"2828c034-f1fe-4f26-9807-8cfe87875bd7","e49600f9-686d-5ecb-8605-8ff883585c39","882b824b-ffc7-402e-ae74-6a74b520a6f1","/marjork/","photo_click","file","quandry-01.jpg","\N","\N","1","2026-03-25 21:04:26","\N"
"2828c034-f1fe-4f26-9807-8cfe87875bd7","e49600f9-686d-5ecb-8605-8ff883585c39","882b824b-ffc7-402e-ae74-6a74b520a6f1","/marjork/","photo_click","theme","art","\N","\N","1","2026-03-25 21:04:26","\N"
"2828c034-f1fe-4f26-9807-8cfe87875bd7","54b0dbf9-3759-520f-b4d4-a08447c4d3d1","d1f08178-2694-4663-aec5-15443e9a6d30","/","kiss_button_click","message","Horse Balls!","\N","\N","1","2026-03-28 15:30:28","\N"
"2828c034-f1fe-4f26-9807-8cfe87875bd7","9d7d40e7-2bfa-5ea6-82cb-8bb78a5aa52d","e693d1ef-ab27-48c0-aedf-5b056c3cf09f","/","kiss_button_click","message","☀️ solnyshko ☀️","\N","\N","1","2026-03-31 18:50:24","\N"
"2828c034-f1fe-4f26-9807-8cfe87875bd7","adc0c2fb-aa5d-59b1-bed5-c29346e2a1b5","f6246c22-dbf9-4b46-aee0-212073638583","/","theme_change","theme","retro","\N","\N","1","2026-04-13 16:32:57","\N"
"2828c034-f1fe-4f26-9807-8cfe87875bd7","c367eed8-83a7-5473-be6b-a04a68b1f85b","776e202a-5dff-4fd6-af06-ae32b133efd0","/","kiss_button_click","message","я тебя люблю!","\N","\N","1","2026-03-31 03:15:09","\N"
"2828c034-f1fe-4f26-9807-8cfe87875bd7","c367eed8-83a7-5473-be6b-a04a68b1f85b","ad213dfb-11e4-481b-af0b-91aaa21281db","/","kiss_button_click","message","☀️ solnyshko ☀️","\N","\N","1","2026-03-31 03:15:05","\N"
"2828c034-f1fe-4f26-9807-8cfe87875bd7","6a2761dd-1040-5751-992a-f15dc82ad7e1","283fb1ec-9f70-407f-af0f-d9884b2e3504","/","kiss_button_click","message","красивая!","\N","\N","1","2026-03-28 22:58:07","\N"
"2828c034-f1fe-4f26-9807-8cfe87875bd7","73e57c9a-bedb-5ed8-bfcd-e56ab680ec52","e6fff5eb-7206-49f2-af1a-fecac2f144ed","/","kiss_button_click","message","красивая!","\N","\N","1","2026-04-29 00:49:38","\N"
"2828c034-f1fe-4f26-9807-8cfe87875bd7","f1c09ba6-70e8-5185-a799-35e47a95338e","de944c4d-301c-4956-af1d-b8a4eb6ed07e","/","photo_click","file","roll_03_(11).jpg","\N","\N","1","2026-04-06 16:40:32","\N"
"2828c034-f1fe-4f26-9807-8cfe87875bd7","f1c09ba6-70e8-5185-a799-35e47a95338e","de944c4d-301c-4956-af1d-b8a4eb6ed07e","/","photo_click","theme","retro","\N","\N","1","2026-04-06 16:40:32","\N"
"2828c034-f1fe-4f26-9807-8cfe87875bd7","09612782-2686-5fc3-a1b3-42244a1ab1ae","276a317f-7c45-44a1-af26-8b9539674253","/","music_player_open","shuffled","false","\N","\N","3","2026-04-02 20:44:39","\N"
"2828c034-f1fe-4f26-9807-8cfe87875bd7","09612782-2686-5fc3-a1b3-42244a1ab1ae","276a317f-7c45-44a1-af26-8b9539674253","/","music_player_open","track","Candy","\N","\N","1","2026-04-02 20:44:39","\N"
"2828c034-f1fe-4f26-9807-8cfe87875bd7","bde2252f-00fc-58df-9642-78a68cbb03b7","bcfaf1bb-b888-4164-af32-a2a78e8c00db","/marjork/","site_loaded","device","mobile","\N","\N","1","2026-03-26 18:28:58","\N"
"2828c034-f1fe-4f26-9807-8cfe87875bd7","bde2252f-00fc-58df-9642-78a68cbb03b7","bcfaf1bb-b888-4164-af32-a2a78e8c00db","/marjork/","site_loaded","theme","retro","\N","\N","1","2026-03-26 18:28:58","\N"
"2828c034-f1fe-4f26-9807-8cfe87875bd7","731862d2-90d4-544a-8c66-5d4a9183ed30","b15d8d5b-2398-42bc-af61-4556afcd11f5","/marjork/","kiss_button_click","message","Horse Balls!","\N","\N","1","2026-03-26 03:39:06","\N"
"2828c034-f1fe-4f26-9807-8cfe87875bd7","9883fd71-1911-5c3f-aa8c-dd7814cff2e1","fb0e872c-37cd-4c6b-af69-7cdfd249a31b","/marjork/","photo_click","file","quandry-03.jpg","\N","\N","1","2026-03-25 21:02:28","\N"
"2828c034-f1fe-4f26-9807-8cfe87875bd7","9883fd71-1911-5c3f-aa8c-dd7814cff2e1","fb0e872c-37cd-4c6b-af69-7cdfd249a31b","/marjork/","photo_click","theme","retro","\N","\N","1","2026-03-25 21:02:28","\N"
"2828c034-f1fe-4f26-9807-8cfe87875bd7","aa559316-35a0-5b49-9694-44f566967710","3097ad32-409f-4491-af75-7a557fcf830d","/","theme_change","theme","retro","\N","\N","1","2026-04-07 00:23:40","\N"
"2828c034-f1fe-4f26-9807-8cfe87875bd7","665fba9d-3d55-5334-8d22-2ff825b9f6fd","e62f06a3-56f6-4d65-af79-ad2ad187e3be","/","outbound_link_click","href","https://kritiquekapital.com","\N","\N","1","2026-04-24 18:56:28","\N"
"2828c034-f1fe-4f26-9807-8cfe87875bd7","665fba9d-3d55-5334-8d22-2ff825b9f6fd","e62f06a3-56f6-4d65-af79-ad2ad187e3be","/","outbound_link_click","label","substack-button","\N","\N","1","2026-04-24 18:56:28","\N"
"2828c034-f1fe-4f26-9807-8cfe87875bd7","0754bc0a-5658-5922-a095-77c091db43ef","ee39d1c4-ce2c-49f3-af87-427149f40ede","/","outbound_link_click","href","https://x.com/cameron_glhf","\N","\N","1","2026-04-27 00:14:36","\N"
"2828c034-f1fe-4f26-9807-8cfe87875bd7","0754bc0a-5658-5922-a095-77c091db43ef","ee39d1c4-ce2c-49f3-af87-427149f40ede","/","outbound_link_click","label","twitter","\N","\N","1","2026-04-27 00:14:36","\N"
"2828c034-f1fe-4f26-9807-8cfe87875bd7","f650e13b-d9a5-5a8f-a757-137e7f4ac365","c39d72bc-70bc-4060-af8c-e2980669b92a","/","kiss_button_click","message","☀️ solnyshko ☀️","\N","\N","1","2026-04-19 01:18:25","\N"
"2828c034-f1fe-4f26-9807-8cfe87875bd7","253aa391-feb0-5ad0-8599-5e13e3081db4","505982a5-01cf-403b-af92-51cd86d85cbd","/marjork/","kiss_button_sink","strokes","1.0000","1","\N","2","2026-03-24 22:00:03","\N"
"2828c034-f1fe-4f26-9807-8cfe87875bd7","2aa69ec0-1c59-5c0e-a6ea-1f6b94da2ef0","3b2cfed5-a14f-418c-af93-2f6246589c13","/","kiss_button_click","message","я тебя люблю!","\N","\N","1","2026-04-20 04:11:17","\N"
"2828c034-f1fe-4f26-9807-8cfe87875bd7","90c4cd37-e4f7-5ec1-9135-6609eaba1e00","c3eab3f7-c797-481a-af96-f4dcd18425ff","/","photo_click","file","quandry-02.jpg","\N","\N","1","2026-04-22 16:19:38","\N"
"2828c034-f1fe-4f26-9807-8cfe87875bd7","90c4cd37-e4f7-5ec1-9135-6609eaba1e00","c3eab3f7-c797-481a-af96-f4dcd18425ff","/","photo_click","theme","art","\N","\N","1","2026-04-22 16:19:38","\N"
"2828c034-f1fe-4f26-9807-8cfe87875bd7","f55c8253-c6fb-5c5f-9d87-741699120d68","148b1e56-afbe-4b62-afa6-15dbbb1109bd","/","photo_click","file","branchesinthedark.jpg","\N","\N","1","2026-03-29 17:39:48","\N"
"2828c034-f1fe-4f26-9807-8cfe87875bd7","f55c8253-c6fb-5c5f-9d87-741699120d68","148b1e56-afbe-4b62-afa6-15dbbb1109bd","/","photo_click","theme","space","\N","\N","1","2026-03-29 17:39:48","\N"
"2828c034-f1fe-4f26-9807-8cfe87875bd7","575ef23d-074e-5143-9ece-8edd8978880e","fd709f1f-a8e3-4b0f-afa8-99a5061d0e1f","/","theme_change","theme","retro","\N","\N","1","2026-04-05 23:36:40","\N"
"2828c034-f1fe-4f26-9807-8cfe87875bd7","bcb34b51-03fb-5025-9bd3-d33e5670e1f7","ade61f87-a214-4993-afac-921b22111676","/","theme_change","theme","retro","\N","\N","1","2026-04-14 05:24:28","\N"
"2828c034-f1fe-4f26-9807-8cfe87875bd7","335e673f-c6c4-56d8-a9d6-584c77102c16","702a766b-3a29-4e6e-afb6-902f6b29ccd0","/","theme_change","theme","retro","\N","\N","1","2026-03-31 11:52:31","\N"
"2828c034-f1fe-4f26-9807-8cfe87875bd7","ebb35ab8-4982-5d40-91d0-ee9f83d1355a","35b78dbd-a12f-4b21-afbb-d1b099350cf6","/","theme_change","theme","retro","\N","\N","1","2026-04-05 00:32:40","\N"
"2828c034-f1fe-4f26-9807-8cfe87875bd7","a3fa0f0c-b9a5-53e1-b717-18f4b95aab0b","e5cb61b1-1f0f-4905-afea-836dcf2b21ea","/","theme_change","theme","retro","\N","\N","1","2026-03-30 12:36:40","\N"
"2828c034-f1fe-4f26-9807-8cfe87875bd7","f55c8253-c6fb-5c5f-9d87-741699120d68","e3494c56-6195-4bef-aff5-e6f2ef2c33b5","/","photo_click","file","quandry-02.jpg","\N","\N","1","2026-03-29 17:39:56","\N"
"2828c034-f1fe-4f26-9807-8cfe87875bd7","f55c8253-c6fb-5c5f-9d87-741699120d68","e3494c56-6195-4bef-aff5-e6f2ef2c33b5","/","photo_click","theme","retro","\N","\N","1","2026-03-29 17:39:56","\N"
"2828c034-f1fe-4f26-9807-8cfe87875bd7","813e3d5e-c917-5fc2-b22f-e7e2f9986b3b","c7711037-50af-4748-b003-f806cf00eff7","/marjork/","site_loaded","device","mobile","\N","\N","1","2026-03-26 14:18:20","\N"
"2828c034-f1fe-4f26-9807-8cfe87875bd7","813e3d5e-c917-5fc2-b22f-e7e2f9986b3b","c7711037-50af-4748-b003-f806cf00eff7","/marjork/","site_loaded","theme","art","\N","\N","1","2026-03-26 14:18:20","\N"
"2828c034-f1fe-4f26-9807-8cfe87875bd7","246a559e-739a-5015-b87d-f7efd8232d47","9e6de08b-6259-405a-b006-fa1aebb87cfd","/","kiss_button_sink","strokes","1.0000","1","\N","2","2026-04-06 01:59:09","\N"
"2828c034-f1fe-4f26-9807-8cfe87875bd7","077f0d8e-5d16-5095-a857-6b0ac492be65","7dd7bc83-1e3c-4388-b00a-add7f52c7b66","/","theme_change","theme","retro","\N","\N","1","2026-03-31 02:08:23","\N"
"2828c034-f1fe-4f26-9807-8cfe87875bd7","9883fd71-1911-5c3f-aa8c-dd7814cff2e1","0e2fe36b-7fd3-4e3b-b01e-b5a55af3e8ac","/marjork/","theme_applied","theme","retro","\N","\N","1","2026-03-25 21:03:23","\N"
"2828c034-f1fe-4f26-9807-8cfe87875bd7","f1c09ba6-70e8-5185-a799-35e47a95338e","e4378817-1a7c-4abb-b028-17f75c11779b","/","outbound_link_click","href","https://stats.fm/marjork","\N","\N","1","2026-04-06 16:40:40","\N"
"2828c034-f1fe-4f26-9807-8cfe87875bd7","f1c09ba6-70e8-5185-a799-35e47a95338e","e4378817-1a7c-4abb-b028-17f75c11779b","/","outbound_link_click","label","statsfm","\N","\N","1","2026-04-06 16:40:40","\N"
"2828c034-f1fe-4f26-9807-8cfe87875bd7","99c7f38f-e9cb-5db6-aa27-7bf634850975","78e492aa-9dae-4827-b031-a0a2bee30515","/","theme_change","theme","space","\N","\N","1","2026-04-08 20:06:07","\N"
"2828c034-f1fe-4f26-9807-8cfe87875bd7","c8c65918-057e-54ec-a2fc-a3e8251ea550","88ac1dd5-f545-4a75-b032-2cdc69c99d6d","/","kiss_button_click","message","☀️ solnyshko ☀️","\N","\N","1","2026-04-02 03:41:10","\N"
"2828c034-f1fe-4f26-9807-8cfe87875bd7","e49600f9-686d-5ecb-8605-8ff883585c39","67e9b781-f4ce-4160-b035-f5c6d6039874","/marjork/","theme_applied","theme","retro","\N","\N","1","2026-03-25 21:04:23","\N"
"2828c034-f1fe-4f26-9807-8cfe87875bd7","1d98c125-7d6d-5c19-b4de-596ad35c6621","73095292-6f35-4974-b04b-26856aed39a3","/","kiss_button_click","message","я тебя люблю!","\N","\N","1","2026-04-20 22:04:18","\N"
"2828c034-f1fe-4f26-9807-8cfe87875bd7","c8c65918-057e-54ec-a2fc-a3e8251ea550","327ddc1f-be23-4988-b06d-6eb617cd3225","/","photo_click","file","blindingportal.jpg","\N","\N","1","2026-04-02 03:41:22","\N"
"2828c034-f1fe-4f26-9807-8cfe87875bd7","c8c65918-057e-54ec-a2fc-a3e8251ea550","327ddc1f-be23-4988-b06d-6eb617cd3225","/","photo_click","theme","space","\N","\N","1","2026-04-02 03:41:22","\N"
"2828c034-f1fe-4f26-9807-8cfe87875bd7","fd00b46b-4a43-57f7-b6cd-5ed59ead3b4d","3f0cb5ba-886f-4b87-b06d-d0cfa467752a","/","kiss_button_click","message","я тебя люблю!","\N","\N","1","2026-04-20 14:56:20","\N"
"2828c034-f1fe-4f26-9807-8cfe87875bd7","bb2aa133-1e29-5b6b-836b-0e755cc7a4de","c15da747-f432-4f9d-b079-9f36bb2b9244","/","theme_change","theme","space","\N","\N","1","2026-04-14 18:50:30","\N"
"2828c034-f1fe-4f26-9807-8cfe87875bd7","85ea8f79-1315-5115-879b-56d993592575","fa950928-a19d-4ed7-b07b-6b5f1a7ed5d5","/marjork/","kiss_button_click","message","я тебя люблю!","\N","\N","1","2026-03-26 14:18:04","\N"
"2828c034-f1fe-4f26-9807-8cfe87875bd7","b18dae6c-cf08-54e0-9d94-26d680929abc","e516fe77-ee72-4924-b09e-f551e380b868","/","theme_change","theme","glitch","\N","\N","1","2026-04-05 06:32:00","\N"
"2828c034-f1fe-4f26-9807-8cfe87875bd7","25b2a635-2f4d-56ed-aa34-c2fd729ccd69","a0386e82-aa1b-4777-b0a3-61fab06e4c80","/","kiss_button_click","message","☀️ solnyshko ☀️","\N","\N","1","2026-04-11 07:03:14","\N"
"2828c034-f1fe-4f26-9807-8cfe87875bd7","c367eed8-83a7-5473-be6b-a04a68b1f85b","ab5d9780-9a87-4682-b0c4-a8eff732d84f","/","kiss_button_click","message","Horse Balls!","\N","\N","1","2026-03-31 03:15:00","\N"
"2828c034-f1fe-4f26-9807-8cfe87875bd7","1d98c125-7d6d-5c19-b4de-596ad35c6621","af872e45-5e2f-4e6f-b0d4-2f647dde40e2","/","kiss_button_click","message","☀️ solnyshko ☀️","\N","\N","1","2026-04-20 22:04:22","\N"
"2828c034-f1fe-4f26-9807-8cfe87875bd7","64c86340-52ae-5ad4-a308-5635595f1ec0","5ee31d17-9368-4a1d-b0dd-e25bef5da6ab","/","music_player_open","shuffled","false","\N","\N","3","2026-03-27 15:03:47","\N"
"2828c034-f1fe-4f26-9807-8cfe87875bd7","64c86340-52ae-5ad4-a308-5635595f1ec0","5ee31d17-9368-4a1d-b0dd-e25bef5da6ab","/","music_player_open","track","Candy","\N","\N","1","2026-03-27 15:03:47","\N"
"2828c034-f1fe-4f26-9807-8cfe87875bd7","90c4cd37-e4f7-5ec1-9135-6609eaba1e00","a6b2d72f-0acf-4710-b0e2-0119231f2010","/","kiss_button_click","message","u get it","\N","\N","1","2026-04-22 16:19:34","\N"
"2828c034-f1fe-4f26-9807-8cfe87875bd7","1d98c125-7d6d-5c19-b4de-596ad35c6621","df62915d-cd54-4dec-b0e2-442be1802663","/","kiss_button_click","message","☀️ solnyshko ☀️","\N","\N","1","2026-04-20 22:04:25","\N"
"2828c034-f1fe-4f26-9807-8cfe87875bd7","0890b3f2-ecd0-555a-b71a-14dc53287067","0de7f2a3-11c8-4571-b0ec-e85fbb31d578","/","photo_click","file","blindingportal.jpg","\N","\N","1","2026-04-18 16:29:59","\N"
"2828c034-f1fe-4f26-9807-8cfe87875bd7","0890b3f2-ecd0-555a-b71a-14dc53287067","0de7f2a3-11c8-4571-b0ec-e85fbb31d578","/","photo_click","theme","space","\N","\N","1","2026-04-18 16:29:59","\N"
"2828c034-f1fe-4f26-9807-8cfe87875bd7","b18dae6c-cf08-54e0-9d94-26d680929abc","ad0fa0c2-f11d-41b6-b10d-a460af289643","/","photo_click","file","roll_03_(12).jpg","\N","\N","1","2026-04-05 06:32:10","\N"
"2828c034-f1fe-4f26-9807-8cfe87875bd7","b18dae6c-cf08-54e0-9d94-26d680929abc","ad0fa0c2-f11d-41b6-b10d-a460af289643","/","photo_click","theme","retro","\N","\N","1","2026-04-05 06:32:10","\N"
"2828c034-f1fe-4f26-9807-8cfe87875bd7","0cedf043-d098-59b2-8279-fbe59fa052ef","9e6bab92-d416-4ab0-b13c-4fffee998b81","/","kiss_button_click","message","☀️ solnyshko ☀️","\N","\N","1","2026-04-18 16:29:07","\N"
"2828c034-f1fe-4f26-9807-8cfe87875bd7","9d7d40e7-2bfa-5ea6-82cb-8bb78a5aa52d","17128969-2c15-48b3-b13d-f14743d00a72","/","photo_click","file","DUDEHELLOCAMERON.jpg","\N","\N","1","2026-03-31 18:50:28","\N"
"2828c034-f1fe-4f26-9807-8cfe87875bd7","9d7d40e7-2bfa-5ea6-82cb-8bb78a5aa52d","17128969-2c15-48b3-b13d-f14743d00a72","/","photo_click","theme","art","\N","\N","1","2026-03-31 18:50:28","\N"
"2828c034-f1fe-4f26-9807-8cfe87875bd7","c8c65918-057e-54ec-a2fc-a3e8251ea550","7bba0372-4651-4f92-b147-44aa10ea9d49","/","kiss_button_sink","strokes","1.0000","1","\N","2","2026-04-02 03:41:21","\N"
"2828c034-f1fe-4f26-9807-8cfe87875bd7","bde2252f-00fc-58df-9642-78a68cbb03b7","45a9f8ec-82e1-4a42-b14b-f5068faad63a","/marjork/","kiss_button_click","message","i love you!","\N","\N","1","2026-03-26 18:29:00","\N"
"2828c034-f1fe-4f26-9807-8cfe87875bd7","85ea8f79-1315-5115-879b-56d993592575","be5d3248-f196-44b0-b155-69a4ea02e6f7","/marjork/","theme_applied","theme","art","\N","\N","1","2026-03-26 14:17:46","\N"
"2828c034-f1fe-4f26-9807-8cfe87875bd7","5648a2d6-74ad-59fb-a1e0-ad02fca6b6a1","8a4e7b34-ea80-4605-b160-2f79fdf322c6","/","kiss_button_click","message","i love you!","\N","\N","1","2026-04-07 12:25:28","\N"
"2828c034-f1fe-4f26-9807-8cfe87875bd7","94527d57-831e-53e5-a2cb-7053686b6aad","187b6620-5aff-4f04-b161-5eb6efe83b37","/","kiss_button_click","message","Horse Balls!","\N","\N","1","2026-04-07 14:32:27","\N"
"2828c034-f1fe-4f26-9807-8cfe87875bd7","4dc98cd8-cea8-504c-b0ec-09c78b4f0cd8","5d45074b-1f66-4212-b16d-edd853c93733","/","theme_change","theme","rain","\N","\N","1","2026-04-16 13:22:10","\N"
"2828c034-f1fe-4f26-9807-8cfe87875bd7","bdd1b7fa-3c9f-5a6f-81da-ac77d94565aa","6c8f0563-3fbc-44d5-b175-a0798f73971c","/","kiss_button_click","message","красивая!","\N","\N","1","2026-04-01 02:54:48","\N"
"2828c034-f1fe-4f26-9807-8cfe87875bd7","638bbfd5-19e3-5f6c-b373-ff2cbae92226","400ce547-4a51-4cd1-b178-5601c5500fa3","/","photo_click","file","roll_03_(12).jpg","\N","\N","1","2026-04-14 03:49:18","\N"
"2828c034-f1fe-4f26-9807-8cfe87875bd7","638bbfd5-19e3-5f6c-b373-ff2cbae92226","400ce547-4a51-4cd1-b178-5601c5500fa3","/","photo_click","theme","retro","\N","\N","1","2026-04-14 03:49:18","\N"
"2828c034-f1fe-4f26-9807-8cfe87875bd7","09612782-2686-5fc3-a1b3-42244a1ab1ae","49727c98-fabc-4212-b17b-b3cc34b36b20","/","theme_change","theme","rain","\N","\N","1","2026-04-02 17:47:43","\N"
"2828c034-f1fe-4f26-9807-8cfe87875bd7","bdd1b7fa-3c9f-5a6f-81da-ac77d94565aa","c8f3c08b-291f-42be-b17f-dbd3740aeb51","/","photo_click","file","quandry-02.jpg","\N","\N","1","2026-04-01 02:54:36","\N"
"2828c034-f1fe-4f26-9807-8cfe87875bd7","bdd1b7fa-3c9f-5a6f-81da-ac77d94565aa","c8f3c08b-291f-42be-b17f-dbd3740aeb51","/","photo_click","theme","art","\N","\N","1","2026-04-01 02:54:36","\N"
"2828c034-f1fe-4f26-9807-8cfe87875bd7","f3b0523d-2f36-5016-9f21-04bfbc85b825","e9cfe4ab-956c-4697-b19a-5a9415aac942","/","kiss_button_click","message","☀️ solnyshko ☀️","\N","\N","1","2026-04-18 06:38:24","\N"
"2828c034-f1fe-4f26-9807-8cfe87875bd7","253aa391-feb0-5ad0-8599-5e13e3081db4","89437e3d-53dd-454e-b19d-f17c64cde428","/marjork/","outbound_link_click","url","https://kritiquekapital.github.io/marjork/?utm_source=ig&utm_medium=social&utm_content=link_in_bio&fbclid=PAZXh0bgNhZW0CMTEAc3J0YwZhcHBfaWQPMTI0MDI0NTc0Mjg3NDE0AAGnARIDFXQlQ3a1sXGGP5DoSp6o8eU7Lsv_4l4LPFikt3VLMyGf3i8Sf6JwDsw_aem_GF8-Z7NcbmgYojkVlylPBw#","\N","\N","1","2026-03-24 22:00:19","\N"
"2828c034-f1fe-4f26-9807-8cfe87875bd7","4dc98cd8-cea8-504c-b0ec-09c78b4f0cd8","0cd9162b-41b6-4408-b19f-a7d8e04590ad","/","kiss_button_click","message","я тебя люблю!","\N","\N","1","2026-04-16 13:21:21","\N"
"2828c034-f1fe-4f26-9807-8cfe87875bd7","aa559316-35a0-5b49-9694-44f566967710","ba800f4a-d32f-4380-b1c9-48cadd077107","/","theme_change","theme","retro","\N","\N","1","2026-04-04 22:22:53","\N"
"2828c034-f1fe-4f26-9807-8cfe87875bd7","09612782-2686-5fc3-a1b3-42244a1ab1ae","386f757a-4c52-4794-b1e2-581846dd41dd","/","theme_change","theme","art","\N","\N","1","2026-04-02 20:44:21","\N"
"2828c034-f1fe-4f26-9807-8cfe87875bd7","f650e13b-d9a5-5a8f-a757-137e7f4ac365","d4f9adfc-8877-4a7a-b206-2138d3643207","/","theme_change","theme","rain","\N","\N","1","2026-04-19 01:18:21","\N"
"2828c034-f1fe-4f26-9807-8cfe87875bd7","3231d4cd-4876-56ec-ad0b-7a7cbf512f4b","46545610-7b2c-4208-b207-8ed4dc60b682","/","theme_change","theme","retro","\N","\N","1","2026-04-13 14:05:42","\N"
"2828c034-f1fe-4f26-9807-8cfe87875bd7","e49600f9-686d-5ecb-8605-8ff883585c39","7bada7f0-c2cf-4cc3-b21d-ae0d3cbeb89b","/marjork/","kiss_button_click","message","☀️ solnyshko ☀️","\N","\N","1","2026-03-25 21:04:06","\N"
"2828c034-f1fe-4f26-9807-8cfe87875bd7","f55c8253-c6fb-5c5f-9d87-741699120d68","68d486cb-734e-44bb-b21d-fb4df09c87e3","/","kiss_button_click","message","красивая!","\N","\N","1","2026-03-29 17:40:11","\N"
"2828c034-f1fe-4f26-9807-8cfe87875bd7","f650e13b-d9a5-5a8f-a757-137e7f4ac365","8981dbc4-220b-49df-b22d-c1a8cf28b3e7","/","theme_change","theme","glitch","\N","\N","1","2026-04-19 01:18:28","\N"
"2828c034-f1fe-4f26-9807-8cfe87875bd7","bdd1b7fa-3c9f-5a6f-81da-ac77d94565aa","5d5724ee-e522-495c-b22f-ebb9902f98ed","/","kiss_button_click","message","Horse Balls!","\N","\N","1","2026-04-01 02:54:43","\N"
"2828c034-f1fe-4f26-9807-8cfe87875bd7","638bbfd5-19e3-5f6c-b373-ff2cbae92226","69fe61a8-fac2-4ae7-b24c-9d01f2acf37d","/","theme_change","theme","art","\N","\N","1","2026-04-14 03:49:21","\N"
"2828c034-f1fe-4f26-9807-8cfe87875bd7","777dea63-1b1c-5871-9b23-38f9067d5744","283fbc8e-1cfd-4d5d-b25e-ec058f96ea87","/","theme_change","theme","retro","\N","\N","1","2026-04-08 14:52:52","\N"
"2828c034-f1fe-4f26-9807-8cfe87875bd7","ebb35ab8-4982-5d40-91d0-ee9f83d1355a","136c81e7-9b13-474c-b27c-4fea7764526b","/","photo_click","file","roll_03_(21).jpg","\N","\N","1","2026-04-05 00:32:19","\N"
"2828c034-f1fe-4f26-9807-8cfe87875bd7","ebb35ab8-4982-5d40-91d0-ee9f83d1355a","136c81e7-9b13-474c-b27c-4fea7764526b","/","photo_click","theme","retro","\N","\N","1","2026-04-05 00:32:19","\N"
"2828c034-f1fe-4f26-9807-8cfe87875bd7","c8c65918-057e-54ec-a2fc-a3e8251ea550","7ed3a382-be08-49f6-b27d-0107e3a150ea","/","kiss_button_click","message","я тебя люблю!","\N","\N","1","2026-04-02 03:40:53","\N"
"2828c034-f1fe-4f26-9807-8cfe87875bd7","2cda690d-b3ac-5557-b2d2-bcd946ffaceb","e3fe0c3c-ef03-4e6e-b28a-5c6c9d20b2d6","/","outbound_link_click","href","https://letterboxd.com/marjork/","\N","\N","1","2026-04-13 03:10:00","\N"
"2828c034-f1fe-4f26-9807-8cfe87875bd7","2cda690d-b3ac-5557-b2d2-bcd946ffaceb","e3fe0c3c-ef03-4e6e-b28a-5c6c9d20b2d6","/","outbound_link_click","label","letterboxd","\N","\N","1","2026-04-13 03:10:00","\N"
"2828c034-f1fe-4f26-9807-8cfe87875bd7","c8c65918-057e-54ec-a2fc-a3e8251ea550","fb53ec89-d572-4452-b29f-97b0f6ba6991","/","kiss_button_click","message","Horse Balls!","\N","\N","1","2026-04-02 03:40:53","\N"
"2828c034-f1fe-4f26-9807-8cfe87875bd7","99c7f38f-e9cb-5db6-aa27-7bf634850975","2171bc2b-df6b-460d-b2bc-b8800130fb03","/","outbound_link_click","href","https://dropkickd.com/profile/majork","\N","\N","1","2026-04-08 20:06:25","\N"
"2828c034-f1fe-4f26-9807-8cfe87875bd7","99c7f38f-e9cb-5db6-aa27-7bf634850975","2171bc2b-df6b-460d-b2bc-b8800130fb03","/","outbound_link_click","label","dropkickd-button","\N","\N","1","2026-04-08 20:06:25","\N"
"2828c034-f1fe-4f26-9807-8cfe87875bd7","1d98c125-7d6d-5c19-b4de-596ad35c6621","5efe155c-7eaf-4674-b2c1-2a6ee095241c","/","music_player_open","shuffled","false","\N","\N","3","2026-04-20 22:04:08","\N"
"2828c034-f1fe-4f26-9807-8cfe87875bd7","1d98c125-7d6d-5c19-b4de-596ad35c6621","5efe155c-7eaf-4674-b2c1-2a6ee095241c","/","music_player_open","track","Candy","\N","\N","1","2026-04-20 22:04:08","\N"
"2828c034-f1fe-4f26-9807-8cfe87875bd7","ba1782d2-9b66-5a3d-9560-86f627dec2d2","54e8ae53-778f-4ccd-b2cb-0e62e673fff9","/","theme_change","theme","retro","\N","\N","1","2026-04-11 17:53:15","\N"
"2828c034-f1fe-4f26-9807-8cfe87875bd7","f650e13b-d9a5-5a8f-a757-137e7f4ac365","5fca1193-2ee8-41ff-b2cb-917f039140f5","/","theme_change","theme","retro","\N","\N","1","2026-04-19 01:18:30","\N"
"2828c034-f1fe-4f26-9807-8cfe87875bd7","221b3cea-2057-5621-a6f3-9cf7e48321f1","1d1ff873-c227-45e3-b2d2-8e44954a6764","/","theme_change","theme","retro","\N","\N","1","2026-04-04 12:46:03","\N"
"2828c034-f1fe-4f26-9807-8cfe87875bd7","246a559e-739a-5015-b87d-f7efd8232d47","a64c2321-a654-4de0-b2df-12b5d219105f","/","kiss_button_click","message","красивая!","\N","\N","1","2026-04-06 01:59:08","\N"
"2828c034-f1fe-4f26-9807-8cfe87875bd7","2083e73f-8bab-55e9-a06b-c5c7ee620543","ce4c3198-ce3d-4c96-b2df-9df815bed1b7","/","theme_change","theme","retro","\N","\N","1","2026-04-07 02:08:59","\N"
"2828c034-f1fe-4f26-9807-8cfe87875bd7","e49600f9-686d-5ecb-8605-8ff883585c39","93a34313-534f-4342-b2eb-825dedf747ce","/marjork/","photo_click","file","quandry-03.jpg","\N","\N","1","2026-03-25 21:04:13","\N"
"2828c034-f1fe-4f26-9807-8cfe87875bd7","e49600f9-686d-5ecb-8605-8ff883585c39","93a34313-534f-4342-b2eb-825dedf747ce","/marjork/","photo_click","theme","retro","\N","\N","1","2026-03-25 21:04:13","\N"
"2828c034-f1fe-4f26-9807-8cfe87875bd7","c8c65918-057e-54ec-a2fc-a3e8251ea550","56aa8bce-dc8c-472f-b2fa-5e72157e90c1","/","kiss_button_sink","strokes","1.0000","1","\N","2","2026-04-02 03:41:18","\N"
"2828c034-f1fe-4f26-9807-8cfe87875bd7","25b2a635-2f4d-56ed-aa34-c2fd729ccd69","f543e0ba-fe56-4c0c-b317-f282b4b4117a","/","theme_change","theme","space","\N","\N","1","2026-04-11 07:03:03","\N"
"2828c034-f1fe-4f26-9807-8cfe87875bd7","ebb35ab8-4982-5d40-91d0-ee9f83d1355a","9dcabe85-c304-46ef-b321-2ea2b6bf304d","/","photo_click","file","roll_03_(28).jpg","\N","\N","1","2026-04-05 00:32:22","\N"
"2828c034-f1fe-4f26-9807-8cfe87875bd7","ebb35ab8-4982-5d40-91d0-ee9f83d1355a","9dcabe85-c304-46ef-b321-2ea2b6bf304d","/","photo_click","theme","retro","\N","\N","1","2026-04-05 00:32:22","\N"
"2828c034-f1fe-4f26-9807-8cfe87875bd7","f55c8253-c6fb-5c5f-9d87-741699120d68","8bee2bce-5485-411e-b321-55e30028fe67","/","photo_click","file","cordes en boyaux.png","\N","\N","1","2026-03-29 17:39:53","\N"
"2828c034-f1fe-4f26-9807-8cfe87875bd7","f55c8253-c6fb-5c5f-9d87-741699120d68","8bee2bce-5485-411e-b321-55e30028fe67","/","photo_click","theme","rain","\N","\N","1","2026-03-29 17:39:53","\N"
"2828c034-f1fe-4f26-9807-8cfe87875bd7","1d98c125-7d6d-5c19-b4de-596ad35c6621","048d4eb6-9d01-4707-b330-80bf78a1a10f","/","kiss_button_click","message","i love you!","\N","\N","1","2026-04-20 22:04:25","\N"
"2828c034-f1fe-4f26-9807-8cfe87875bd7","bdd1b7fa-3c9f-5a6f-81da-ac77d94565aa","5868a003-6f62-4a9e-b335-d1a75fd5eb9d","/","photo_click","file","quandry-01.jpg","\N","\N","1","2026-04-01 02:54:35","\N"
"2828c034-f1fe-4f26-9807-8cfe87875bd7","bdd1b7fa-3c9f-5a6f-81da-ac77d94565aa","5868a003-6f62-4a9e-b335-d1a75fd5eb9d","/","photo_click","theme","art","\N","\N","1","2026-04-01 02:54:35","\N"
"2828c034-f1fe-4f26-9807-8cfe87875bd7","54b0dbf9-3759-520f-b4d4-a08447c4d3d1","7404cef3-7445-4428-b346-aa240162b1fa","/","kiss_button_click","message","u get it","\N","\N","1","2026-03-28 15:30:45","\N"
"2828c034-f1fe-4f26-9807-8cfe87875bd7","3e030920-d267-5e87-b488-aad1467f7a6b","79725135-4725-407c-b359-219cd0662bee","/marjork/","site_loaded","device","mobile","\N","\N","1","2026-03-25 02:47:05","\N"
"2828c034-f1fe-4f26-9807-8cfe87875bd7","3e030920-d267-5e87-b488-aad1467f7a6b","79725135-4725-407c-b359-219cd0662bee","/marjork/","site_loaded","theme","retro","\N","\N","1","2026-03-25 02:47:05","\N"
"2828c034-f1fe-4f26-9807-8cfe87875bd7","e49600f9-686d-5ecb-8605-8ff883585c39","ad7e3004-6dfe-4af8-b35d-cc0d0ad0138a","/marjork/","photo_click","file","quandry-03.jpg","\N","\N","1","2026-03-25 21:04:24","\N"
"2828c034-f1fe-4f26-9807-8cfe87875bd7","e49600f9-686d-5ecb-8605-8ff883585c39","ad7e3004-6dfe-4af8-b35d-cc0d0ad0138a","/marjork/","photo_click","theme","art","\N","\N","1","2026-03-25 21:04:24","\N"
"2828c034-f1fe-4f26-9807-8cfe87875bd7","e49600f9-686d-5ecb-8605-8ff883585c39","c1b3d2ec-37c2-471c-b35e-6fb08ec39eb2","/marjork/","photo_click","file","quandry-03.jpg","\N","\N","1","2026-03-25 21:04:26","\N"
"2828c034-f1fe-4f26-9807-8cfe87875bd7","e49600f9-686d-5ecb-8605-8ff883585c39","c1b3d2ec-37c2-471c-b35e-6fb08ec39eb2","/marjork/","photo_click","theme","art","\N","\N","1","2026-03-25 21:04:26","\N"
"2828c034-f1fe-4f26-9807-8cfe87875bd7","9883fd71-1911-5c3f-aa8c-dd7814cff2e1","b57e7816-da6e-4e43-b36d-d512eb68491f","/marjork/","photo_click","file","DUDEHELLOCAMERON.jpg","\N","\N","1","2026-03-25 21:02:22","\N"
"2828c034-f1fe-4f26-9807-8cfe87875bd7","9883fd71-1911-5c3f-aa8c-dd7814cff2e1","b57e7816-da6e-4e43-b36d-d512eb68491f","/marjork/","photo_click","theme","retro","\N","\N","1","2026-03-25 21:02:22","\N"
"2828c034-f1fe-4f26-9807-8cfe87875bd7","9883fd71-1911-5c3f-aa8c-dd7814cff2e1","6ef18956-5b69-42e2-b382-9be6eafee0c2","/marjork/","kiss_button_sink","strokes","1.0000","1","\N","2","2026-03-25 21:03:27","\N"
"2828c034-f1fe-4f26-9807-8cfe87875bd7","adc0c2fb-aa5d-59b1-bed5-c29346e2a1b5","05b93b2a-d089-4ed2-b387-61eb779beeab","/","kiss_button_click","message","☀️ solnyshko ☀️","\N","\N","1","2026-04-13 16:32:53","\N"
"2828c034-f1fe-4f26-9807-8cfe87875bd7","0890b3f2-ecd0-555a-b71a-14dc53287067","f3aa794b-cda9-45ef-b390-ab72056d752e","/","outbound_link_click","href","https://x.com/cameron_glhf","\N","\N","1","2026-04-18 16:30:05","\N"
"2828c034-f1fe-4f26-9807-8cfe87875bd7","0890b3f2-ecd0-555a-b71a-14dc53287067","f3aa794b-cda9-45ef-b390-ab72056d752e","/","outbound_link_click","label","twitter","\N","\N","1","2026-04-18 16:30:05","\N"
"2828c034-f1fe-4f26-9807-8cfe87875bd7","4dc98cd8-cea8-504c-b0ec-09c78b4f0cd8","0029e3a8-ec28-4441-b396-060390b34946","/","photo_click","file","industry.jpg","\N","\N","1","2026-04-16 14:21:41","\N"
"2828c034-f1fe-4f26-9807-8cfe87875bd7","4dc98cd8-cea8-504c-b0ec-09c78b4f0cd8","0029e3a8-ec28-4441-b396-060390b34946","/","photo_click","theme","glitch","\N","\N","1","2026-04-16 14:21:41","\N"
"2828c034-f1fe-4f26-9807-8cfe87875bd7","e49600f9-686d-5ecb-8605-8ff883585c39","65680f85-fc7d-4ece-b3a0-9eff05bef52a","/marjork/","theme_applied","theme","art","\N","\N","1","2026-03-25 21:04:23","\N"
"2828c034-f1fe-4f26-9807-8cfe87875bd7","09612782-2686-5fc3-a1b3-42244a1ab1ae","ed27e39b-5098-4def-b3b3-3a4e267c4bc3","/","theme_change","theme","retro","\N","\N","1","2026-04-02 17:48:05","\N"
"2828c034-f1fe-4f26-9807-8cfe87875bd7","b18dae6c-cf08-54e0-9d94-26d680929abc","70aa9ccb-8648-4785-b3b6-86422ed202c4","/","photo_click","file","blindingportal.jpg","\N","\N","1","2026-04-05 06:32:05","\N"
"2828c034-f1fe-4f26-9807-8cfe87875bd7","b18dae6c-cf08-54e0-9d94-26d680929abc","70aa9ccb-8648-4785-b3b6-86422ed202c4","/","photo_click","theme","glitch","\N","\N","1","2026-04-05 06:32:05","\N"
"2828c034-f1fe-4f26-9807-8cfe87875bd7","85ea8f79-1315-5115-879b-56d993592575","01e246f7-6572-44b8-b3c4-067ce8f695f8","/marjork/","site_loaded","device","mobile","\N","\N","1","2026-03-26 18:28:34","\N"
"2828c034-f1fe-4f26-9807-8cfe87875bd7","85ea8f79-1315-5115-879b-56d993592575","01e246f7-6572-44b8-b3c4-067ce8f695f8","/marjork/","site_loaded","theme","art","\N","\N","1","2026-03-26 18:28:34","\N"
"2828c034-f1fe-4f26-9807-8cfe87875bd7","c367eed8-83a7-5473-be6b-a04a68b1f85b","b3620754-ec7a-45c1-b3cf-0b6d0bb1a02a","/","kiss_button_click","message","красивая!","\N","\N","1","2026-03-31 03:15:28","\N"
"2828c034-f1fe-4f26-9807-8cfe87875bd7","e49600f9-686d-5ecb-8605-8ff883585c39","454bae04-5d14-43d8-b3d7-b245a0770dea","/marjork/","kiss_button_click","message","я тебя люблю!","\N","\N","1","2026-03-25 21:04:08","\N"
"2828c034-f1fe-4f26-9807-8cfe87875bd7","4dc98cd8-cea8-504c-b0ec-09c78b4f0cd8","02b9192b-46d1-4b83-b3da-6088b918b473","/","kiss_button_click","message","я тебя люблю!","\N","\N","1","2026-04-16 13:21:51","\N"
"2828c034-f1fe-4f26-9807-8cfe87875bd7","c8c65918-057e-54ec-a2fc-a3e8251ea550","0c54e39f-ce94-4904-b3e1-862a1c0d2261","/","minesweeper_open","difficulty","easy","\N","\N","1","2026-04-02 03:42:09","\N"
"2828c034-f1fe-4f26-9807-8cfe87875bd7","7e5dc743-a78e-5397-a0b1-a5bb2ef351cd","9b66d52f-dd87-415a-b3ec-2cb35d9472cc","/","theme_change","theme","retro","\N","\N","1","2026-04-04 04:42:41","\N"
"2828c034-f1fe-4f26-9807-8cfe87875bd7","64c86340-52ae-5ad4-a308-5635595f1ec0","969161cf-0efe-4841-b3fb-370ed5da97de","/","kiss_button_click","message","красивая!","\N","\N","1","2026-03-27 15:03:40","\N"
"2828c034-f1fe-4f26-9807-8cfe87875bd7","0890b3f2-ecd0-555a-b71a-14dc53287067","5094f70a-ee28-4c50-b406-ae98396780ed","/","photo_click","file","DUDEHELLOCAMERON.jpg","\N","\N","1","2026-04-18 16:29:55","\N"
"2828c034-f1fe-4f26-9807-8cfe87875bd7","0890b3f2-ecd0-555a-b71a-14dc53287067","5094f70a-ee28-4c50-b406-ae98396780ed","/","photo_click","theme","art","\N","\N","1","2026-04-18 16:29:55","\N"
"2828c034-f1fe-4f26-9807-8cfe87875bd7","4dc98cd8-cea8-504c-b0ec-09c78b4f0cd8","7e46e7bb-47e1-43dc-b426-d63968af7a5e","/","kiss_button_click","message","☀️ solnyshko ☀️","\N","\N","1","2026-04-16 13:21:23","\N"
"2828c034-f1fe-4f26-9807-8cfe87875bd7","9883fd71-1911-5c3f-aa8c-dd7814cff2e1","2284f70e-e4fb-4d3f-b428-00eaae965a82","/marjork/","photo_click","file","quandry-04.jpg","\N","\N","1","2026-03-25 21:03:19","\N"
"2828c034-f1fe-4f26-9807-8cfe87875bd7","9883fd71-1911-5c3f-aa8c-dd7814cff2e1","2284f70e-e4fb-4d3f-b428-00eaae965a82","/marjork/","photo_click","theme","retro","\N","\N","1","2026-03-25 21:03:19","\N"
"2828c034-f1fe-4f26-9807-8cfe87875bd7","bdd1b7fa-3c9f-5a6f-81da-ac77d94565aa","6d5a5fa0-2e7f-4ffe-b435-2f894a301730","/","kiss_button_click","message","красивая!","\N","\N","1","2026-04-01 02:54:41","\N"
"2828c034-f1fe-4f26-9807-8cfe87875bd7","ebb35ab8-4982-5d40-91d0-ee9f83d1355a","9d78a849-cad1-42ce-b466-3c9c7a78ec3e","/","theme_change","theme","space","\N","\N","1","2026-04-05 00:32:44","\N"
"2828c034-f1fe-4f26-9807-8cfe87875bd7","2f2a7739-d4b7-50f1-ae63-5994dcbb21d8","93e0de12-fb8f-40c9-b469-4a18584741e7","/","theme_change","theme","retro","\N","\N","1","2026-04-09 04:03:21","\N"
"2828c034-f1fe-4f26-9807-8cfe87875bd7","69053fb6-90d2-5dc4-8296-2ebd43068145","011c662f-4fcc-42b0-b469-be014a84dba1","/","theme_change","theme","glitch","\N","\N","1","2026-04-12 15:06:25","\N"
"2828c034-f1fe-4f26-9807-8cfe87875bd7","26f573b2-0d60-5774-91e8-7f399ed39637","cf360989-8e82-4284-b46e-eb3c4c1d7d11","/","kiss_button_sink","strokes","1.0000","1","\N","2","2026-04-03 16:43:13","\N"
"2828c034-f1fe-4f26-9807-8cfe87875bd7","9d7d40e7-2bfa-5ea6-82cb-8bb78a5aa52d","361415a5-0056-4c7a-b47a-a142680d008d","/","photo_click","file","quandry-02.jpg","\N","\N","1","2026-03-31 18:50:31","\N"
"2828c034-f1fe-4f26-9807-8cfe87875bd7","9d7d40e7-2bfa-5ea6-82cb-8bb78a5aa52d","361415a5-0056-4c7a-b47a-a142680d008d","/","photo_click","theme","art","\N","\N","1","2026-03-31 18:50:31","\N"
"2828c034-f1fe-4f26-9807-8cfe87875bd7","b3cf28a3-b41b-5a41-a660-8fa2c402c33d","6654180c-dae1-4a5f-b47e-b480b0031395","/","kiss_button_click","message","u get it","\N","\N","1","2026-04-01 14:36:41","\N"
"2828c034-f1fe-4f26-9807-8cfe87875bd7","e49600f9-686d-5ecb-8605-8ff883585c39","be3f923a-4e3b-49f0-b495-7131acef39f6","/marjork/","photo_click","file","quandry-07.jpg","\N","\N","1","2026-03-25 21:04:19","\N"
"2828c034-f1fe-4f26-9807-8cfe87875bd7","e49600f9-686d-5ecb-8605-8ff883585c39","be3f923a-4e3b-49f0-b495-7131acef39f6","/marjork/","photo_click","theme","retro","\N","\N","1","2026-03-25 21:04:19","\N"
"2828c034-f1fe-4f26-9807-8cfe87875bd7","bde2252f-00fc-58df-9642-78a68cbb03b7","1b4c3a9a-d900-4d2c-b49a-ed435b44c95c","/marjork/","kiss_button_click","message","красивая!","\N","\N","1","2026-03-26 18:29:05","\N"
"2828c034-f1fe-4f26-9807-8cfe87875bd7","25b2a635-2f4d-56ed-aa34-c2fd729ccd69","581297a0-108f-4ea5-b49f-136171bc4448","/","kiss_button_sink","strokes","1.0000","1","\N","2","2026-04-11 07:03:08","\N"
"2828c034-f1fe-4f26-9807-8cfe87875bd7","6a2761dd-1040-5751-992a-f15dc82ad7e1","6b847f0b-20ca-494b-b4ac-396da764b3b4","/","kiss_button_click","message","u get it","\N","\N","1","2026-03-28 22:58:07","\N"
"2828c034-f1fe-4f26-9807-8cfe87875bd7","4dc98cd8-cea8-504c-b0ec-09c78b4f0cd8","d9db075c-5bc4-4549-b4b1-018407a72f47","/","photo_click","file","roll_03_(12).jpg","\N","\N","1","2026-04-16 13:21:17","\N"
"2828c034-f1fe-4f26-9807-8cfe87875bd7","4dc98cd8-cea8-504c-b0ec-09c78b4f0cd8","d9db075c-5bc4-4549-b4b1-018407a72f47","/","photo_click","theme","retro","\N","\N","1","2026-04-16 13:21:17","\N"
"2828c034-f1fe-4f26-9807-8cfe87875bd7","0c0e2f59-a0b4-53fd-8f09-9f5d9bf666dc","690f41b5-c38f-438f-b4b2-8a1783a55dd7","/","theme_change","theme","retro","\N","\N","1","2026-03-28 16:22:27","\N"
"2828c034-f1fe-4f26-9807-8cfe87875bd7","85ea8f79-1315-5115-879b-56d993592575","d1eb8d55-0d9c-4a20-b4b3-3279f8f9086f","/marjork/","photo_click","file","quandry-01.jpg","\N","\N","1","2026-03-26 18:28:39","\N"
"2828c034-f1fe-4f26-9807-8cfe87875bd7","85ea8f79-1315-5115-879b-56d993592575","d1eb8d55-0d9c-4a20-b4b3-3279f8f9086f","/marjork/","photo_click","theme","art","\N","\N","1","2026-03-26 18:28:39","\N"
"2828c034-f1fe-4f26-9807-8cfe87875bd7","ebb35ab8-4982-5d40-91d0-ee9f83d1355a","2bb73d04-65c3-4fcb-b4e4-492b0d5c6945","/","theme_change","theme","retro","\N","\N","1","2026-04-05 00:32:46","\N"
"2828c034-f1fe-4f26-9807-8cfe87875bd7","6a2761dd-1040-5751-992a-f15dc82ad7e1","3ca701b2-2df1-4ce8-b4f2-b4163be334b7","/","kiss_button_click","message","красивая!","\N","\N","1","2026-03-28 22:58:01","\N"
"2828c034-f1fe-4f26-9807-8cfe87875bd7","c367eed8-83a7-5473-be6b-a04a68b1f85b","bf22f33b-8cc9-4972-b501-e9312e8751e7","/","kiss_button_click","message","u get it","\N","\N","1","2026-03-31 03:14:59","\N"
"2828c034-f1fe-4f26-9807-8cfe87875bd7","bb2aa133-1e29-5b6b-836b-0e755cc7a4de","15ccf283-729d-40dc-b503-6536b408bf69","/","theme_change","theme","art","\N","\N","1","2026-04-14 18:49:28","\N"
"2828c034-f1fe-4f26-9807-8cfe87875bd7","9883fd71-1911-5c3f-aa8c-dd7814cff2e1","6918b6e5-cef3-4166-b511-5ee337a78f2a","/marjork/","kiss_button_click","message","красивая!","\N","\N","1","2026-03-25 21:02:47","\N"
"2828c034-f1fe-4f26-9807-8cfe87875bd7","2aa69ec0-1c59-5c0e-a6ea-1f6b94da2ef0","587adf7b-5966-4959-b511-dd7096ad47e1","/","outbound_link_click","href","javascript:void(0);","\N","\N","1","2026-04-20 04:14:20","\N"
"2828c034-f1fe-4f26-9807-8cfe87875bd7","2aa69ec0-1c59-5c0e-a6ea-1f6b94da2ef0","587adf7b-5966-4959-b511-dd7096ad47e1","/","outbound_link_click","label","vinyl-link","\N","\N","1","2026-04-20 04:14:20","\N"
"2828c034-f1fe-4f26-9807-8cfe87875bd7","aa559316-35a0-5b49-9694-44f566967710","25dcef50-04c2-43b9-b544-10fcab992cfc","/","theme_change","theme","retro","\N","\N","1","2026-04-18 09:22:12","\N"
"2828c034-f1fe-4f26-9807-8cfe87875bd7","4dc98cd8-cea8-504c-b0ec-09c78b4f0cd8","62f33533-1811-4059-b546-02a76b416771","/","kiss_button_click","message","я тебя люблю!","\N","\N","1","2026-04-16 13:21:24","\N"
"2828c034-f1fe-4f26-9807-8cfe87875bd7","9701140d-7f36-5085-857f-78a05d60da97","20e5a05c-d4d0-4d99-b549-6f620b0018be","/","site_loaded","device","desktop","\N","\N","1","2026-03-27 20:12:00","\N"
"2828c034-f1fe-4f26-9807-8cfe87875bd7","9701140d-7f36-5085-857f-78a05d60da97","20e5a05c-d4d0-4d99-b549-6f620b0018be","/","site_loaded","theme","retro","\N","\N","1","2026-03-27 20:12:00","\N"
"2828c034-f1fe-4f26-9807-8cfe87875bd7","54b0dbf9-3759-520f-b4d4-a08447c4d3d1","79b7fa62-e20f-4e7c-b556-1beac91c0f69","/","photo_click","file","twice.jpg","\N","\N","1","2026-03-28 15:30:24","\N"
"2828c034-f1fe-4f26-9807-8cfe87875bd7","54b0dbf9-3759-520f-b4d4-a08447c4d3d1","79b7fa62-e20f-4e7c-b556-1beac91c0f69","/","photo_click","theme","space","\N","\N","1","2026-03-28 15:30:24","\N"
"2828c034-f1fe-4f26-9807-8cfe87875bd7","246a559e-739a-5015-b87d-f7efd8232d47","f6f61427-e792-4405-b55e-abf823da462e","/","theme_change","theme","art","\N","\N","1","2026-04-06 01:59:06","\N"
"2828c034-f1fe-4f26-9807-8cfe87875bd7","bea3a4e2-9373-53d6-b3ea-29b1ea17bc29","e177acf1-207c-4f3a-b56c-705ee31d61b6","/","theme_applied","theme","retro","\N","\N","1","2026-03-27 19:37:52","\N"
"2828c034-f1fe-4f26-9807-8cfe87875bd7","2aa69ec0-1c59-5c0e-a6ea-1f6b94da2ef0","6b6ed2ef-b0b7-4957-b570-91eb33964e98","/","kiss_button_sink","strokes","2.0000","2","\N","2","2026-04-20 04:11:20","\N"
"2828c034-f1fe-4f26-9807-8cfe87875bd7","25b2a635-2f4d-56ed-aa34-c2fd729ccd69","541af468-4e61-4b0d-b573-901d4acc465c","/","theme_change","theme","rain","\N","\N","1","2026-04-11 07:03:11","\N"
"2828c034-f1fe-4f26-9807-8cfe87875bd7","bde2252f-00fc-58df-9642-78a68cbb03b7","b4a1b2ea-5192-442b-b591-ef08377e173b","/marjork/","kiss_button_click","message","я тебя люблю!","\N","\N","1","2026-03-26 18:30:25","\N"
"2828c034-f1fe-4f26-9807-8cfe87875bd7","9883fd71-1911-5c3f-aa8c-dd7814cff2e1","779451ee-2f5f-481b-b592-b020d2b52a4d","/marjork/","photo_click","file","quandry-01.jpg","\N","\N","1","2026-03-25 21:02:37","\N"
"2828c034-f1fe-4f26-9807-8cfe87875bd7","9883fd71-1911-5c3f-aa8c-dd7814cff2e1","779451ee-2f5f-481b-b592-b020d2b52a4d","/marjork/","photo_click","theme","retro","\N","\N","1","2026-03-25 21:02:37","\N"
"2828c034-f1fe-4f26-9807-8cfe87875bd7","ebb35ab8-4982-5d40-91d0-ee9f83d1355a","813b1245-9ac6-4d36-b594-40b63346f5f2","/","photo_click","file","roll_03_(22).jpg","\N","\N","1","2026-04-05 00:32:19","\N"
"2828c034-f1fe-4f26-9807-8cfe87875bd7","ebb35ab8-4982-5d40-91d0-ee9f83d1355a","813b1245-9ac6-4d36-b594-40b63346f5f2","/","photo_click","theme","retro","\N","\N","1","2026-04-05 00:32:19","\N"
"2828c034-f1fe-4f26-9807-8cfe87875bd7","25b2a635-2f4d-56ed-aa34-c2fd729ccd69","95de5aeb-8ff6-42f9-b5ad-b96fb35cc916","/","kiss_button_click","message","u get it","\N","\N","1","2026-04-11 07:03:13","\N"
"2828c034-f1fe-4f26-9807-8cfe87875bd7","ebb35ab8-4982-5d40-91d0-ee9f83d1355a","d7c4aafa-92e7-4bdd-b5bc-df283ced5be1","/","theme_change","theme","space","\N","\N","1","2026-04-05 00:32:32","\N"
"2828c034-f1fe-4f26-9807-8cfe87875bd7","b3cf28a3-b41b-5a41-a660-8fa2c402c33d","96441dce-f16f-471b-b5c6-d8f3172bd442","/","kiss_button_click","message","i love you!","\N","\N","1","2026-04-01 14:36:36","\N"
"2828c034-f1fe-4f26-9807-8cfe87875bd7","253aa391-feb0-5ad0-8599-5e13e3081db4","29e6b7bd-010e-495a-b5d5-4356a9fec886","/marjork/","outbound_link_click","url","https://kritiquekapital.github.io/marjork/?utm_source=ig&utm_medium=social&utm_content=link_in_bio&fbclid=PAZXh0bgNhZW0CMTEAc3J0YwZhcHBfaWQPMTI0MDI0NTc0Mjg3NDE0AAGnARIDFXQlQ3a1sXGGP5DoSp6o8eU7Lsv_4l4LPFikt3VLMyGf3i8Sf6JwDsw_aem_GF8-Z7NcbmgYojkVlylPBw#","\N","\N","1","2026-03-24 22:00:18","\N"
"2828c034-f1fe-4f26-9807-8cfe87875bd7","665fba9d-3d55-5334-8d22-2ff825b9f6fd","5363fb2b-8fad-44d3-b5db-5876854c5f74","/","theme_change","theme","glitch","\N","\N","1","2026-04-24 20:35:49","\N"
"2828c034-f1fe-4f26-9807-8cfe87875bd7","11aea3e2-959a-51ed-8246-a59ba5226399","ae18bd3d-7030-499f-b5dc-040cc8603413","/","theme_change","theme","retro","\N","\N","1","2026-04-03 12:43:35","\N"
"2828c034-f1fe-4f26-9807-8cfe87875bd7","e49600f9-686d-5ecb-8605-8ff883585c39","c2fa15d6-a751-46bd-b5fa-681d99848b03","/marjork/","music_player_open","shuffled","false","\N","\N","3","2026-03-25 21:04:16","\N"
"2828c034-f1fe-4f26-9807-8cfe87875bd7","e49600f9-686d-5ecb-8605-8ff883585c39","c2fa15d6-a751-46bd-b5fa-681d99848b03","/marjork/","music_player_open","track","Candy","\N","\N","1","2026-03-25 21:04:16","\N"
"2828c034-f1fe-4f26-9807-8cfe87875bd7","4dc98cd8-cea8-504c-b0ec-09c78b4f0cd8","924c3e9c-e8a6-4780-b5fe-1d3876629bdc","/","outbound_link_click","href","https://kritiquekapital.com","\N","\N","1","2026-04-16 13:14:00","\N"
"2828c034-f1fe-4f26-9807-8cfe87875bd7","4dc98cd8-cea8-504c-b0ec-09c78b4f0cd8","924c3e9c-e8a6-4780-b5fe-1d3876629bdc","/","outbound_link_click","label","substack-button","\N","\N","1","2026-04-16 13:14:00","\N"
"2828c034-f1fe-4f26-9807-8cfe87875bd7","ebb35ab8-4982-5d40-91d0-ee9f83d1355a","6c793809-5049-437e-b61f-b410c12a91a2","/","photo_click","file","crowdd.png","\N","\N","1","2026-04-05 00:32:35","\N"
"2828c034-f1fe-4f26-9807-8cfe87875bd7","ebb35ab8-4982-5d40-91d0-ee9f83d1355a","6c793809-5049-437e-b61f-b410c12a91a2","/","photo_click","theme","rain","\N","\N","1","2026-04-05 00:32:35","\N"
"2828c034-f1fe-4f26-9807-8cfe87875bd7","25b2a635-2f4d-56ed-aa34-c2fd729ccd69","c05359d8-a35e-4fc0-b62c-8a2a4cc2f707","/","outbound_link_click","href","https://letterboxd.com/marjork/","\N","\N","1","2026-04-11 07:03:20","\N"
"2828c034-f1fe-4f26-9807-8cfe87875bd7","25b2a635-2f4d-56ed-aa34-c2fd729ccd69","c05359d8-a35e-4fc0-b62c-8a2a4cc2f707","/","outbound_link_click","label","letterboxd","\N","\N","1","2026-04-11 07:03:20","\N"
"2828c034-f1fe-4f26-9807-8cfe87875bd7","09612782-2686-5fc3-a1b3-42244a1ab1ae","1ffc4600-49b1-4eac-b62f-4789030dc845","/","kiss_button_click","message","u get it","\N","\N","1","2026-04-02 17:48:03","\N"
"2828c034-f1fe-4f26-9807-8cfe87875bd7","246a559e-739a-5015-b87d-f7efd8232d47","54be8750-76e5-41c0-b647-dc65d4cf4127","/","photo_click","file","roll_03_(15).jpg","\N","\N","1","2026-04-06 01:59:02","\N"
"2828c034-f1fe-4f26-9807-8cfe87875bd7","246a559e-739a-5015-b87d-f7efd8232d47","54be8750-76e5-41c0-b647-dc65d4cf4127","/","photo_click","theme","retro","\N","\N","1","2026-04-06 01:59:02","\N"
"2828c034-f1fe-4f26-9807-8cfe87875bd7","1d98c125-7d6d-5c19-b4de-596ad35c6621","6bf17de3-d138-4c1d-b657-d93186f01d9b","/","photo_click","file","roll_03_(12).jpg","\N","\N","1","2026-04-20 22:04:18","\N"
"2828c034-f1fe-4f26-9807-8cfe87875bd7","1d98c125-7d6d-5c19-b4de-596ad35c6621","6bf17de3-d138-4c1d-b657-d93186f01d9b","/","photo_click","theme","retro","\N","\N","1","2026-04-20 22:04:18","\N"
"2828c034-f1fe-4f26-9807-8cfe87875bd7","f6870d7c-1a03-5edc-aa63-87b0d5555e8d","311ba590-6c23-48d0-b661-f5ecafe3b1c8","/","theme_change","theme","retro","\N","\N","1","2026-04-01 05:39:05","\N"
"2828c034-f1fe-4f26-9807-8cfe87875bd7","b3cf28a3-b41b-5a41-a660-8fa2c402c33d","98f284ac-2d24-4763-b674-1f26a20f865e","/","kiss_button_click","message","u get it","\N","\N","1","2026-04-01 14:36:43","\N"
"2828c034-f1fe-4f26-9807-8cfe87875bd7","54b0dbf9-3759-520f-b4d4-a08447c4d3d1","0464400a-6c8b-4415-b679-83c86cbe30fb","/","kiss_button_click","message","я тебя люблю!","\N","\N","1","2026-03-28 15:30:48","\N"
"2828c034-f1fe-4f26-9807-8cfe87875bd7","0754bc0a-5658-5922-a095-77c091db43ef","82f7c700-7369-43de-b67f-794ac5add531","/","outbound_link_click","href","https://kritiquekapital.com","\N","\N","1","2026-04-27 00:14:34","\N"
"2828c034-f1fe-4f26-9807-8cfe87875bd7","0754bc0a-5658-5922-a095-77c091db43ef","82f7c700-7369-43de-b67f-794ac5add531","/","outbound_link_click","label","substack-button","\N","\N","1","2026-04-27 00:14:34","\N"
"2828c034-f1fe-4f26-9807-8cfe87875bd7","6a2761dd-1040-5751-992a-f15dc82ad7e1","0cacfea8-a449-4315-b689-4ba8b9c17297","/","kiss_button_click","message","Horse Balls!","\N","\N","1","2026-03-28 22:58:05","\N"
"2828c034-f1fe-4f26-9807-8cfe87875bd7","aa559316-35a0-5b49-9694-44f566967710","66dff996-2452-4236-b6a8-0861325c0156","/","theme_change","theme","retro","\N","\N","1","2026-04-14 05:21:47","\N"
"2828c034-f1fe-4f26-9807-8cfe87875bd7","6a2761dd-1040-5751-992a-f15dc82ad7e1","09ee61c0-2a64-4505-b6c4-bce3dadf5d33","/","kiss_button_click","message","u get it","\N","\N","1","2026-03-28 22:58:06","\N"
"2828c034-f1fe-4f26-9807-8cfe87875bd7","1d98c125-7d6d-5c19-b4de-596ad35c6621","d34b578c-ca9e-4cca-b6d8-42928f2ecc4b","/","outbound_link_click","href","https://invite.duolingo.com/BDHTZTB5CWWKTAEVODZTZEGOCM","\N","\N","1","2026-04-20 22:04:33","\N"
"2828c034-f1fe-4f26-9807-8cfe87875bd7","1d98c125-7d6d-5c19-b4de-596ad35c6621","d34b578c-ca9e-4cca-b6d8-42928f2ecc4b","/","outbound_link_click","label","duolingo opened-this-session","\N","\N","1","2026-04-20 22:04:33","\N"
"2828c034-f1fe-4f26-9807-8cfe87875bd7","c8c805cb-6250-5b50-8f4f-94f4c9fc7789","f41b5de0-8301-4964-b6dc-6f7023250ff4","/","theme_change","theme","retro","\N","\N","1","2026-04-10 02:31:56","\N"
"2828c034-f1fe-4f26-9807-8cfe87875bd7","f55c8253-c6fb-5c5f-9d87-741699120d68","6642c667-1c61-4128-b6e7-4826883b56a4","/","photo_click","file","DUDEHELLOCAMERON.jpg","\N","\N","1","2026-03-29 17:40:01","\N"
"2828c034-f1fe-4f26-9807-8cfe87875bd7","f55c8253-c6fb-5c5f-9d87-741699120d68","6642c667-1c61-4128-b6e7-4826883b56a4","/","photo_click","theme","art","\N","\N","1","2026-03-29 17:40:01","\N"
"2828c034-f1fe-4f26-9807-8cfe87875bd7","aa559316-35a0-5b49-9694-44f566967710","49d9c571-79b4-4d9e-b6fb-fa344c9bcf96","/","theme_change","theme","retro","\N","\N","1","2026-04-03 20:23:52","\N"
"2828c034-f1fe-4f26-9807-8cfe87875bd7","c8c65918-057e-54ec-a2fc-a3e8251ea550","e8936905-f93f-432c-b70d-64401b15938c","/","kiss_button_click","message","i love you!","\N","\N","1","2026-04-02 03:40:59","\N"
"2828c034-f1fe-4f26-9807-8cfe87875bd7","e49600f9-686d-5ecb-8605-8ff883585c39","27b5ae72-f464-4946-b71b-06b93a9a2409","/marjork/","photo_click","file","quandry-02.jpg","\N","\N","1","2026-03-25 21:03:59","\N"
"2828c034-f1fe-4f26-9807-8cfe87875bd7","e49600f9-686d-5ecb-8605-8ff883585c39","27b5ae72-f464-4946-b71b-06b93a9a2409","/marjork/","photo_click","theme","retro","\N","\N","1","2026-03-25 21:03:59","\N"
"2828c034-f1fe-4f26-9807-8cfe87875bd7","ebb35ab8-4982-5d40-91d0-ee9f83d1355a","ef215858-756b-48fd-b71d-71b22f4621c1","/","theme_change","theme","glitch","\N","\N","1","2026-04-05 00:32:45","\N"
"2828c034-f1fe-4f26-9807-8cfe87875bd7","ebb35ab8-4982-5d40-91d0-ee9f83d1355a","cf7c6e7e-ddf7-4857-b733-f9180453c4e1","/","kiss_button_click","message","☀️ solnyshko ☀️","\N","\N","1","2026-04-05 00:32:10","\N"
"2828c034-f1fe-4f26-9807-8cfe87875bd7","b3cf28a3-b41b-5a41-a660-8fa2c402c33d","7c7e8777-90f5-4a5f-b73c-a535291f461c","/","kiss_button_click","message","я тебя люблю!","\N","\N","1","2026-04-01 14:36:34","\N"
"2828c034-f1fe-4f26-9807-8cfe87875bd7","bb2aa133-1e29-5b6b-836b-0e755cc7a4de","bcb91da7-6d18-47b2-b742-6d2a1a1e8d0e","/","kiss_button_click","message","☀️ solnyshko ☀️","\N","\N","1","2026-04-14 18:50:35","\N"
"2828c034-f1fe-4f26-9807-8cfe87875bd7","3e030920-d267-5e87-b488-aad1467f7a6b","9564d5fd-1fb7-4d1d-b745-1b67de896b2d","/marjork/","outbound_link_click","label","spotify free fleeing","\N","\N","1","2026-03-25 02:47:19","\N"
"2828c034-f1fe-4f26-9807-8cfe87875bd7","3e030920-d267-5e87-b488-aad1467f7a6b","9564d5fd-1fb7-4d1d-b745-1b67de896b2d","/marjork/","outbound_link_click","url","https://open.spotify.com/user/31m6yxbmqxjd6zq3eg6kk3aefuae","\N","\N","1","2026-03-25 02:47:19","\N"
"2828c034-f1fe-4f26-9807-8cfe87875bd7","c367eed8-83a7-5473-be6b-a04a68b1f85b","b2a9ec10-abeb-4e3f-b770-5d82c2e052d4","/","kiss_button_click","message","u get it","\N","\N","1","2026-03-31 03:15:18","\N"
"2828c034-f1fe-4f26-9807-8cfe87875bd7","f55c8253-c6fb-5c5f-9d87-741699120d68","cb1e2855-de55-4794-b775-e5b41cdb67c9","/","photo_click","file","twice.jpg","\N","\N","1","2026-03-29 17:39:50","\N"
"2828c034-f1fe-4f26-9807-8cfe87875bd7","f55c8253-c6fb-5c5f-9d87-741699120d68","cb1e2855-de55-4794-b775-e5b41cdb67c9","/","photo_click","theme","space","\N","\N","1","2026-03-29 17:39:50","\N"
"2828c034-f1fe-4f26-9807-8cfe87875bd7","678e6dca-17f7-5140-8f77-46901caf30e7","7f6a1926-592d-4ef2-b77e-6c7e445e363f","/","theme_change","theme","retro","\N","\N","1","2026-04-20 04:11:02","\N"
"2828c034-f1fe-4f26-9807-8cfe87875bd7","64c86340-52ae-5ad4-a308-5635595f1ec0","2f8b4a5e-c92a-4cf2-b7b7-0faa3471d59a","/","kiss_button_click","message","Horse Balls!","\N","\N","1","2026-03-27 15:03:37","\N"
"2828c034-f1fe-4f26-9807-8cfe87875bd7","9883fd71-1911-5c3f-aa8c-dd7814cff2e1","44ee2d20-b717-4d9b-b7bf-445589692ff6","/marjork/","kiss_button_click","message","i love you!","\N","\N","1","2026-03-25 21:02:32","\N"
"2828c034-f1fe-4f26-9807-8cfe87875bd7","8b623f28-fe75-5c6d-b4e3-16dabd3ff1a2","65d9c4f6-8ea2-4c77-b7c2-48306f4281c4","/","theme_applied","theme","retro","\N","\N","1","2026-03-28 01:38:02","\N"
"2828c034-f1fe-4f26-9807-8cfe87875bd7","9883fd71-1911-5c3f-aa8c-dd7814cff2e1","4b696290-b088-4961-b7d0-9ce5d3107e4a","/marjork/","kiss_button_click","message","Horse Balls!","\N","\N","1","2026-03-25 21:03:26","\N"
"2828c034-f1fe-4f26-9807-8cfe87875bd7","9d7d40e7-2bfa-5ea6-82cb-8bb78a5aa52d","743fe8a3-2d50-468e-b7d4-fb435b0b834b","/","theme_change","theme","art","\N","\N","1","2026-03-31 18:50:20","\N"
"2828c034-f1fe-4f26-9807-8cfe87875bd7","f650e13b-d9a5-5a8f-a757-137e7f4ac365","158c2563-7a4d-443d-b7d6-32309cecf8d8","/","photo_click","file","crowdd.png","\N","\N","1","2026-04-19 01:18:28","\N"
"2828c034-f1fe-4f26-9807-8cfe87875bd7","f650e13b-d9a5-5a8f-a757-137e7f4ac365","158c2563-7a4d-443d-b7d6-32309cecf8d8","/","photo_click","theme","rain","\N","\N","1","2026-04-19 01:18:28","\N"
"2828c034-f1fe-4f26-9807-8cfe87875bd7","e49600f9-686d-5ecb-8605-8ff883585c39","a562021d-a8db-4907-b808-7f0d84fc41dc","/marjork/","photo_click","file","quandry-05.jpg","\N","\N","1","2026-03-25 21:04:24","\N"
"2828c034-f1fe-4f26-9807-8cfe87875bd7","e49600f9-686d-5ecb-8605-8ff883585c39","a562021d-a8db-4907-b808-7f0d84fc41dc","/marjork/","photo_click","theme","art","\N","\N","1","2026-03-25 21:04:24","\N"
"2828c034-f1fe-4f26-9807-8cfe87875bd7","b18dae6c-cf08-54e0-9d94-26d680929abc","e4fd6f3a-48cd-465c-b81b-67e269cf3d29","/","kiss_button_sink","strokes","7.0000","7","\N","2","2026-04-05 06:31:59","\N"
"2828c034-f1fe-4f26-9807-8cfe87875bd7","85ea8f79-1315-5115-879b-56d993592575","dd8cb510-0cab-4e23-b834-892967da2113","/marjork/","theme_applied","theme","art","\N","\N","1","2026-03-26 18:28:34","\N"
"2828c034-f1fe-4f26-9807-8cfe87875bd7","90c4cd37-e4f7-5ec1-9135-6609eaba1e00","d2861730-5b12-4045-b86d-bf7a774a78af","/","outbound_link_click","href","https://kritiquekapital.com","\N","\N","1","2026-04-22 16:19:42","\N"
"2828c034-f1fe-4f26-9807-8cfe87875bd7","90c4cd37-e4f7-5ec1-9135-6609eaba1e00","d2861730-5b12-4045-b86d-bf7a774a78af","/","outbound_link_click","label","substack-button","\N","\N","1","2026-04-22 16:19:42","\N"
"2828c034-f1fe-4f26-9807-8cfe87875bd7","2aa69ec0-1c59-5c0e-a6ea-1f6b94da2ef0","46ee8350-bff5-4965-b879-65aad157295c","/","photo_click","file","quandry-02.jpg","\N","\N","1","2026-04-20 04:11:22","\N"
"2828c034-f1fe-4f26-9807-8cfe87875bd7","2aa69ec0-1c59-5c0e-a6ea-1f6b94da2ef0","46ee8350-bff5-4965-b879-65aad157295c","/","photo_click","theme","art","\N","\N","1","2026-04-20 04:11:22","\N"
"2828c034-f1fe-4f26-9807-8cfe87875bd7","6a2761dd-1040-5751-992a-f15dc82ad7e1","e03cf595-8a83-481d-b899-14a5c81db24c","/","kiss_button_click","message","u get it","\N","\N","1","2026-03-28 22:57:57","\N"
"2828c034-f1fe-4f26-9807-8cfe87875bd7","77259a96-cf14-57ce-bdd4-7c0039f4b6b6","d114037f-b6c9-4480-b8a2-5e330a4ade23","/","theme_change","theme","retro","\N","\N","1","2026-04-21 14:05:33","\N"
"2828c034-f1fe-4f26-9807-8cfe87875bd7","253aa391-feb0-5ad0-8599-5e13e3081db4","e200e604-2cf6-4e54-b8a3-1c26e7f244ca","/marjork/","theme_applied","theme","retro","\N","\N","1","2026-03-24 22:00:01","\N"
"2828c034-f1fe-4f26-9807-8cfe87875bd7","e49600f9-686d-5ecb-8605-8ff883585c39","e8f5ecc8-33dd-43e9-b8ba-9cbacccbb527","/marjork/","kiss_button_click","message","Horse Balls!","\N","\N","1","2026-03-25 21:04:08","\N"
"2828c034-f1fe-4f26-9807-8cfe87875bd7","09612782-2686-5fc3-a1b3-42244a1ab1ae","b5ca0558-6071-414c-b8eb-a84cd4d1981f","/","photo_click","file","DUDEHELLOCAMERON.jpg","\N","\N","1","2026-04-02 20:44:23","\N"
"2828c034-f1fe-4f26-9807-8cfe87875bd7","09612782-2686-5fc3-a1b3-42244a1ab1ae","b5ca0558-6071-414c-b8eb-a84cd4d1981f","/","photo_click","theme","art","\N","\N","1","2026-04-02 20:44:23","\N"
"2828c034-f1fe-4f26-9807-8cfe87875bd7","5fea088f-2388-5ec6-babf-bc211bf852de","c75d894a-c548-4f00-b8f2-6401d3040376","/","outbound_link_click","href","https://letterboxd.com/marjork/","\N","\N","1","2026-04-09 16:34:25","\N"
"2828c034-f1fe-4f26-9807-8cfe87875bd7","5fea088f-2388-5ec6-babf-bc211bf852de","c75d894a-c548-4f00-b8f2-6401d3040376","/","outbound_link_click","label","letterboxd","\N","\N","1","2026-04-09 16:34:25","\N"
"2828c034-f1fe-4f26-9807-8cfe87875bd7","b18dae6c-cf08-54e0-9d94-26d680929abc","d9f3fb04-ec0d-41ad-b911-b74ada885183","/","theme_change","theme","art","\N","\N","1","2026-04-05 06:31:53","\N"
"2828c034-f1fe-4f26-9807-8cfe87875bd7","9883fd71-1911-5c3f-aa8c-dd7814cff2e1","c00f76d1-07c8-4624-b917-bd632875d8ba","/marjork/","site_loaded","device","mobile","\N","\N","1","2026-03-25 21:02:18","\N"
"2828c034-f1fe-4f26-9807-8cfe87875bd7","9883fd71-1911-5c3f-aa8c-dd7814cff2e1","c00f76d1-07c8-4624-b917-bd632875d8ba","/marjork/","site_loaded","theme","retro","\N","\N","1","2026-03-25 21:02:18","\N"
"2828c034-f1fe-4f26-9807-8cfe87875bd7","09612782-2686-5fc3-a1b3-42244a1ab1ae","550a1de1-56f3-4788-b928-33de84259ade","/","minesweeper_open","difficulty","easy","\N","\N","1","2026-04-02 20:44:36","\N"
"2828c034-f1fe-4f26-9807-8cfe87875bd7","bb2aa133-1e29-5b6b-836b-0e755cc7a4de","c341c5f4-d4c7-4178-b928-dbee959186ba","/","theme_change","theme","retro","\N","\N","1","2026-04-14 18:50:40","\N"
"2828c034-f1fe-4f26-9807-8cfe87875bd7","9d32600d-49f2-5170-b075-17d9e11e332f","bb8ba012-dbf1-456c-b92b-1f8257500ffc","/","theme_change","theme","retro","\N","\N","1","2026-04-23 11:21:25","\N"
"2828c034-f1fe-4f26-9807-8cfe87875bd7","aa559316-35a0-5b49-9694-44f566967710","2693d0b5-bf8f-40c5-b92b-d99d8b7e067f","/","theme_change","theme","retro","\N","\N","1","2026-04-12 03:23:43","\N"
"2828c034-f1fe-4f26-9807-8cfe87875bd7","3e030920-d267-5e87-b488-aad1467f7a6b","8738894c-289e-4fe6-b954-cf259acfc105","/marjork/","kiss_button_click","message","я тебя люблю!","\N","\N","1","2026-03-25 02:47:09","\N"
"2828c034-f1fe-4f26-9807-8cfe87875bd7","54b0dbf9-3759-520f-b4d4-a08447c4d3d1","b375234c-cd61-447f-b992-db413cf0d0ee","/","kiss_button_sink","strokes","1.0000","1","\N","2","2026-03-28 15:30:29","\N"
"2828c034-f1fe-4f26-9807-8cfe87875bd7","69053fb6-90d2-5dc4-8296-2ebd43068145","d347ec15-84ab-479f-b9ad-2c62209c4605","/","kiss_button_click","message","Horse Balls!","\N","\N","1","2026-04-12 15:06:24","\N"
"2828c034-f1fe-4f26-9807-8cfe87875bd7","638bbfd5-19e3-5f6c-b373-ff2cbae92226","a53f3d6e-8117-4c21-b9b2-2be36d1d4412","/","photo_click","file","roll_03_(15).jpg","\N","\N","1","2026-04-14 03:49:18","\N"
"2828c034-f1fe-4f26-9807-8cfe87875bd7","638bbfd5-19e3-5f6c-b373-ff2cbae92226","a53f3d6e-8117-4c21-b9b2-2be36d1d4412","/","photo_click","theme","retro","\N","\N","1","2026-04-14 03:49:18","\N"
"2828c034-f1fe-4f26-9807-8cfe87875bd7","c367eed8-83a7-5473-be6b-a04a68b1f85b","2e756359-dc24-46ef-b9eb-1bf56aa0ea2c","/","kiss_button_sink","strokes","9.0000","9","\N","2","2026-03-31 03:15:07","\N"
"2828c034-f1fe-4f26-9807-8cfe87875bd7","5648a2d6-74ad-59fb-a1e0-ad02fca6b6a1","f242a641-556f-41c4-b9fc-bb7f674013e1","/","theme_change","theme","retro","\N","\N","1","2026-04-07 12:25:28","\N"
"2828c034-f1fe-4f26-9807-8cfe87875bd7","731862d2-90d4-544a-8c66-5d4a9183ed30","d291aaec-a619-4f9a-ba08-fbe9bf48bb6b","/marjork/","kiss_button_click","message","красивая!","\N","\N","1","2026-03-26 03:38:58","\N"
"2828c034-f1fe-4f26-9807-8cfe87875bd7","f6870d7c-1a03-5edc-aa63-87b0d5555e8d","20d210cd-e4c7-4745-ba0b-9550b8fd0818","/","theme_change","theme","retro","\N","\N","1","2026-04-01 05:39:06","\N"
"2828c034-f1fe-4f26-9807-8cfe87875bd7","dbff2ab0-95d9-53cc-9a77-b79410c4c08a","455ed397-4c98-45ea-ba10-6d3eda7f94cc","/","theme_change","theme","retro","\N","\N","1","2026-04-02 07:30:38","\N"
"2828c034-f1fe-4f26-9807-8cfe87875bd7","4dc98cd8-cea8-504c-b0ec-09c78b4f0cd8","320f1f7b-6045-404a-ba16-ad748aa1af57","/","theme_change","theme","rain","\N","\N","1","2026-04-16 13:21:57","\N"
"2828c034-f1fe-4f26-9807-8cfe87875bd7","0890b3f2-ecd0-555a-b71a-14dc53287067","efb0b1e3-97ed-47a2-ba48-def1dd6bf8ca","/","photo_click","file","roll_03_(11).jpg","\N","\N","1","2026-04-18 16:29:52","\N"
"2828c034-f1fe-4f26-9807-8cfe87875bd7","0890b3f2-ecd0-555a-b71a-14dc53287067","efb0b1e3-97ed-47a2-ba48-def1dd6bf8ca","/","photo_click","theme","retro","\N","\N","1","2026-04-18 16:29:52","\N"
"2828c034-f1fe-4f26-9807-8cfe87875bd7","ebb35ab8-4982-5d40-91d0-ee9f83d1355a","8b2b49f1-b806-45f2-ba4b-1058009d43cb","/","theme_change","theme","rain","\N","\N","1","2026-04-05 00:32:33","\N"
"2828c034-f1fe-4f26-9807-8cfe87875bd7","1d98c125-7d6d-5c19-b4de-596ad35c6621","b6ed48c9-ad76-473f-ba5c-41cfe6c6e8c5","/","kiss_button_click","message","u get it","\N","\N","1","2026-04-20 22:04:20","\N"
"2828c034-f1fe-4f26-9807-8cfe87875bd7","9883fd71-1911-5c3f-aa8c-dd7814cff2e1","3d32d966-ef7a-420f-ba5f-554e7a2a750c","/marjork/","photo_click","file","quandry-02.jpg","\N","\N","1","2026-03-25 21:03:18","\N"
"2828c034-f1fe-4f26-9807-8cfe87875bd7","9883fd71-1911-5c3f-aa8c-dd7814cff2e1","3d32d966-ef7a-420f-ba5f-554e7a2a750c","/marjork/","photo_click","theme","retro","\N","\N","1","2026-03-25 21:03:18","\N"
"2828c034-f1fe-4f26-9807-8cfe87875bd7","c367eed8-83a7-5473-be6b-a04a68b1f85b","83ebf1af-ecbe-4dd8-ba77-deb24dcfd3df","/","kiss_button_click","message","u get it","\N","\N","1","2026-03-31 03:15:12","\N"
"2828c034-f1fe-4f26-9807-8cfe87875bd7","bde2252f-00fc-58df-9642-78a68cbb03b7","6ef09405-58f5-49a8-ba78-5fc98411e351","/marjork/","kiss_button_click","message","красивая!","\N","\N","1","2026-03-26 18:29:16","\N"
"2828c034-f1fe-4f26-9807-8cfe87875bd7","6a2761dd-1040-5751-992a-f15dc82ad7e1","f6f28004-a545-4d6b-ba81-4d87110abb8a","/","kiss_button_click","message","☀️ solnyshko ☀️","\N","\N","1","2026-03-28 22:57:54","\N"
"2828c034-f1fe-4f26-9807-8cfe87875bd7","0890b3f2-ecd0-555a-b71a-14dc53287067","5784b739-81f8-43e5-ba8c-56c6d56ac791","/","theme_change","theme","art","\N","\N","1","2026-04-18 16:29:54","\N"
"2828c034-f1fe-4f26-9807-8cfe87875bd7","56c150b1-9751-59d5-84f9-c6eda4186342","86a6759e-8641-4c20-ba8c-a3d3ef58a83c","/","outbound_link_click","href","https://open.spotify.com/user/31m6yxbmqxjd6zq3eg6kk3aefuae","\N","\N","1","2026-04-07 19:37:18","\N"
"2828c034-f1fe-4f26-9807-8cfe87875bd7","56c150b1-9751-59d5-84f9-c6eda4186342","86a6759e-8641-4c20-ba8c-a3d3ef58a83c","/","outbound_link_click","label","spotify free fleeing","\N","\N","1","2026-04-07 19:37:18","\N"
"2828c034-f1fe-4f26-9807-8cfe87875bd7","ebb35ab8-4982-5d40-91d0-ee9f83d1355a","0ccaec77-881f-4f9a-ba92-6a7f08449fca","/","theme_change","theme","rain","\N","\N","1","2026-04-05 00:32:45","\N"
"2828c034-f1fe-4f26-9807-8cfe87875bd7","bdd1b7fa-3c9f-5a6f-81da-ac77d94565aa","0111b48d-28e7-4d64-ba9b-6f429c295e4a","/","kiss_button_click","message","я тебя люблю!","\N","\N","1","2026-04-01 02:54:44","\N"
"2828c034-f1fe-4f26-9807-8cfe87875bd7","e12cf0de-874a-5a91-a28f-56901db73c1b","565faded-7138-4756-ba9d-796ef5f380a6","/","theme_change","theme","retro","\N","\N","1","2026-03-31 02:07:36","\N"
"2828c034-f1fe-4f26-9807-8cfe87875bd7","0b297f0b-ac33-5d97-a2af-72fe3c72dd9f","883b1fa8-504c-48fb-bab6-e953d9e0bb35","/","kiss_button_click","message","u get it","\N","\N","1","2026-04-20 18:38:59","\N"
"2828c034-f1fe-4f26-9807-8cfe87875bd7","bde2252f-00fc-58df-9642-78a68cbb03b7","7582df1b-a3b1-4241-bace-bf74894733e5","/marjork/","kiss_button_click","message","красивая!","\N","\N","1","2026-03-26 18:30:26","\N"
"2828c034-f1fe-4f26-9807-8cfe87875bd7","e49600f9-686d-5ecb-8605-8ff883585c39","17c27920-af1e-4906-bacf-85cf9a9470d5","/marjork/","photo_click","file","quandry-06.jpg","\N","\N","1","2026-03-25 21:04:25","\N"
"2828c034-f1fe-4f26-9807-8cfe87875bd7","e49600f9-686d-5ecb-8605-8ff883585c39","17c27920-af1e-4906-bacf-85cf9a9470d5","/marjork/","photo_click","theme","art","\N","\N","1","2026-03-25 21:04:25","\N"
"2828c034-f1fe-4f26-9807-8cfe87875bd7","f25aa420-c2d4-5b8c-b10a-b9ab01019414","2791d631-cdea-4888-bad7-a6565a5a865b","/","kiss_button_click","message","красивая!","\N","\N","1","2026-04-26 04:39:25","\N"
"2828c034-f1fe-4f26-9807-8cfe87875bd7","ebb35ab8-4982-5d40-91d0-ee9f83d1355a","b991f511-c590-44bf-badb-38bd9b3fc8aa","/","photo_click","file","blindingportal.jpg","\N","\N","1","2026-04-05 00:32:38","\N"
"2828c034-f1fe-4f26-9807-8cfe87875bd7","ebb35ab8-4982-5d40-91d0-ee9f83d1355a","b991f511-c590-44bf-badb-38bd9b3fc8aa","/","photo_click","theme","glitch","\N","\N","1","2026-04-05 00:32:38","\N"
"2828c034-f1fe-4f26-9807-8cfe87875bd7","f55c8253-c6fb-5c5f-9d87-741699120d68","9b81b7b7-94f9-4840-bae2-f4e68e2f7d10","/","photo_click","file","quandry-04.jpg","\N","\N","1","2026-03-29 17:40:04","\N"
"2828c034-f1fe-4f26-9807-8cfe87875bd7","f55c8253-c6fb-5c5f-9d87-741699120d68","9b81b7b7-94f9-4840-bae2-f4e68e2f7d10","/","photo_click","theme","art","\N","\N","1","2026-03-29 17:40:04","\N"
"2828c034-f1fe-4f26-9807-8cfe87875bd7","f55c8253-c6fb-5c5f-9d87-741699120d68","ec6e66f1-679e-45b1-bae8-390b8efcb8e8","/","photo_click","file","quandry-02.jpg","\N","\N","1","2026-03-29 17:40:01","\N"
"2828c034-f1fe-4f26-9807-8cfe87875bd7","f55c8253-c6fb-5c5f-9d87-741699120d68","ec6e66f1-679e-45b1-bae8-390b8efcb8e8","/","photo_click","theme","art","\N","\N","1","2026-03-29 17:40:01","\N"
"2828c034-f1fe-4f26-9807-8cfe87875bd7","c367eed8-83a7-5473-be6b-a04a68b1f85b","29eafeab-fa43-46c8-baeb-8fc09c733ef3","/","theme_change","theme","art","\N","\N","1","2026-03-31 03:14:57","\N"
"2828c034-f1fe-4f26-9807-8cfe87875bd7","b18dae6c-cf08-54e0-9d94-26d680929abc","bde25078-1879-4b30-bb0f-7288c2bd2c3f","/","photo_click","file","gheist.jpg","\N","\N","1","2026-04-05 06:32:07","\N"
"2828c034-f1fe-4f26-9807-8cfe87875bd7","b18dae6c-cf08-54e0-9d94-26d680929abc","bde25078-1879-4b30-bb0f-7288c2bd2c3f","/","photo_click","theme","glitch","\N","\N","1","2026-04-05 06:32:07","\N"
"2828c034-f1fe-4f26-9807-8cfe87875bd7","b3cf28a3-b41b-5a41-a660-8fa2c402c33d","43aea88d-54c1-4188-bb2c-2347f79bbccb","/","kiss_button_click","message","Horse Balls!","\N","\N","1","2026-04-01 14:36:46","\N"
"2828c034-f1fe-4f26-9807-8cfe87875bd7","fd00b46b-4a43-57f7-b6cd-5ed59ead3b4d","d04f7444-e64a-40d7-bb2e-f008c41bff35","/","kiss_button_click","message","я тебя люблю!","\N","\N","1","2026-04-20 14:56:24","\N"
"2828c034-f1fe-4f26-9807-8cfe87875bd7","7a8b860b-7833-5e06-8572-9a7fae31e100","f8a90410-4793-47d5-bb38-5ae5bd015b3e","/","theme_change","theme","rain","\N","\N","1","2026-04-23 18:34:20","\N"
"2828c034-f1fe-4f26-9807-8cfe87875bd7","c8c65918-057e-54ec-a2fc-a3e8251ea550","e45ab9cc-3849-4d97-bb4e-ea95b0011594","/","theme_change","theme","art","\N","\N","1","2026-04-02 03:40:49","\N"
"2828c034-f1fe-4f26-9807-8cfe87875bd7","c8c805cb-6250-5b50-8f4f-94f4c9fc7789","29afc91e-4e95-45aa-bb55-88a1de15f35d","/","theme_change","theme","retro","\N","\N","1","2026-04-10 02:32:44","\N"
"2828c034-f1fe-4f26-9807-8cfe87875bd7","bb2aa133-1e29-5b6b-836b-0e755cc7a4de","3eac3a6b-8b60-4c16-bb5f-4574284d2ca9","/","kiss_button_click","message","я тебя люблю!","\N","\N","1","2026-04-14 18:50:31","\N"
"2828c034-f1fe-4f26-9807-8cfe87875bd7","90c4cd37-e4f7-5ec1-9135-6609eaba1e00","5f4f303d-c06a-4b66-bb65-726a9c239007","/","photo_click","file","DUDEHELLOCAMERON.jpg","\N","\N","1","2026-04-22 16:19:32","\N"
"2828c034-f1fe-4f26-9807-8cfe87875bd7","90c4cd37-e4f7-5ec1-9135-6609eaba1e00","5f4f303d-c06a-4b66-bb65-726a9c239007","/","photo_click","theme","art","\N","\N","1","2026-04-22 16:19:32","\N"
"2828c034-f1fe-4f26-9807-8cfe87875bd7","9883fd71-1911-5c3f-aa8c-dd7814cff2e1","fa81260e-4b4b-4b78-bb65-c10c19ad042e","/marjork/","kiss_button_click","message","красивая!","\N","\N","1","2026-03-25 21:02:44","\N"
"2828c034-f1fe-4f26-9807-8cfe87875bd7","e49600f9-686d-5ecb-8605-8ff883585c39","ca821956-5f55-4556-bb6e-754809d6d550","/marjork/","photo_click","file","quandry-09.jpg","\N","\N","1","2026-03-25 21:04:25","\N"
"2828c034-f1fe-4f26-9807-8cfe87875bd7","e49600f9-686d-5ecb-8605-8ff883585c39","ca821956-5f55-4556-bb6e-754809d6d550","/marjork/","photo_click","theme","art","\N","\N","1","2026-03-25 21:04:25","\N"
"2828c034-f1fe-4f26-9807-8cfe87875bd7","bdd1b7fa-3c9f-5a6f-81da-ac77d94565aa","b36e8ee6-48b6-4e3e-bb73-e4404f5ba96b","/","kiss_button_click","message","i love you!","\N","\N","1","2026-04-01 02:54:50","\N"
"2828c034-f1fe-4f26-9807-8cfe87875bd7","2df0a440-973d-5e43-9f8a-10bb3dcca900","75b34165-86ab-405f-bb7b-0fecdfc14262","/","theme_change","theme","retro","\N","\N","1","2026-03-30 23:50:16","\N"
"2828c034-f1fe-4f26-9807-8cfe87875bd7","e49600f9-686d-5ecb-8605-8ff883585c39","fc748772-e750-4c09-bb83-a978c53717c5","/marjork/","kiss_button_click","message","☀️ solnyshko ☀️","\N","\N","1","2026-03-25 21:03:53","\N"
"2828c034-f1fe-4f26-9807-8cfe87875bd7","b3cf28a3-b41b-5a41-a660-8fa2c402c33d","3839ecae-e730-42a1-bb84-b6e83279d4a4","/","kiss_button_click","message","☀️ solnyshko ☀️","\N","\N","1","2026-04-01 14:36:41","\N"
"2828c034-f1fe-4f26-9807-8cfe87875bd7","f3b0523d-2f36-5016-9f21-04bfbc85b825","f1f9a569-c517-4bcd-bb8f-cfdf35adb9af","/","spotify_goal_open","device","mobile","\N","\N","1","2026-04-18 06:38:26","\N"
"2828c034-f1fe-4f26-9807-8cfe87875bd7","246a559e-739a-5015-b87d-f7efd8232d47","622d69be-faaa-4c49-bbcc-731792b60887","/","photo_click","file","roll_03_(23).jpg","\N","\N","1","2026-04-06 01:59:05","\N"
"2828c034-f1fe-4f26-9807-8cfe87875bd7","246a559e-739a-5015-b87d-f7efd8232d47","622d69be-faaa-4c49-bbcc-731792b60887","/","photo_click","theme","retro","\N","\N","1","2026-04-06 01:59:05","\N"
"2828c034-f1fe-4f26-9807-8cfe87875bd7","9883fd71-1911-5c3f-aa8c-dd7814cff2e1","bdd254a5-6305-4c63-bbd0-00f077828e8f","/marjork/","kiss_button_click","message","i love you!","\N","\N","1","2026-03-25 21:02:31","\N"
"2828c034-f1fe-4f26-9807-8cfe87875bd7","adc0c2fb-aa5d-59b1-bed5-c29346e2a1b5","48cfe988-a5ce-4937-bbd4-f127cac9cff3","/","kiss_button_click","message","u get it","\N","\N","1","2026-04-13 16:32:55","\N"
"2828c034-f1fe-4f26-9807-8cfe87875bd7","5648a2d6-74ad-59fb-a1e0-ad02fca6b6a1","3c75484f-c60e-4290-bbd8-f974911947ca","/","spotify_goal_open","device","desktop","\N","\N","1","2026-04-07 12:25:35","\N"
"2828c034-f1fe-4f26-9807-8cfe87875bd7","1b7424bd-ed79-5703-9b0c-c41d38a38d94","d0651d44-bbe2-4adc-bbde-8984f5daf34d","/marjork/","site_loaded","device","mobile","\N","\N","1","2026-03-26 13:59:07","\N"
"2828c034-f1fe-4f26-9807-8cfe87875bd7","1b7424bd-ed79-5703-9b0c-c41d38a38d94","d0651d44-bbe2-4adc-bbde-8984f5daf34d","/marjork/","site_loaded","theme","retro","\N","\N","1","2026-03-26 13:59:07","\N"
"2828c034-f1fe-4f26-9807-8cfe87875bd7","6a2761dd-1040-5751-992a-f15dc82ad7e1","48417c92-9b0c-4e79-bbdf-b4e7f3fe3538","/","theme_change","theme","retro","\N","\N","1","2026-03-28 22:58:04","\N"
"2828c034-f1fe-4f26-9807-8cfe87875bd7","9883fd71-1911-5c3f-aa8c-dd7814cff2e1","7e2e75c1-714e-467f-bbe5-78e440627d10","/marjork/","kiss_button_click","message","☀️ solnyshko ☀️","\N","\N","1","2026-03-25 21:02:40","\N"
"2828c034-f1fe-4f26-9807-8cfe87875bd7","7a8b860b-7833-5e06-8572-9a7fae31e100","feccbb18-8768-4b60-bbfc-2e384781561e","/","theme_change","theme","glitch","\N","\N","1","2026-04-23 18:36:53","\N"
"2828c034-f1fe-4f26-9807-8cfe87875bd7","9883fd71-1911-5c3f-aa8c-dd7814cff2e1","4117c026-2aaf-47db-bc09-b3913c8c519e","/marjork/","kiss_button_click","message","i love you!","\N","\N","1","2026-03-25 21:02:39","\N"
"2828c034-f1fe-4f26-9807-8cfe87875bd7","9883fd71-1911-5c3f-aa8c-dd7814cff2e1","4a3cddbf-1fdf-47c2-bc0d-74ce98170e37","/marjork/","kiss_button_click","message","я тебя люблю!","\N","\N","1","2026-03-25 21:02:31","\N"
"2828c034-f1fe-4f26-9807-8cfe87875bd7","78eaf9fe-002e-51a4-9cf9-b3f20ee9335e","046c9226-464c-4661-bc22-b0c830bb2164","/","theme_change","theme","retro","\N","\N","1","2026-04-27 12:21:38","\N"
"2828c034-f1fe-4f26-9807-8cfe87875bd7","813e3d5e-c917-5fc2-b22f-e7e2f9986b3b","73669f91-814e-42e6-bc31-0803bd606765","/marjork/","theme_applied","theme","art","\N","\N","1","2026-03-26 14:18:20","\N"
"2828c034-f1fe-4f26-9807-8cfe87875bd7","85ea8f79-1315-5115-879b-56d993592575","55b33144-2fdf-47e0-bc31-8a27f47ff16e","/marjork/","site_loaded","device","mobile","\N","\N","1","2026-03-26 14:17:46","\N"
"2828c034-f1fe-4f26-9807-8cfe87875bd7","85ea8f79-1315-5115-879b-56d993592575","55b33144-2fdf-47e0-bc31-8a27f47ff16e","/marjork/","site_loaded","theme","art","\N","\N","1","2026-03-26 14:17:46","\N"
"2828c034-f1fe-4f26-9807-8cfe87875bd7","731862d2-90d4-544a-8c66-5d4a9183ed30","7d13c5e8-029f-4f05-bc47-5b3e90f81f74","/marjork/","kiss_button_click","message","☀️ solnyshko ☀️","\N","\N","1","2026-03-26 03:39:00","\N"
"2828c034-f1fe-4f26-9807-8cfe87875bd7","1f4f73f5-1e69-5dac-8668-9aeb7a113d54","3f6c83a6-07a2-4830-bc4a-2c912b9b32a0","/","theme_change","theme","retro","\N","\N","1","2026-04-16 06:23:00","\N"
"2828c034-f1fe-4f26-9807-8cfe87875bd7","b3cf28a3-b41b-5a41-a660-8fa2c402c33d","c74705bc-d203-4db6-bc52-63a12cf490ee","/","kiss_button_click","message","u get it","\N","\N","1","2026-04-01 14:36:40","\N"
"2828c034-f1fe-4f26-9807-8cfe87875bd7","6a2761dd-1040-5751-992a-f15dc82ad7e1","c3dcc721-da85-4e47-bc5f-291c15818811","/","theme_change","theme","rain","\N","\N","1","2026-03-28 22:57:53","\N"
"2828c034-f1fe-4f26-9807-8cfe87875bd7","b18dae6c-cf08-54e0-9d94-26d680929abc","48a28b85-500d-4977-bc75-4b71c82772fe","/","kiss_button_click","message","i love you!","\N","\N","1","2026-04-05 06:32:03","\N"
"2828c034-f1fe-4f26-9807-8cfe87875bd7","593340c2-85f0-57b3-ac23-156902da4722","664d60c3-4570-4485-bc7c-421dbbfaf9d2","/","theme_change","theme","retro","\N","\N","1","2026-04-14 22:18:36","\N"
"2828c034-f1fe-4f26-9807-8cfe87875bd7","54b0dbf9-3759-520f-b4d4-a08447c4d3d1","6a64845e-d7e1-460f-bc8f-6080714ff342","/","photo_click","file","branchesinthedark.jpg","\N","\N","1","2026-03-28 15:30:18","\N"
"2828c034-f1fe-4f26-9807-8cfe87875bd7","54b0dbf9-3759-520f-b4d4-a08447c4d3d1","6a64845e-d7e1-460f-bc8f-6080714ff342","/","photo_click","theme","space","\N","\N","1","2026-03-28 15:30:18","\N"
"2828c034-f1fe-4f26-9807-8cfe87875bd7","f650e13b-d9a5-5a8f-a757-137e7f4ac365","dcf48b47-e20d-46b0-bcae-680a541c087a","/","kiss_button_click","message","Horse Balls!","\N","\N","1","2026-04-19 01:18:23","\N"
"2828c034-f1fe-4f26-9807-8cfe87875bd7","f3b0523d-2f36-5016-9f21-04bfbc85b825","90450211-ec5b-4c97-bcce-871b9f88a723","/","kiss_button_click","message","я тебя люблю!","\N","\N","1","2026-04-18 06:38:19","\N"
"2828c034-f1fe-4f26-9807-8cfe87875bd7","e49600f9-686d-5ecb-8605-8ff883585c39","51309d8a-5cca-4ea4-bcd9-85885fee9fc8","/marjork/","photo_click","file","quandry-05.jpg","\N","\N","1","2026-03-25 21:04:17","\N"
"2828c034-f1fe-4f26-9807-8cfe87875bd7","e49600f9-686d-5ecb-8605-8ff883585c39","51309d8a-5cca-4ea4-bcd9-85885fee9fc8","/marjork/","photo_click","theme","retro","\N","\N","1","2026-03-25 21:04:17","\N"
"2828c034-f1fe-4f26-9807-8cfe87875bd7","db2c2215-0f94-59e8-9de4-2bbc6b7efc5a","cbbb6ce6-fc04-4972-bce5-d410a51e7de4","/","theme_change","theme","retro","\N","\N","1","2026-03-31 22:34:28","\N"
"2828c034-f1fe-4f26-9807-8cfe87875bd7","54b0dbf9-3759-520f-b4d4-a08447c4d3d1","10a1f6e8-c8ff-4a6b-bce6-9ac6b130cb60","/","kiss_button_click","message","я тебя люблю!","\N","\N","1","2026-03-28 15:30:43","\N"
"2828c034-f1fe-4f26-9807-8cfe87875bd7","e49600f9-686d-5ecb-8605-8ff883585c39","8958867f-227f-43d2-bd02-8a9d2bd20e12","/marjork/","kiss_button_click","message","я тебя люблю!","\N","\N","1","2026-03-25 21:04:05","\N"
"2828c034-f1fe-4f26-9807-8cfe87875bd7","c367eed8-83a7-5473-be6b-a04a68b1f85b","6ba59a47-0018-45a0-bd07-3212e2121b32","/","kiss_button_click","message","i love you!","\N","\N","1","2026-03-31 03:15:18","\N"
"2828c034-f1fe-4f26-9807-8cfe87875bd7","3e030920-d267-5e87-b488-aad1467f7a6b","f169fb1d-33cb-4be7-bd14-91402d5ee867","/marjork/","kiss_button_click","message","красивая!","\N","\N","1","2026-03-25 02:47:08","\N"
"2828c034-f1fe-4f26-9807-8cfe87875bd7","5ce95fb9-3d8c-584e-abbb-8203ab3a9401","18dc500d-4d95-4018-bd19-f93cec85a36f","/","theme_change","theme","retro","\N","\N","1","2026-04-27 19:56:01","\N"
"2828c034-f1fe-4f26-9807-8cfe87875bd7","64c86340-52ae-5ad4-a308-5635595f1ec0","e4cc72b1-932c-4b50-bd2a-afc7152b0b15","/","kiss_button_click","message","☀️ solnyshko ☀️","\N","\N","1","2026-03-27 15:03:43","\N"
"2828c034-f1fe-4f26-9807-8cfe87875bd7","f55c8253-c6fb-5c5f-9d87-741699120d68","7702c21b-98c3-40f0-bd36-d37d25f749b7","/","photo_click","file","quandry-03.jpg","\N","\N","1","2026-03-29 17:39:57","\N"
"2828c034-f1fe-4f26-9807-8cfe87875bd7","f55c8253-c6fb-5c5f-9d87-741699120d68","7702c21b-98c3-40f0-bd36-d37d25f749b7","/","photo_click","theme","retro","\N","\N","1","2026-03-29 17:39:57","\N"
"2828c034-f1fe-4f26-9807-8cfe87875bd7","ebb35ab8-4982-5d40-91d0-ee9f83d1355a","30555bc7-caeb-4000-bd39-3bc90ebd0580","/","photo_click","file","roll_03_(17).jpg","\N","\N","1","2026-04-05 00:32:41","\N"
"2828c034-f1fe-4f26-9807-8cfe87875bd7","ebb35ab8-4982-5d40-91d0-ee9f83d1355a","30555bc7-caeb-4000-bd39-3bc90ebd0580","/","photo_click","theme","retro","\N","\N","1","2026-04-05 00:32:41","\N"
"2828c034-f1fe-4f26-9807-8cfe87875bd7","f55c8253-c6fb-5c5f-9d87-741699120d68","feb06a5c-5953-497d-bd3b-5acb2e2200d0","/","kiss_button_click","message","i love you!","\N","\N","1","2026-03-29 17:40:05","\N"
"2828c034-f1fe-4f26-9807-8cfe87875bd7","1d98c125-7d6d-5c19-b4de-596ad35c6621","88a97ab4-ca2a-420e-bd51-a994086c403e","/","photo_click","file","roll_03_(15).jpg","\N","\N","1","2026-04-20 22:04:18","\N"
"2828c034-f1fe-4f26-9807-8cfe87875bd7","1d98c125-7d6d-5c19-b4de-596ad35c6621","88a97ab4-ca2a-420e-bd51-a994086c403e","/","photo_click","theme","retro","\N","\N","1","2026-04-20 22:04:18","\N"
"2828c034-f1fe-4f26-9807-8cfe87875bd7","f55c8253-c6fb-5c5f-9d87-741699120d68","5c40c4c4-53da-4f66-bd5d-b4ef56231886","/","photo_click","file","DUDEHELLOCAMERON.jpg","\N","\N","1","2026-03-29 17:39:55","\N"
"2828c034-f1fe-4f26-9807-8cfe87875bd7","f55c8253-c6fb-5c5f-9d87-741699120d68","5c40c4c4-53da-4f66-bd5d-b4ef56231886","/","photo_click","theme","retro","\N","\N","1","2026-03-29 17:39:55","\N"
"2828c034-f1fe-4f26-9807-8cfe87875bd7","4dc98cd8-cea8-504c-b0ec-09c78b4f0cd8","c75fad1d-9d37-4887-bd64-6fd1d5199119","/","theme_change","theme","space","\N","\N","1","2026-04-16 13:22:08","\N"
"2828c034-f1fe-4f26-9807-8cfe87875bd7","9701140d-7f36-5085-857f-78a05d60da97","48e351f1-1248-4ee4-bd66-9606cca7786c","/","theme_applied","theme","retro","\N","\N","1","2026-03-27 20:12:00","\N"
"2828c034-f1fe-4f26-9807-8cfe87875bd7","2aa69ec0-1c59-5c0e-a6ea-1f6b94da2ef0","9342a349-08b6-411f-bd68-5f2f6a8bc847","/","photo_click","file","quandry-01.jpg","\N","\N","1","2026-04-20 04:11:22","\N"
"2828c034-f1fe-4f26-9807-8cfe87875bd7","2aa69ec0-1c59-5c0e-a6ea-1f6b94da2ef0","9342a349-08b6-411f-bd68-5f2f6a8bc847","/","photo_click","theme","art","\N","\N","1","2026-04-20 04:11:22","\N"
"2828c034-f1fe-4f26-9807-8cfe87875bd7","731862d2-90d4-544a-8c66-5d4a9183ed30","a6f7dadf-4c8a-421d-bd6c-e148ef049f6f","/marjork/","site_loaded","device","mobile","\N","\N","1","2026-03-26 03:38:53","\N"
"2828c034-f1fe-4f26-9807-8cfe87875bd7","731862d2-90d4-544a-8c66-5d4a9183ed30","a6f7dadf-4c8a-421d-bd6c-e148ef049f6f","/marjork/","site_loaded","theme","art","\N","\N","1","2026-03-26 03:38:53","\N"
"2828c034-f1fe-4f26-9807-8cfe87875bd7","94527d57-831e-53e5-a2cb-7053686b6aad","604a54fe-7cf5-40dc-bd7b-bb0e893d9a70","/","spotify_goal_open","device","mobile","\N","\N","1","2026-04-07 14:32:35","\N"
"2828c034-f1fe-4f26-9807-8cfe87875bd7","c367eed8-83a7-5473-be6b-a04a68b1f85b","10726cf6-f35c-409e-bd84-0f9d51260f11","/","kiss_button_click","message","i love you!","\N","\N","1","2026-03-31 03:14:57","\N"
"2828c034-f1fe-4f26-9807-8cfe87875bd7","7a8b860b-7833-5e06-8572-9a7fae31e100","5d89c3d2-ce81-4a1b-bd84-aadce53b59f9","/","outbound_link_click","href","https://kritiquekapital.com","\N","\N","1","2026-04-23 18:34:20","\N"
"2828c034-f1fe-4f26-9807-8cfe87875bd7","7a8b860b-7833-5e06-8572-9a7fae31e100","5d89c3d2-ce81-4a1b-bd84-aadce53b59f9","/","outbound_link_click","label","substack-button","\N","\N","1","2026-04-23 18:34:20","\N"
"2828c034-f1fe-4f26-9807-8cfe87875bd7","2be4e797-0420-50aa-874c-653a5938445d","890e2b39-50b3-449f-bd89-01872ea69ce2","/","theme_change","theme","retro","\N","\N","1","2026-04-24 03:43:24","\N"
"2828c034-f1fe-4f26-9807-8cfe87875bd7","0b297f0b-ac33-5d97-a2af-72fe3c72dd9f","ad4da698-1de6-466a-bd91-5967d4bbd1f4","/","outbound_link_click","href","https://kritiquekapital.com","\N","\N","1","2026-04-20 18:39:12","\N"
"2828c034-f1fe-4f26-9807-8cfe87875bd7","0b297f0b-ac33-5d97-a2af-72fe3c72dd9f","ad4da698-1de6-466a-bd91-5967d4bbd1f4","/","outbound_link_click","label","substack-button","\N","\N","1","2026-04-20 18:39:12","\N"
"2828c034-f1fe-4f26-9807-8cfe87875bd7","73e57c9a-bedb-5ed8-bfcd-e56ab680ec52","09894e56-f3ea-4958-bd94-31319bc9b73f","/","outbound_link_click","href","https://kritiquekapital.com","\N","\N","1","2026-04-29 00:49:39","\N"
"2828c034-f1fe-4f26-9807-8cfe87875bd7","73e57c9a-bedb-5ed8-bfcd-e56ab680ec52","09894e56-f3ea-4958-bd94-31319bc9b73f","/","outbound_link_click","label","substack-button","\N","\N","1","2026-04-29 00:49:39","\N"
"2828c034-f1fe-4f26-9807-8cfe87875bd7","bde2252f-00fc-58df-9642-78a68cbb03b7","b1d36cc9-7d73-4892-bd9b-72db1561d605","/marjork/","kiss_button_click","message","красивая!","\N","\N","1","2026-03-26 18:29:01","\N"
"2828c034-f1fe-4f26-9807-8cfe87875bd7","3e030920-d267-5e87-b488-aad1467f7a6b","638edb0b-a51d-42e2-bd9d-726de38a4fd6","/marjork/","outbound_link_click","label","backlog-button","\N","\N","1","2026-03-25 02:47:11","\N"
"2828c034-f1fe-4f26-9807-8cfe87875bd7","3e030920-d267-5e87-b488-aad1467f7a6b","638edb0b-a51d-42e2-bd9d-726de38a4fd6","/marjork/","outbound_link_click","url","https://backloggd.com/u/majork/","\N","\N","1","2026-03-25 02:47:11","\N"
"2828c034-f1fe-4f26-9807-8cfe87875bd7","253aa391-feb0-5ad0-8599-5e13e3081db4","1b605705-f0f2-4fb1-bdd1-e96d0fecec72","/marjork/","outbound_link_click","url","https://kritiquekapital.github.io/marjork/?utm_source=ig&utm_medium=social&utm_content=link_in_bio&fbclid=PAZXh0bgNhZW0CMTEAc3J0YwZhcHBfaWQPMTI0MDI0NTc0Mjg3NDE0AAGnARIDFXQlQ3a1sXGGP5DoSp6o8eU7Lsv_4l4LPFikt3VLMyGf3i8Sf6JwDsw_aem_GF8-Z7NcbmgYojkVlylPBw#","\N","\N","1","2026-03-24 22:00:17","\N"
"2828c034-f1fe-4f26-9807-8cfe87875bd7","731862d2-90d4-544a-8c66-5d4a9183ed30","4994d2e6-f589-404c-bdd2-6890d74f61c4","/marjork/","photo_click","file","DUDEHELLOCAMERON.jpg","\N","\N","1","2026-03-26 03:39:08","\N"
"2828c034-f1fe-4f26-9807-8cfe87875bd7","731862d2-90d4-544a-8c66-5d4a9183ed30","4994d2e6-f589-404c-bdd2-6890d74f61c4","/marjork/","photo_click","theme","art","\N","\N","1","2026-03-26 03:39:08","\N"
"2828c034-f1fe-4f26-9807-8cfe87875bd7","ebb35ab8-4982-5d40-91d0-ee9f83d1355a","d79587b0-d5d0-4307-bdd5-f491c33159a9","/","photo_click","file","industry.jpg","\N","\N","1","2026-04-05 00:32:37","\N"
"2828c034-f1fe-4f26-9807-8cfe87875bd7","ebb35ab8-4982-5d40-91d0-ee9f83d1355a","d79587b0-d5d0-4307-bdd5-f491c33159a9","/","photo_click","theme","glitch","\N","\N","1","2026-04-05 00:32:37","\N"
"2828c034-f1fe-4f26-9807-8cfe87875bd7","27d4b6dc-de43-5b81-b415-42b313115a8f","b52b8956-9b67-4a26-bdf0-b18bf9406cd2","/","theme_change","theme","retro","\N","\N","1","2026-04-20 01:11:37","\N"
"2828c034-f1fe-4f26-9807-8cfe87875bd7","bdd1b7fa-3c9f-5a6f-81da-ac77d94565aa","e316fefd-1900-4f25-bdf9-2f4217977918","/","kiss_button_click","message","i love you!","\N","\N","1","2026-04-01 02:54:45","\N"
"2828c034-f1fe-4f26-9807-8cfe87875bd7","99c7f38f-e9cb-5db6-aa27-7bf634850975","94d09196-b89f-4f2c-bdfc-b415bcd3d4dd","/","kiss_button_click","message","u get it","\N","\N","1","2026-04-08 20:06:17","\N"
"2828c034-f1fe-4f26-9807-8cfe87875bd7","73e57c9a-bedb-5ed8-bfcd-e56ab680ec52","d06237da-cb6d-4cf7-be01-ed1a990fd007","/","theme_change","theme","retro","\N","\N","1","2026-04-29 00:49:37","\N"
"2828c034-f1fe-4f26-9807-8cfe87875bd7","f55c8253-c6fb-5c5f-9d87-741699120d68","e1d23711-3745-45d7-be0d-6db56f01aa60","/","photo_click","file","quandry-01.jpg","\N","\N","1","2026-03-29 17:39:55","\N"
"2828c034-f1fe-4f26-9807-8cfe87875bd7","f55c8253-c6fb-5c5f-9d87-741699120d68","e1d23711-3745-45d7-be0d-6db56f01aa60","/","photo_click","theme","retro","\N","\N","1","2026-03-29 17:39:55","\N"
"2828c034-f1fe-4f26-9807-8cfe87875bd7","848d4d3f-ac43-541d-8083-538637467fab","52a7323a-2521-4eb6-be18-6ef6543dddc5","/","theme_change","theme","retro","\N","\N","1","2026-04-25 11:21:41","\N"
"2828c034-f1fe-4f26-9807-8cfe87875bd7","b18dae6c-cf08-54e0-9d94-26d680929abc","106182b4-c323-48dc-be1c-add547c2a35f","/","theme_change","theme","retro","\N","\N","1","2026-04-05 06:31:49","\N"
"2828c034-f1fe-4f26-9807-8cfe87875bd7","54b0dbf9-3759-520f-b4d4-a08447c4d3d1","87bb7dbf-abd0-4b01-be23-3d9d01e3049d","/","kiss_button_click","message","красивая!","\N","\N","1","2026-03-28 15:30:31","\N"
"2828c034-f1fe-4f26-9807-8cfe87875bd7","adc0c2fb-aa5d-59b1-bed5-c29346e2a1b5","ba0c9e7a-9da5-4158-be5a-fbe83b37cf05","/","photo_click","file","industry.jpg","\N","\N","1","2026-04-13 16:32:52","\N"
"2828c034-f1fe-4f26-9807-8cfe87875bd7","adc0c2fb-aa5d-59b1-bed5-c29346e2a1b5","ba0c9e7a-9da5-4158-be5a-fbe83b37cf05","/","photo_click","theme","glitch","\N","\N","1","2026-04-13 16:32:52","\N"
"2828c034-f1fe-4f26-9807-8cfe87875bd7","9883fd71-1911-5c3f-aa8c-dd7814cff2e1","aaedb48e-3df2-4a0e-be62-06ab0c892fae","/marjork/","photo_click","file","DUDEHELLOCAMERON.jpg","\N","\N","1","2026-03-25 21:02:37","\N"
"2828c034-f1fe-4f26-9807-8cfe87875bd7","9883fd71-1911-5c3f-aa8c-dd7814cff2e1","aaedb48e-3df2-4a0e-be62-06ab0c892fae","/marjork/","photo_click","theme","retro","\N","\N","1","2026-03-25 21:02:37","\N"
"2828c034-f1fe-4f26-9807-8cfe87875bd7","ebb35ab8-4982-5d40-91d0-ee9f83d1355a","58665360-0fd0-405d-be64-9c92f9552d18","/","photo_click","file","roll_03_(21).jpg","\N","\N","1","2026-04-05 00:32:42","\N"
"2828c034-f1fe-4f26-9807-8cfe87875bd7","ebb35ab8-4982-5d40-91d0-ee9f83d1355a","58665360-0fd0-405d-be64-9c92f9552d18","/","photo_click","theme","retro","\N","\N","1","2026-04-05 00:32:42","\N"
"2828c034-f1fe-4f26-9807-8cfe87875bd7","813e3d5e-c917-5fc2-b22f-e7e2f9986b3b","1ebc99d1-6413-4821-be67-72a4587a3ed0","/marjork/","site_loaded","device","mobile","\N","\N","1","2026-03-26 20:38:25","\N"
"2828c034-f1fe-4f26-9807-8cfe87875bd7","813e3d5e-c917-5fc2-b22f-e7e2f9986b3b","1ebc99d1-6413-4821-be67-72a4587a3ed0","/marjork/","site_loaded","theme","art","\N","\N","1","2026-03-26 20:38:25","\N"
"2828c034-f1fe-4f26-9807-8cfe87875bd7","85ea8f79-1315-5115-879b-56d993592575","c2c1171b-ca93-42e9-be6a-c61d6a3773f9","/marjork/","kiss_button_sink","strokes","1.0000","1","\N","2","2026-03-26 18:29:23","\N"
"2828c034-f1fe-4f26-9807-8cfe87875bd7","6a2761dd-1040-5751-992a-f15dc82ad7e1","1e76dc48-406a-4da4-be72-54d5a544b8af","/","kiss_button_click","message","i love you!","\N","\N","1","2026-03-28 22:58:08","\N"
"2828c034-f1fe-4f26-9807-8cfe87875bd7","09612782-2686-5fc3-a1b3-42244a1ab1ae","cd79ad15-d17e-4de0-be72-73ac5c9ed11a","/","photo_click","file","crowdd.png","\N","\N","1","2026-04-02 17:47:47","\N"
"2828c034-f1fe-4f26-9807-8cfe87875bd7","09612782-2686-5fc3-a1b3-42244a1ab1ae","cd79ad15-d17e-4de0-be72-73ac5c9ed11a","/","photo_click","theme","rain","\N","\N","1","2026-04-02 17:47:47","\N"
"2828c034-f1fe-4f26-9807-8cfe87875bd7","4dc98cd8-cea8-504c-b0ec-09c78b4f0cd8","39e39bcc-e337-4e0d-be73-9df73b0c4e00","/","theme_change","theme","retro","\N","\N","1","2026-04-16 13:13:57","\N"
"2828c034-f1fe-4f26-9807-8cfe87875bd7","9883fd71-1911-5c3f-aa8c-dd7814cff2e1","836371c8-7aa1-4b95-be7c-9d44e1b3e962","/marjork/","kiss_button_click","message","☀️ solnyshko ☀️","\N","\N","1","2026-03-25 21:02:40","\N"
"2828c034-f1fe-4f26-9807-8cfe87875bd7","a08970ab-5769-567b-8a93-00d10362b0c2","3b85baca-98cd-4938-be87-8b5e01dc7959","/","outbound_link_click","href","https://backloggd.com/u/majork/","\N","\N","1","2026-04-21 04:23:51","\N"
"2828c034-f1fe-4f26-9807-8cfe87875bd7","a08970ab-5769-567b-8a93-00d10362b0c2","3b85baca-98cd-4938-be87-8b5e01dc7959","/","outbound_link_click","label","backlog-button","\N","\N","1","2026-04-21 04:23:51","\N"
"2828c034-f1fe-4f26-9807-8cfe87875bd7","bde2252f-00fc-58df-9642-78a68cbb03b7","72ee497e-e2b9-4354-be99-c5dccd35f430","/marjork/","theme_applied","theme","retro","\N","\N","1","2026-03-26 18:30:19","\N"
"2828c034-f1fe-4f26-9807-8cfe87875bd7","54b0dbf9-3759-520f-b4d4-a08447c4d3d1","6bf34d71-2c46-442f-be9a-9aeeda99b669","/","photo_click","file","PIKED.jpg","\N","\N","1","2026-03-28 15:30:23","\N"
"2828c034-f1fe-4f26-9807-8cfe87875bd7","54b0dbf9-3759-520f-b4d4-a08447c4d3d1","6bf34d71-2c46-442f-be9a-9aeeda99b669","/","photo_click","theme","space","\N","\N","1","2026-03-28 15:30:23","\N"
"2828c034-f1fe-4f26-9807-8cfe87875bd7","85ea8f79-1315-5115-879b-56d993592575","104741d2-00ef-4420-beb2-b144edb0a3dd","/marjork/","kiss_button_click","message","я тебя люблю!","\N","\N","1","2026-03-26 14:18:00","\N"
"2828c034-f1fe-4f26-9807-8cfe87875bd7","e49600f9-686d-5ecb-8605-8ff883585c39","e60a6b84-a3e2-4fbb-bec0-169cf0bacc71","/marjork/","photo_click","file","quandry-08.jpg","\N","\N","1","2026-03-25 21:04:19","\N"
"2828c034-f1fe-4f26-9807-8cfe87875bd7","e49600f9-686d-5ecb-8605-8ff883585c39","e60a6b84-a3e2-4fbb-bec0-169cf0bacc71","/marjork/","photo_click","theme","retro","\N","\N","1","2026-03-25 21:04:19","\N"
"2828c034-f1fe-4f26-9807-8cfe87875bd7","3e030920-d267-5e87-b488-aad1467f7a6b","60cf02ab-3742-45c9-bece-63cbaa9c203b","/marjork/","theme_applied","theme","retro","\N","\N","1","2026-03-25 02:47:05","\N"
"2828c034-f1fe-4f26-9807-8cfe87875bd7","adc0c2fb-aa5d-59b1-bed5-c29346e2a1b5","b24ccbc1-aa76-408c-becf-bf314e3575e5","/","theme_change","theme","glitch","\N","\N","1","2026-04-13 16:32:52","\N"
"2828c034-f1fe-4f26-9807-8cfe87875bd7","e49600f9-686d-5ecb-8605-8ff883585c39","3b6fecff-22cb-49a5-bed5-a15864f6465a","/marjork/","photo_click","file","quandry-07.jpg","\N","\N","1","2026-03-25 21:04:25","\N"
"2828c034-f1fe-4f26-9807-8cfe87875bd7","e49600f9-686d-5ecb-8605-8ff883585c39","3b6fecff-22cb-49a5-bed5-a15864f6465a","/marjork/","photo_click","theme","art","\N","\N","1","2026-03-25 21:04:25","\N"
"2828c034-f1fe-4f26-9807-8cfe87875bd7","69053fb6-90d2-5dc4-8296-2ebd43068145","c0b08062-97c3-4ecb-bef0-5913e9650751","/","kiss_button_click","message","☀️ solnyshko ☀️","\N","\N","1","2026-04-12 15:06:29","\N"
"2828c034-f1fe-4f26-9807-8cfe87875bd7","69053fb6-90d2-5dc4-8296-2ebd43068145","d7b976a9-c720-4677-befc-df626e12091d","/","kiss_button_click","message","Horse Balls!","\N","\N","1","2026-04-12 15:06:26","\N"
"2828c034-f1fe-4f26-9807-8cfe87875bd7","85ea8f79-1315-5115-879b-56d993592575","a6ab1fc3-e172-495f-bf0a-20a0d9c11801","/marjork/","kiss_button_click","message","i love you!","\N","\N","1","2026-03-26 18:29:25","\N"
"2828c034-f1fe-4f26-9807-8cfe87875bd7","e49600f9-686d-5ecb-8605-8ff883585c39","abc319ed-04dc-4c1b-bf0b-a42611bd1440","/marjork/","theme_applied","theme","art","\N","\N","1","2026-03-25 21:04:24","\N"
"2828c034-f1fe-4f26-9807-8cfe87875bd7","f3b0523d-2f36-5016-9f21-04bfbc85b825","67034477-1d8f-412b-bf0d-27ee7e596abe","/","kiss_button_click","message","я тебя люблю!","\N","\N","1","2026-04-18 06:38:22","\N"
"2828c034-f1fe-4f26-9807-8cfe87875bd7","f55c8253-c6fb-5c5f-9d87-741699120d68","dc2964be-a667-487f-bf25-30a9aebd4d29","/","kiss_button_click","message","☀️ solnyshko ☀️","\N","\N","1","2026-03-29 17:40:09","\N"
"2828c034-f1fe-4f26-9807-8cfe87875bd7","813e3d5e-c917-5fc2-b22f-e7e2f9986b3b","5b52e5b6-03a9-4c9f-bf29-4f82d0c2ed50","/marjork/","minesweeper_open","difficulty","easy","\N","\N","1","2026-03-26 20:38:28","\N"
"2828c034-f1fe-4f26-9807-8cfe87875bd7","e49600f9-686d-5ecb-8605-8ff883585c39","5ed832bb-3b26-45b0-bf2d-77eb2cdb4f49","/marjork/","photo_click","file","quandry-05.jpg","\N","\N","1","2026-03-25 21:04:26","\N"
"2828c034-f1fe-4f26-9807-8cfe87875bd7","e49600f9-686d-5ecb-8605-8ff883585c39","5ed832bb-3b26-45b0-bf2d-77eb2cdb4f49","/marjork/","photo_click","theme","art","\N","\N","1","2026-03-25 21:04:26","\N"
"2828c034-f1fe-4f26-9807-8cfe87875bd7","85ea8f79-1315-5115-879b-56d993592575","b2039f76-f45f-45e7-bf2d-b1ca8025c090","/marjork/","kiss_button_click","message","☀️ solnyshko ☀️","\N","\N","1","2026-03-26 14:17:54","\N"
"2828c034-f1fe-4f26-9807-8cfe87875bd7","0b297f0b-ac33-5d97-a2af-72fe3c72dd9f","81be85ba-0707-4903-bf32-e50868bf9ed6","/","theme_change","theme","rain","\N","\N","1","2026-04-20 18:39:04","\N"
"2828c034-f1fe-4f26-9807-8cfe87875bd7","2f2a7739-d4b7-50f1-ae63-5994dcbb21d8","2642afb8-8f72-454a-bf33-e3bb1d4185c4","/","theme_change","theme","art","\N","\N","1","2026-04-09 04:03:25","\N"
"2828c034-f1fe-4f26-9807-8cfe87875bd7","c367eed8-83a7-5473-be6b-a04a68b1f85b","7a1e9364-86bf-42d4-bf34-844954924dd2","/","kiss_button_click","message","красивая!","\N","\N","1","2026-03-31 03:15:04","\N"
"2828c034-f1fe-4f26-9807-8cfe87875bd7","54b0dbf9-3759-520f-b4d4-a08447c4d3d1","739aab78-7530-4d63-bf47-53428922ffe1","/","kiss_button_click","message","☀️ solnyshko ☀️","\N","\N","1","2026-03-28 15:30:35","\N"
"2828c034-f1fe-4f26-9807-8cfe87875bd7","4dc98cd8-cea8-504c-b0ec-09c78b4f0cd8","73c57934-7f10-41b4-bf48-9b306168e80b","/","spotify_goal_open","device","mobile","\N","\N","1","2026-04-16 13:21:40","\N"
"2828c034-f1fe-4f26-9807-8cfe87875bd7","ebb35ab8-4982-5d40-91d0-ee9f83d1355a","f596194d-7bed-4663-bf58-7864bfcfa40e","/","kiss_button_click","message","красивая!","\N","\N","1","2026-04-05 00:32:03","\N"
"2828c034-f1fe-4f26-9807-8cfe87875bd7","0890b3f2-ecd0-555a-b71a-14dc53287067","9da8b617-e946-4d2a-bf6a-5d0916998cc1","/","photo_click","file","roll_03_(12).jpg","\N","\N","1","2026-04-18 16:29:53","\N"
"2828c034-f1fe-4f26-9807-8cfe87875bd7","0890b3f2-ecd0-555a-b71a-14dc53287067","9da8b617-e946-4d2a-bf6a-5d0916998cc1","/","photo_click","theme","retro","\N","\N","1","2026-04-18 16:29:53","\N"
"2828c034-f1fe-4f26-9807-8cfe87875bd7","b9b06b0f-3bda-5cd4-b24c-4d2a171b4a57","4006bc9e-92ad-4430-bf78-5b18342ca088","/","site_loaded","device","desktop","\N","\N","1","2026-03-27 14:51:23","\N"
"2828c034-f1fe-4f26-9807-8cfe87875bd7","b9b06b0f-3bda-5cd4-b24c-4d2a171b4a57","4006bc9e-92ad-4430-bf78-5b18342ca088","/","site_loaded","theme","retro","\N","\N","1","2026-03-27 14:51:23","\N"
"2828c034-f1fe-4f26-9807-8cfe87875bd7","f55c8253-c6fb-5c5f-9d87-741699120d68","8f1b1911-0112-4e0f-bf88-a504f333c27d","/","photo_click","file","quandry-07.jpg","\N","\N","1","2026-03-29 17:39:59","\N"
"2828c034-f1fe-4f26-9807-8cfe87875bd7","f55c8253-c6fb-5c5f-9d87-741699120d68","8f1b1911-0112-4e0f-bf88-a504f333c27d","/","photo_click","theme","art","\N","\N","1","2026-03-29 17:39:59","\N"
"2828c034-f1fe-4f26-9807-8cfe87875bd7","f55c8253-c6fb-5c5f-9d87-741699120d68","f51a3e9b-cee8-49d1-bf94-bc1e7bab4964","/","photo_click","file","branchesinthedark.jpg","\N","\N","1","2026-03-29 17:39:52","\N"
"2828c034-f1fe-4f26-9807-8cfe87875bd7","f55c8253-c6fb-5c5f-9d87-741699120d68","f51a3e9b-cee8-49d1-bf94-bc1e7bab4964","/","photo_click","theme","space","\N","\N","1","2026-03-29 17:39:52","\N"
"2828c034-f1fe-4f26-9807-8cfe87875bd7","e49600f9-686d-5ecb-8605-8ff883585c39","43acc730-e254-4a23-bfa0-c412db9b9962","/marjork/","kiss_button_click","message","☀️ solnyshko ☀️","\N","\N","1","2026-03-25 21:04:09","\N"
"2828c034-f1fe-4f26-9807-8cfe87875bd7","ebb35ab8-4982-5d40-91d0-ee9f83d1355a","7f4fd137-e96b-48a1-bfa6-4849f3ccf682","/","photo_click","file","roll_03_(24).jpg","\N","\N","1","2026-04-05 00:32:21","\N"
"2828c034-f1fe-4f26-9807-8cfe87875bd7","ebb35ab8-4982-5d40-91d0-ee9f83d1355a","7f4fd137-e96b-48a1-bfa6-4849f3ccf682","/","photo_click","theme","retro","\N","\N","1","2026-04-05 00:32:21","\N"
"2828c034-f1fe-4f26-9807-8cfe87875bd7","2aa69ec0-1c59-5c0e-a6ea-1f6b94da2ef0","837688ec-a9e2-4a2e-bfbe-96e36f2b55f2","/","photo_click","file","roll_03_(11).jpg","\N","\N","1","2026-04-20 04:11:18","\N"
"2828c034-f1fe-4f26-9807-8cfe87875bd7","2aa69ec0-1c59-5c0e-a6ea-1f6b94da2ef0","837688ec-a9e2-4a2e-bfbe-96e36f2b55f2","/","photo_click","theme","retro","\N","\N","1","2026-04-20 04:11:18","\N"
"2828c034-f1fe-4f26-9807-8cfe87875bd7","99c7f38f-e9cb-5db6-aa27-7bf634850975","5cb77245-7d01-441f-bfc7-95691a9ba23d","/","kiss_button_click","message","u get it","\N","\N","1","2026-04-08 20:06:18","\N"
"2828c034-f1fe-4f26-9807-8cfe87875bd7","f55c8253-c6fb-5c5f-9d87-741699120d68","9bb54aa5-3bf1-4b5f-bfd0-04e8014be16f","/","theme_change","theme","art","\N","\N","1","2026-03-29 17:39:44","\N"
